listing_id,area_sqm,rooms,price_cold,lv95_east,lv95_north,population
1,34,2.0,850,2687446.25,1248599.0,44.0
2,108,4.0,1990,2642156.0,1130267.625,107.0
3,81,2.0,2200,2534980.0,1153490.0,252.0
4,97,4.0,1520,2597233.25,1226600.375,184.0
5,23,1.0,1396,2532786.25,1155625.25,129.0
6,76,3.0,1400,2583429.75,1231621.0,48.0
7,60,2.0,1660,2665647.25,1212229.25,92.0
8,98,4.0,1680,2595577.75,1199793.0,208.0
9,23,1.0,850,2665175.25,1209052.625,125.0
11,65,3.0,1420,2599571.5,1198029.375,146.0
12,58,2.0,1530,2701910.5,1242039.375,43.0
13,46,2.0,1400,2679532.0,1247224.5,123.0
15,60,3.0,1080,2746303.5,1255896.375,76.0
16,108,4.0,1870,2694236.25,1253427.0,129.0
17,20,1.0,750,2658798.5,1251069.625,26.0
18,46,2.0,1450,2665415.0,1211822.0,41.0
19,115,4.0,2650,2561008.25,1204518.0,74.0
20,24,1.0,1000,2539631.0,1153659.25,122.0
21,77,3.0,2360,2663742.75,1199294.625,56.0
22,93,3.0,1550,2562405.5,1122598.125,232.0
23,18,1.0,570,2738568.5,1250317.5,57.0
24,86,3.0,1690,2704721.0,1113308.875,74.0
25,30,1.0,808,2695327.0,1229688.0,5.0
26,32,1.0,830,2610310.25,1265989.75,64.0
27,75,2.0,1808,2700002.5,1262261.0,198.0
28,70,3.0,1975,2601463.0,1199697.375,196.0
29,47,1.0,1455,2688235.25,1250199.75,108.0
30,29,1.0,620,2691353.0,1283753.625,97.0
31,88,4.0,1680,2696299.75,1260931.375,266.0
32,81,3.0,1250,2689750.75,1284135.625,90.0
33,120,4.0,1900,2684678.75,1247844.0,26.0
34,59,2.0,858,2612745.25,1266942.875,101.0
35,35,2.0,1290,2664798.5,1211870.0,42.0
36,56,2.0,1050,2583429.75,1231621.0,48.0
37,15,1.0,850,2683424.5,1251711.75,
38,81,3.0,1269,2720225.5,1230408.125,121.0
39,47,2.0,1160,2581482.0,1188126.125,40.0
40,70,3.0,1400,2737985.75,1249604.375,9.0
41,150,5.0,1200,2678743.75,1248984.875,193.0
43,73,4.0,1620,2672198.5,1251349.0,169.0
44,90,4.0,1390,2731500.5,1253043.125,24.0
45,80,3.0,990,2747357.25,1255933.0,188.0
46,126,4.0,1340,2612745.25,1266942.875,101.0
47,62,3.0,1100,2579584.0,1184660.75,44.0
49,113,4.0,1330,2744734.0,1253995.75,75.0
50,87,3.0,1690,2665020.5,1211866.0,100.0
51,47,2.0,1320,2611722.25,1268380.75,370.0
52,49,2.0,960,2611923.0,1268233.25,246.0
53,68,3.0,1100,2585736.5,1220193.75,212.0
54,61,2.0,1800,2687169.5,1251162.625,85.0
55,80,3.0,1590,2687254.75,1234730.875,125.0
56,20,1.0,850,2682830.25,1249533.25,60.0
57,25,1.0,850,2599134.5,1198880.875,180.0
58,83,2.0,1150,2585415.5,1221247.625,196.0
59,121,6.0,3780,2499957.0,1118414.25,
60,92,4.0,1735,2592956.25,1246128.5,13.0
62,37,1.0,900,2666121.75,1239147.625,54.0
63,65,3.0,1380,2742762.5,1272173.25,61.0
64,120,4.0,1340,2745544.5,1253628.125,114.0
65,90,4.0,1890,2607029.5,1272113.875,
66,20,1.0,950,2676096.75,1214901.625,106.0
67,85,4.0,1630,2595387.0,1209296.0,6.0
68,87,3.0,1500,2625591.75,1199197.125,62.0
69,60,2.0,1707,2675372.25,1250064.375,116.0
70,61,2.0,950,2587565.5,1221311.125,91.0
71,75,5.0,2380,2489338.75,1113864.75,13.0
72,69,3.0,1720,2535181.25,1153156.0,163.0
73,65,3.0,1730,2686282.0,1251383.125,137.0
74,260,5.0,7700,2498352.75,1118165.25,118.0
75,23,1.0,1300,2723572.0,1121439.875,
76,131,5.0,1371,2612745.25,1266942.875,101.0
77,80,3.0,1158,2675573.0,1250031.0,230.0
78,94,2.0,3500,2666608.75,1212327.125,97.0
79,85,3.0,1050,2717463.25,1096542.5,60.0
80,45,2.0,1100,2612656.5,1263783.125,103.0
81,43,1.0,1050,2578394.5,1182784.125,137.0
82,55,2.0,1130,2663905.5,1211853.25,146.0
83,82,4.0,1270,2726428.25,1269671.625,197.0
84,35,1.0,1390,2680284.5,1247428.125,163.0
85,48,2.0,670,2695819.25,1233879.25,90.0
86,75,3.0,1715,2686907.0,1245746.375,100.0
87,72,2.0,1442,2674582.25,1248410.75,102.0
88,117,4.0,2090,2724831.75,1239543.375,
89,76,3.0,1330,2748312.25,1256343.25,110.0
90,70,3.0,1100,2596584.75,1193551.75,
91,68,4.0,1450,2655742.25,1249027.625,70.0
92,18,1.0,1100,2700395.75,1229123.75,
93,58,3.0,1070,2588130.5,1222193.125,147.0
94,30,1.0,1060,2611881.5,1268100.875,212.0
95,56,3.0,1100,2682987.25,1263607.125,81.0
96,55,2.0,1040,2690816.5,1285674.875,97.0
97,40,2.0,1100,2597811.5,1199762.875,115.0
98,43,2.0,1250,2666051.25,1210912.875,279.0
99,110,2.0,2650,2696377.5,1261503.125,
100,44,2.0,1850,2659759.25,1232969.625,35.0
101,95,3.0,1610,2627014.0,1241069.0,89.0
102,100,4.0,1850,2641570.5,1129109.75,112.0
103,56,2.0,1069,2586194.0,1220676.375,338.0
104,87,3.0,1715,2646499.5,1257889.875,69.0
105,71,3.0,1420,2601573.75,1201235.375,100.0
106,52,2.0,1000,2738750.25,1253061.125,31.0
107,80,3.0,2874,2601476.25,1200112.25,16.0
108,95,4.0,1850,2682562.75,1244113.625,41.0
109,76,4.0,1735,2712989.0,1270752.375,73.0
110,43,2.0,995,2744540.5,1253971.125,200.0
111,65,2.0,1200,2604570.5,1259671.875,104.0
112,54,2.0,879,2746823.25,1254909.0,87.0
113,61,2.0,1410,2671843.0,1251218.0,181.0
114,55,2.0,1715,2681165.75,1249516.75,
115,58,3.0,1300,2613688.5,1265963.125,173.0
116,50,2.0,1520,2706240.25,1254679.0,59.0
117,54,2.0,1100,2577504.75,1183444.625,174.0
120,31,1.0,695,2566533.0,1118874.75,90.0
121,89,3.0,1240,2572862.0,1252063.875,25.0
122,63,2.0,1700,2675021.75,1209639.625,84.0
124,26,1.0,690,2585859.0,1220145.375,131.0
125,90,3.0,1820,2530715.5,1175013.0,124.0
126,47,2.0,1640,2541681.75,1152232.0,123.0
127,20,1.0,850,2682765.0,1249508.0,165.0
128,49,1.0,1050,2690128.0,1284467.0,97.0
129,100,3.0,1720,2612413.75,1220143.75,64.0
130,24,1.0,1000,2539631.0,1153659.25,122.0
131,99,4.0,1610,2738138.5,1253625.125,140.0
132,45,2.0,750,2586017.5,1220308.75,133.0
134,65,2.0,1020,2603309.0,1202717.375,104.0
135,57,2.0,1680,2665273.25,1211599.125,87.0
136,63,3.0,930,2586968.75,1222682.625,70.0
137,105,3.0,3152,2516989.5,1148449.625,3.0
138,91,4.0,1350,2586161.0,1221100.75,54.0
139,140,5.0,4330,2498810.25,1117912.875,190.0
140,20,2.0,1470,2501388.0,1117477.0,108.0
141,52,2.0,1434,2697116.5,1244335.625,61.0
142,81,3.0,1400,2689826.5,1255178.0,134.0
144,126,4.0,2390,2578509.25,1183837.5,185.0
145,76,2.0,2065,2694326.0,1262393.0,90.0
146,55,2.0,1200,2609606.25,1197550.5,76.0
147,75,4.0,1480,2608808.25,1263147.5,30.0
148,57,2.0,1240,2615321.75,1221577.375,7.0
149,65,2.0,1495,2548706.75,1160893.5,98.0
150,112,4.0,1850,2616129.25,1240185.625,28.0
151,30,1.0,660,2746052.75,1254729.5,89.0
152,76,3.0,1770,2519410.5,1149995.625,148.0
153,29,2.0,1350,2498547.5,1117806.25,476.0
154,30,1.0,1200,2678688.25,1249280.625,286.0
155,62,3.0,1180,2604899.5,1207596.5,39.0
156,50,2.0,1000,2681569.75,1247078.5,303.0
157,100,4.0,300,2690300.75,1283502.125,44.0
158,72,3.0,1990,2665918.75,1209352.25,493.0
159,21,1.0,1045,2665435.75,1211521.0,11.0
160,86,4.0,1710,2590004.0,1193680.875,119.0
161,98,3.0,1515,2690858.75,1263721.0,105.0
163,80,3.0,1450,2745186.5,1253400.375,103.0
164,20,1.0,650,2579632.0,1184249.0,92.0
165,49,2.0,1200,2578262.25,1181535.25,66.0
166,85,3.0,1680,2690971.75,1209004.625,93.0
167,65,3.0,1170,2654826.75,1251794.125,104.0
168,160,6.0,3490,2699778.25,1262609.25,97.0
169,61,2.0,1240,2615321.75,1221577.375,7.0
170,92,4.0,1440,2691945.5,1286518.875,29.0
171,74,2.0,1444,2682505.0,1243074.75,7.0
172,79,2.0,1310,2666410.5,1210635.125,107.0
173,53,2.0,1550,2679589.25,1247105.5,165.0
174,60,3.0,760,2739901.25,1250384.0,101.0
175,32,1.0,523,2747215.0,1254915.875,174.0
177,66,2.0,1675,2703512.0,1243362.75,88.0
178,51,2.0,1320,2600201.5,1198836.75,3.0
179,47,2.0,1000,2662923.0,1251486.25,32.0
181,120,3.0,1275,2612029.75,1266307.25,39.0
183,32,1.0,1020,2646854.5,1250018.875,166.0
184,64,3.0,1390,2698890.5,1261040.5,96.0
185,22,1.0,970,2746015.75,1254661.75,116.0
186,50,2.0,1000,2690459.0,1283426.0,92.0
187,43,2.0,1242,2673690.0,1250200.125,37.0
188,82,3.0,1650,2710051.75,1268665.375,56.0
189,30,1.0,860,2601355.75,1200819.75,203.0
190,23,1.0,800,2683017.5,1247618.75,3.0
191,35,1.0,1251,2681153.5,1248526.125,231.0
192,35,1.0,1037,2685687.0,1250975.5,62.0
193,33,1.0,967,2682526.25,1247545.125,109.0
194,92,3.0,1250,2612745.25,1266942.875,101.0
195,31,1.0,729,2596468.75,1199211.25,27.0
196,36,2.0,750,2747458.5,1255188.375,92.0
197,60,3.0,1380,2758758.5,1192114.75,108.0
198,50,2.0,1130,2685080.75,1254430.0,132.0
199,18,1.0,800,2600255.5,1201663.0,81.0
200,17,1.0,820,2602781.75,1198999.625,19.0
201,114,3.0,2500,2664030.0,1213515.0,111.0
202,75,3.0,1370,2690086.25,1284132.25,23.0
203,23,1.0,535,2609480.5,1267868.25,219.0
204,79,3.0,1400,2646658.25,1247818.125,82.0
205,111,4.0,2000,2654814.75,1251865.875,62.0
206,65,3.0,1940,2681738.0,1246769.625,349.0
207,17,1.0,850,2696339.25,1262185.5,87.0
208,32,1.0,1150,2683471.5,1251486.0,51.0
209,71,3.0,1330,2613661.5,1266428.625,197.0
210,55,2.0,1350,2663905.5,1211853.25,146.0
211,42,2.0,1195,2532132.0,1155226.875,105.0
212,66,2.0,1715,2526737.5,1151709.125,117.0
213,90,3.0,1270,2747330.25,1255073.0,218.0
214,33,1.0,1120,2718528.0,1096430.125,212.0
215,27,1.0,691,2577365.5,1184471.25,120.0
216,60,3.0,960,2590603.25,1221057.0,23.0
217,69,4.0,990,2624932.5,1239765.875,102.0
218,40,1.0,770,2745781.0,1252426.75,26.0
219,80,1.0,1550,2683108.75,1249216.75,97.0
220,41,1.0,1360,2699778.25,1262609.25,97.0
221,30,1.0,660,2753292.5,1173944.5,98.0
222,34,1.0,970,2637217.25,1239069.875,133.0
223,54,2.0,895,2585368.25,1219498.625,166.0
224,48,2.0,1530,2665415.0,1211822.0,41.0
225,20,2.0,1470,2501388.0,1117477.0,108.0
227,74,3.0,1124,2612851.25,1265187.0,35.0
228,35,1.0,800,2585414.75,1220417.75,215.0
229,110,4.0,1850,2722673.5,1280498.0,31.0
230,95,3.0,1900,2537997.25,1153886.0,167.0
231,68,4.0,1150,2747847.75,1255336.625,181.0
232,64,3.0,1478,2585567.0,1220309.875,205.0
233,16,1.0,760,2578291.25,1182671.625,91.0
234,41,1.0,1180,2699850.75,1262577.625,166.0
235,75,3.0,2800,2601260.25,1128415.125,24.0
236,68,3.0,1630,2690919.75,1209218.625,101.0
237,150,5.0,1200,2678743.75,1248984.875,193.0
238,62,3.0,1150,2747610.75,1255325.25,211.0
239,90,4.0,1340,2687336.5,1281547.625,87.0
241,90,3.0,1500,2654923.75,1251987.25,91.0
242,78,3.0,1760,2759270.5,1191543.5,67.0
243,73,3.0,1130,2723201.75,1212158.375,43.0
244,80,2.0,1650,2599601.25,1250212.875,26.0
245,120,5.0,1510,2587295.5,1222287.75,26.0
246,41,1.0,1140,2610311.5,1266009.375,80.0
247,42,1.0,755,2723944.5,1077191.375,98.0
248,56,3.0,2480,2499078.5,1118658.875,428.0
249,14,1.0,1086,2499065.0,1117420.5,384.0
250,43,1.0,1150,2612331.25,1262484.375,69.0
251,60,3.0,1740,2682313.5,1263314.0,160.0
252,61,3.0,1900,2501870.25,1117392.625,390.0
253,82,2.0,2050,2542060.25,1150448.75,117.0
254,36,1.0,1560,2684272.75,1246442.625,162.0
255,69,3.0,1650,2600092.25,1198449.625,154.0
256,150,4.0,1900,2557220.25,1203090.75,107.0
258,71,3.0,1507,2745512.0,1253123.625,39.0
259,70,3.0,1520,2672473.5,1250530.0,145.0
260,16,1.0,985,2664253.25,1213834.5,149.0
261,41,1.0,960,2610311.5,1266009.375,80.0
262,45,2.0,1100,2716433.5,1078830.5,110.0
263,60,2.0,1500,2698851.75,1260918.625,126.0
264,50,2.0,1545,2538329.75,1152377.25,23.0
265,78,3.0,1661,2690988.5,1247128.5,105.0
267,60,2.0,900,2601498.5,1128422.75,50.0
268,68,2.0,2057,2665709.75,1211448.5,65.0
269,47,1.0,1760,2610814.75,1268288.25,303.0
270,89,3.0,2200,2695942.5,1261378.125,3.0
271,85,3.0,810,2577212.5,1227042.625,54.0
272,46,1.0,1750,2678452.0,1248905.125,153.0
273,102,3.0,1305,2595965.75,1217447.125,17.0
274,87,4.0,2900,2500158.5,1115448.5,208.0
275,94,3.0,1988,2696874.25,1262157.875,84.0
276,59,3.0,1550,2654975.75,1248841.625,39.0
277,35,2.0,1400,2538383.25,1152509.375,110.0
278,78,4.0,1305,2638104.5,1237751.75,55.0
279,52,1.0,1000,2609798.75,1265966.125,73.0
280,30,1.0,1180,2678729.75,1249276.125,179.0
281,30,1.0,690,2585571.75,1219528.875,64.0
282,15,1.0,850,2666445.75,1257901.25,112.0
283,137,4.0,2600,2731270.5,1253329.625,46.0
284,58,2.0,1245,2562810.75,1130042.125,161.0
285,85,3.0,1700,2651630.0,1239058.875,68.0
286,15,1.0,880,2612711.0,1263908.125,34.0
287,60,3.0,1120,2658612.0,1260206.125,42.0
288,90,4.0,1485,2741194.5,1253356.625,107.0
289,89,3.0,1700,2759267.75,1190738.875,209.0
290,40,1.0,1175,2707360.0,1115100.25,39.0
291,36,2.0,1320,2499534.5,1116339.125,261.0
292,22,1.0,1130,2500211.25,1116108.75,183.0
293,70,3.0,970,2593185.75,1245412.5,82.0
294,60,3.0,1500,2725584.0,1269263.0,37.0
295,57,3.0,1660,2665415.0,1211822.0,41.0
296,100,4.0,1640,2689570.0,1253284.0,86.0
297,62,3.0,930,2551869.75,1215820.125,74.0
298,110,3.0,1800,2724592.25,1239782.125,49.0
299,72,3.0,870,2592203.0,1246189.5,37.0
300,58,2.0,1755,2699789.0,1262234.875,262.0
302,70,2.0,1535,2680227.75,1250814.5,103.0
303,40,2.0,1850,2501567.75,1117077.625,448.0
304,120,3.0,1480,2725748.25,1239221.625,24.0
305,17,1.0,1500,2682752.5,1246436.875,134.0
307,47,1.0,950,2611461.5,1265843.125,313.0
308,45,2.0,845,2750342.5,1264815.375,88.0
309,94,4.0,1050,2610388.5,1224094.0,52.0
310,57,2.0,1050,2766635.5,1252634.75,57.0
311,130,4.0,4050,2500805.75,1116405.625,289.0
312,70,3.0,1415,2608584.75,1267131.5,128.0
313,67,3.0,2136,2498352.75,1118165.25,118.0
314,27,1.0,950,2611388.5,1265986.375,127.0
315,128,1.0,1550,2681252.75,1248988.0,153.0
316,81,3.0,1397,2710889.0,1269196.875,24.0
317,70,2.0,1795,2539778.25,1151773.25,195.0
318,54,2.0,2395,2689005.25,1250102.0,45.0
319,45,1.0,800,2584991.5,1219165.25,76.0
320,69,4.0,1063,2742029.0,1220920.25,73.0
321,91,3.0,2170,2662667.25,1211160.625,357.0
323,64,3.0,1160,2690316.25,1284362.0,145.0
324,39,2.0,1098,2578453.0,1183886.0,85.0
326,41,2.0,1266,2537162.75,1152533.625,192.0
327,103,2.0,1720,2615784.75,1264145.0,7.0
328,86,2.0,3500,2498050.25,1119270.625,24.0
329,25,1.0,1150,2541813.5,1155693.625,21.0
330,184,3.0,3000,2602355.75,1128047.875,24.0
331,102,4.0,1800,2642198.75,1129142.625,140.0
332,21,1.0,890,2609930.25,1265918.0,142.0
333,60,3.0,966,2585365.0,1219480.875,166.0
334,73,3.0,1800,2599479.0,1198525.125,124.0
335,68,3.0,1210,2633138.0,1239206.25,83.0
336,73,3.0,1750,2536347.0,1154683.625,104.0
337,47,2.0,695,2553083.25,1216460.0,140.0
338,77,4.0,1395,2553805.75,1218066.0,167.0
339,82,4.0,1578,2627626.5,1267416.875,153.0
340,75,3.0,1300,2690457.75,1283468.0,92.0
341,71,3.0,1505,2611365.25,1268158.625,259.0
342,77,2.0,1850,2536133.25,1152789.5,62.0
343,65,2.0,2298,2678743.75,1248984.875,193.0
345,70,3.0,1090,2746801.0,1255477.25,20.0
346,27,1.0,990,2746366.25,1254946.125,53.0
347,30,1.0,990,2745828.25,1253856.375,148.0
348,78,3.0,1360,2604160.75,1200688.625,84.0
349,24,1.0,760,2577622.75,1182926.125,68.0
350,60,2.0,1531,2699693.0,1240283.25,78.0
351,66,3.0,1650,2520380.0,1174375.0,5.0
352,37,1.0,780,2585368.25,1219498.625,166.0
353,47,2.0,1370,2539813.0,1151757.875,120.0
354,85,3.0,1030,2576528.25,1232409.75,3.0
356,100,3.0,1805,2635379.25,1241081.5,156.0
357,111,4.0,2430,2605934.25,1229089.25,31.0
358,27,1.0,990,2747209.0,1254646.5,55.0
359,80,3.0,970,2725469.25,1270203.375,61.0
360,41,1.0,710,2751734.5,1212663.875,104.0
361,69,2.0,960,2642095.25,1245615.75,85.0
362,34,1.0,990,2746477.5,1255114.375,4.0
363,70,3.0,1450,2636490.75,1240504.625,69.0
364,61,1.0,800,2592847.25,1119521.5,128.0
365,50,1.0,1910,2684937.0,1246204.0,119.0
366,82,3.0,1700,2615185.5,1180647.25,121.0
367,38,1.0,790,2738926.25,1249460.25,74.0
368,89,3.0,3600,2685160.25,1236438.25,
369,75,3.0,1250,2628343.25,1259607.875,
370,113,5.0,1895,2602258.0,1195825.75,144.0
371,113,4.0,1965,2612219.0,1176889.375,108.0
372,46,2.0,1370,2613534.0,1266806.75,263.0
373,88,4.0,1100,2748430.25,1263632.0,96.0
374,61,3.0,2100,2503835.0,1116721.5,46.0
375,47,2.0,1360,2562768.75,1129566.75,164.0
376,85,4.0,1100,2611146.75,1226345.375,36.0
377,95,3.0,1250,2721900.25,1123959.25,44.0
378,59,2.0,1450,2570417.5,1173320.125,47.0
379,51,3.0,1045,2494859.75,1120906.5,235.0
380,47,2.0,1950,2681569.75,1247078.5,303.0
381,60,3.0,1350,2602320.75,1199186.25,132.0
382,40,1.0,850,2610212.0,1267862.625,222.0
383,95,3.0,1700,2686074.75,1242294.75,60.0
384,38,1.0,790,2738953.25,1249485.875,74.0
385,94,4.0,1950,2595528.25,1199891.375,181.0
386,101,4.0,2500,2677860.25,1249228.5,89.0
387,110,3.0,2290,2614705.5,1178575.25,73.0
388,72,3.0,1020,2626648.0,1226070.0,19.0
389,87,4.0,1500,2636490.75,1240504.625,69.0
390,25,1.0,1100,2681785.25,1246550.125,238.0
391,40,2.0,795,2555537.25,1188189.875,50.0
392,67,3.0,2136,2497815.75,1118611.375,70.0
393,67,3.0,1390,2710363.0,1268836.625,62.0
394,100,3.0,1950,2719037.0,1096512.125,29.0
395,80,2.0,2690,2507273.0,1137663.25,310.0
396,89,3.0,1940,2666887.75,1240382.375,36.0
397,120,4.0,2580,2538870.0,1188767.75,6.0
398,52,2.0,1100,2607029.5,1272113.875,
399,30,1.0,790,2541927.5,1181381.5,4.0
400,42,2.0,1395,2532158.5,1155293.625,105.0
401,80,3.0,1680,2603883.5,1127434.375,15.0
402,59,2.0,760,2748953.0,1263592.25,101.0
403,35,1.0,800,2747064.75,1256076.375,38.0
404,90,5.0,2760,2501881.0,1126525.75,315.0
405,34,1.0,1107,2682617.0,1243455.125,180.0
406,72,3.0,2005,2693981.5,1256788.625,4.0
407,71,3.0,914,2595161.25,1225536.75,59.0
408,33,1.0,820,2613069.5,1269067.125,155.0
409,72,4.0,1330,2620861.75,1261530.5,101.0
410,60,3.0,1010,2596133.0,1230303.25,
411,70,3.0,1090,2747816.0,1257525.125,85.0
412,43,2.0,1610,2536471.75,1152372.75,57.0
414,60,2.0,1830,2686889.75,1250934.75,121.0
415,94,4.0,1380,2610503.75,1224126.625,159.0
416,49,2.0,1077,2568684.25,1183765.125,32.0
417,50,2.0,1030,2609764.75,1268798.25,280.0
418,98,4.0,2100,2693746.25,1263357.125,168.0
419,80,3.0,1892,2613945.75,1264431.25,125.0
420,119,4.0,3500,2603446.0,1128898.125,42.0
421,63,2.0,1200,2562253.5,1123153.25,128.0
422,77,3.0,1053,2538182.0,1153229.375,137.0
423,85,4.0,670,2593976.25,1236228.0,94.0
424,51,2.0,1200,2754497.0,1225788.125,57.0
425,52,2.0,950,2560263.25,1204600.0,158.0
426,75,3.0,1100,2721826.25,1078735.125,90.0
427,33,1.0,940,2745935.25,1270091.375,168.0
428,64,3.0,1500,2613525.5,1267095.625,141.0
429,63,3.0,1350,2663892.25,1259875.375,92.0
430,79,3.0,1585,2671978.25,1251215.125,166.0
431,39,1.0,981,2604431.5,1200978.875,143.0
432,47,2.0,1480,2539813.0,1151757.875,120.0
433,65,2.0,1380,2730190.0,1271670.0,4.0
434,51,2.0,1290,2608575.5,1266415.375,148.0
435,80,3.0,2450,2525390.0,1151369.5,14.0
436,40,2.0,1950,2501595.5,1117090.625,448.0
437,66,3.0,1440,2615321.75,1221577.375,7.0
438,85,3.0,1840,2565577.5,1163779.625,3.0
439,72,3.0,1180,2621671.75,1260670.875,136.0
440,45,2.0,1400,2729866.0,1278180.5,16.0
441,80,2.0,1415,2614466.0,1178840.5,97.0
442,95,3.0,2090,2605973.0,1255296.25,13.0
443,47,2.0,1480,2539813.0,1151757.875,120.0
444,66,3.0,1220,2621660.25,1260795.75,112.0
445,33,1.0,1105,2538222.5,1153152.125,122.0
446,50,2.0,1820,2697098.0,1261794.75,91.0
448,71,3.0,1940,2686267.75,1257655.875,129.0
450,97,3.0,1590,2747422.0,1258575.625,86.0
451,45,2.0,1005,2642999.0,1130653.375,145.0
452,94,5.0,1820,2623829.5,1208802.75,37.0
453,100,4.0,1700,2716790.0,1095188.0,6.0
454,73,3.0,1330,2689746.5,1284054.75,50.0
455,86,4.0,1330,2747362.5,1256234.375,180.0
456,65,2.0,1395,2628889.25,1239349.75,36.0
457,84,3.0,1450,2613423.75,1175717.5,161.0
458,84,3.0,1680,2646261.25,1251676.5,28.0
459,82,3.0,1490,2608954.75,1267313.125,142.0
460,120,4.0,1990,2692249.75,1287191.375,
461,78,3.0,1250,2578247.0,1182807.875,198.0
462,70,3.0,1400,2550971.0,1168869.125,208.0
463,62,2.0,2100,2680681.25,1262392.375,25.0
464,50,2.0,1000,2594598.25,1225857.875,95.0
465,55,2.0,1620,2672568.75,1250065.125,103.0
466,53,3.0,1450,2531002.0,1175026.0,29.0
467,27,2.0,1150,2746550.5,1254429.0,157.0
468,72,3.0,1200,2627802.0,1255898.375,17.0
469,65,3.0,1695,2697160.0,1244192.75,95.0
470,58,3.0,1110,2631231.75,1237447.375,3.0
472,85,3.0,2030,2689183.0,1253557.0,108.0
473,82,2.0,1750,2525382.25,1151285.125,3.0
474,45,1.0,1660,2687608.25,1235123.25,58.0
475,67,2.0,1250,2716971.0,1079021.875,41.0
476,35,1.0,1190,2746013.5,1254236.0,70.0
477,65,2.0,1250,2585486.5,1221310.25,114.0
478,69,2.0,1345,2598852.0,1199260.75,119.0
479,74,2.0,800,2602988.25,1128855.75,50.0
480,55,2.0,1190,2720154.75,1263479.625,21.0
481,30,1.0,775,2537623.0,1154610.625,254.0
482,130,5.0,2580,2683779.75,1251125.125,180.0
483,96,3.0,1640,2722673.5,1280498.0,31.0
484,30,1.0,1160,2596530.75,1199617.5,143.0
485,39,1.0,1250,2538772.5,1152605.5,
486,78,4.0,1850,2535376.5,1153865.875,128.0
487,43,2.0,1010,2604400.0,1197973.125,50.0
488,70,3.0,1090,2619823.5,1228675.5,12.0
489,41,2.0,1380,2555640.5,1145470.25,88.0
490,58,2.0,2930,2681646.5,1246519.5,214.0
491,87,4.0,1225,2622060.0,1196893.25,46.0
492,40,1.0,1080,2562036.75,1205482.0,90.0
493,121,4.0,2170,2604431.5,1200978.875,143.0
494,73,3.0,1200,2611693.0,1270476.25,238.0
495,58,2.0,1350,2510720.25,1141490.0,42.0
496,33,1.0,960,2611771.0,1265959.0,131.0
497,55,2.0,1600,2560975.0,1143303.375,3.0
498,105,3.0,3250,2544564.5,1149398.125,34.0
499,103,4.0,2040,2627622.75,1264611.625,59.0
500,82,2.0,2300,2542066.0,1150437.875,117.0
502,30,1.0,690,2567067.0,1122319.375,72.0
503,68,2.0,1400,2662546.25,1251827.625,117.0
504,62,3.0,1380,2669407.25,1253180.5,171.0
506,80,3.0,1490,2598354.5,1199475.0,140.0
507,72,5.0,2100,2497370.5,1118391.125,219.0
508,74,3.0,1380,2747205.0,1258496.375,134.0
509,67,2.0,1110,2616070.25,1240557.125,52.0
510,54,2.0,870,2723797.25,1076969.75,18.0
511,61,3.0,1070,2566816.0,1222609.375,102.0
512,90,4.0,1750,2585783.0,1175766.375,17.0
513,130,5.0,2680,2686337.75,1255276.5,
514,90,4.0,1950,2607029.5,1272113.875,
515,72,3.0,1300,2600754.25,1205358.875,76.0
517,33,1.0,1290,2664870.5,1211758.75,164.0
518,30,1.0,815,2609023.25,1268135.25,227.0
519,88,4.0,1750,2657329.25,1235459.125,11.0
521,73,3.0,1750,2536294.5,1154596.0,126.0
523,90,3.0,1780,2626610.0,1229824.375,68.0
524,63,2.0,1336,2668514.0,1254551.75,3.0
526,49,2.0,1060,2611310.0,1268525.5,323.0
527,28,1.0,695,2635319.0,1245332.625,63.0
528,68,3.0,880,2631084.5,1226709.5,149.0
529,88,3.0,1850,2724636.25,1240842.375,101.0
530,130,5.0,1980,2595970.0,1199485.375,50.0
531,54,2.0,1590,2707260.5,1235237.0,20.0
532,78,3.0,1100,2594257.25,1120972.5,120.0
534,82,2.0,1700,2654814.75,1251865.875,62.0
535,74,4.0,1130,2624532.75,1228058.625,28.0
536,74,3.0,1598,2682450.75,1244427.625,148.0
537,85,3.0,1260,2573921.25,1161462.875,84.0
538,150,5.0,3183,2702105.75,1242524.625,76.0
539,86,3.0,1320,2623092.75,1258188.75,114.0
540,27,1.0,790,2578476.75,1183874.5,85.0
542,90,4.0,950,2738657.0,1267656.5,63.0
543,76,3.0,1500,2671978.25,1251215.125,166.0
544,85,3.0,1260,2573921.25,1161462.875,84.0
545,104,5.0,2860,2612377.5,1268150.875,
546,87,3.0,1350,2576349.5,1191152.625,62.0
547,35,1.0,1390,2704727.25,1231462.875,20.0
548,75,3.0,1995,2686878.25,1245712.5,73.0
549,60,2.0,1150,2561034.75,1205112.5,67.0
550,100,4.0,1680,2649357.75,1246057.625,60.0
551,87,3.0,1550,2612481.5,1181869.0,68.0
552,72,2.0,1460,2730153.75,1270493.0,5.0
553,71,3.0,1010,2688100.0,1282134.125,124.0
554,53,2.0,1060,2736101.0,1262139.75,98.0
555,76,3.0,1450,2686502.75,1236637.0,18.0
556,40,1.0,850,2610197.0,1267747.875,288.0
557,115,3.0,2325,2612029.75,1266307.25,39.0
558,90,4.0,1200,2597336.5,1226932.875,78.0
559,69,3.0,1220,2627839.0,1256988.75,63.0
560,85,4.0,1077,2584638.0,1218389.875,34.0
561,65,2.0,1390,2726698.25,1258212.125,
562,70,3.0,1999,2682412.25,1247312.75,
563,81,3.0,1385,2633965.25,1127445.625,156.0
564,82,3.0,1500,2559241.0,1143054.375,151.0
565,56,2.0,1235,2682383.0,1242194.875,
566,51,3.0,1325,2494859.75,1120906.5,235.0
567,90,3.0,1750,2716641.75,1095247.625,113.0
568,70,3.0,1250,2554934.0,1187965.375,73.0
569,65,3.0,1060,2590798.75,1193611.125,134.0
570,60,2.0,1386,2611692.25,1267665.25,175.0
571,89,3.0,1480,2622649.75,1259600.75,12.0
572,80,3.0,1730,2598852.0,1199260.75,119.0
573,75,3.0,1250,2628598.25,1261131.0,4.0
574,55,2.0,1460,2600892.5,1207628.875,83.0
575,78,3.0,1450,2607029.5,1272113.875,
576,36,1.0,1095,2611788.5,1258841.25,97.0
577,55,2.0,970,2608850.25,1226068.375,82.0
578,59,2.0,1160,2727831.25,1236026.125,19.0
579,99,5.0,3300,2682562.75,1244113.625,41.0
580,80,3.0,1690,2701010.5,1234561.5,159.0
581,68,2.0,1250,2746351.0,1258805.5,31.0
582,140,4.0,2080,2633100.25,1127742.25,19.0
583,78,2.0,1100,2594240.75,1120851.5,101.0
584,56,2.0,1370,2618353.25,1263284.0,165.0
585,49,2.0,1490,2610954.0,1267720.5,
586,70,2.0,1150,2718742.75,1086995.625,
587,78,2.0,1723,2615740.0,1269305.875,61.0
588,97,3.0,1290,2651627.0,1239021.25,68.0
589,102,4.0,2038,2685611.75,1255305.25,50.0
590,43,1.0,1150,2612331.25,1262484.375,69.0
591,63,3.0,1665,2528638.0,1162068.5,48.0
592,89,3.0,1490,2622649.75,1259600.75,12.0
593,33,1.0,950,2555738.0,1145780.625,36.0
594,56,2.0,1580,2538010.25,1151947.875,208.0
595,30,1.0,989,2747578.75,1255191.5,28.0
596,57,2.0,1500,2665306.0,1211664.0,445.0
597,50,2.0,1000,2594598.25,1225857.875,95.0
598,28,1.0,830,2635360.25,1244318.375,45.0
599,62,3.0,1120,2587076.75,1222635.5,81.0
601,180,3.0,2350,2614096.5,1197230.75,40.0
602,86,3.0,1780,2662593.0,1211150.5,81.0
603,123,4.0,1293,2607087.25,1228524.125,44.0
605,48,2.0,1320,2758596.5,1191773.0,63.0
606,78,3.0,1920,2613654.5,1177610.875,64.0
607,80,4.0,1500,2664543.75,1220171.875,9.0
608,40,2.0,650,2761739.0,1251797.375,89.0
609,50,2.0,1180,2610534.0,1266508.875,176.0
610,66,2.0,1620,2730190.0,1271670.0,4.0
611,88,3.0,1650,2674624.75,1248603.25,81.0
612,42,1.0,1770,2669220.0,1253688.0,93.0
613,36,1.0,860,2756190.0,1260427.25,50.0
614,80,4.0,1190,2754719.5,1260443.375,147.0
618,90,3.0,1250,2564795.0,1118033.125,17.0
619,80,4.0,950,2566906.25,1222937.25,60.0
620,85,3.0,1410,2738970.5,1249757.875,45.0
621,90,4.0,1820,2702399.0,1241121.625,63.0
622,36,1.0,1000,2611788.5,1258841.25,97.0
624,75,4.0,2000,2500257.75,1119197.125,342.0
625,55,3.0,1460,2598756.5,1200208.125,
626,71,3.0,1940,2686267.75,1257655.875,129.0
627,115,4.0,2740,2672989.5,1251474.75,187.0
629,87,4.0,1140,2690986.0,1285777.0,103.0
630,39,2.0,1200,2604383.5,1207377.5,
632,87,4.0,1300,2615189.5,1210809.5,33.0
633,52,2.0,1100,2611699.75,1268586.75,166.0
635,65,2.0,1560,2676166.75,1260150.625,124.0
636,100,3.0,1430,2555392.0,1207507.5,34.0
637,128,5.0,2100,2604000.25,1201761.25,
638,77,4.0,1423,2627925.25,1221315.875,5.0
639,61,2.0,1220,2671896.5,1251211.125,181.0
641,67,3.0,2136,2497815.75,1118611.375,70.0
642,105,3.0,800,2716790.0,1095188.0,6.0
643,54,2.0,895,2585368.25,1219498.625,166.0
644,106,4.0,2590,2601672.75,1205144.125,17.0
645,23,1.0,1090,2758601.0,1191265.25,33.0
646,64,2.0,1270,2739023.0,1249330.625,197.0
647,50,2.0,900,2707230.25,1109435.0,
648,24,1.0,760,2577622.75,1182926.125,68.0
649,91,3.0,1350,2599049.0,1228022.5,47.0
650,57,2.0,1090,2744756.75,1254060.5,76.0
651,65,3.0,1687,2689146.5,1250684.0,114.0
652,65,3.0,1195,2596378.25,1192856.5,123.0
653,57,3.0,850,2566788.75,1222507.0,108.0
654,150,4.0,4200,2515710.0,1145935.0,
655,77,3.0,1820,2686126.0,1242275.625,42.0
656,98,3.0,1410,2634974.5,1241071.875,130.0
657,72,3.0,1550,2698787.25,1262719.875,70.0
658,95,3.0,1700,2598292.0,1122494.375,51.0
659,101,4.0,1198,2609484.75,1227981.0,85.0
660,65,3.0,1420,2599540.25,1197892.25,53.0
661,50,2.0,1230,2716295.25,1096446.625,172.0
662,89,3.0,1380,2615823.5,1233638.375,67.0
663,64,3.0,1560,2613525.5,1267095.625,141.0
664,72,3.0,2075,2682425.25,1243151.75,113.0
665,26,1.0,800,2535380.25,1153667.125,107.0
666,105,4.0,1750,2705974.75,1232377.375,82.0
667,45,1.0,1650,2501524.75,1116692.75,149.0
668,45,2.0,2800,2684935.5,1246358.875,139.0
669,16,1.0,750,2601463.0,1199697.375,196.0
670,70,3.0,1489,2688771.0,1230116.0,24.0
671,63,3.0,1560,2666953.0,1257537.375,175.0
672,77,4.0,2400,2498319.5,1116961.625,186.0
673,73,3.0,855,2595491.0,1226064.625,55.0
674,113,4.0,2280,2730188.0,1279365.0,56.0
675,27,1.0,710,2642177.25,1247369.125,48.0
676,64,2.0,1340,2571165.75,1164130.75,75.0
677,60,3.0,1240,2749303.75,1263973.125,61.0
678,59,3.0,1250,2748658.75,1255700.5,175.0
679,46,2.0,1735,2537731.25,1153130.875,156.0
680,85,4.0,1610,2761083.75,1244119.75,4.0
682,40,3.0,1100,2760773.25,1189216.625,4.0
683,16,1.0,950,2665709.75,1211448.5,65.0
684,69,2.0,1300,2563736.5,1206157.75,134.0
685,80,3.0,1150,2604393.5,1251775.625,27.0
686,84,3.0,1170,2559923.5,1170858.125,62.0
687,44,1.0,1330,2682951.0,1241012.625,49.0
688,110,5.0,2190,2698855.0,1267730.875,50.0
689,25,1.0,910,2742764.0,1252505.625,67.0
690,52,2.0,1890,2669058.5,1212491.375,17.0
691,74,3.0,1300,2606841.25,1125984.375,16.0
692,87,3.0,1970,2697953.5,1244389.375,106.0
693,38,1.0,1125,2716481.75,1096399.875,137.0
694,81,3.0,1800,2615113.75,1269355.125,91.0
695,78,4.0,1240,2613916.0,1179458.0,127.0
696,71,3.0,1550,2613661.5,1266428.625,197.0
697,101,4.0,1916,2664404.25,1253955.75,52.0
698,85,3.0,1350,2641334.5,1264953.75,11.0
699,59,2.0,1295,2624883.75,1258267.0,138.0
700,62,2.0,2250,2680681.25,1262392.375,25.0
701,46,2.0,930,2600797.75,1207770.75,72.0
702,65,2.0,1150,2722953.0,1217637.625,54.0
703,100,3.0,1930,2612379.5,1268735.75,133.0
704,21,1.0,980,2609725.5,1265997.875,73.0
705,20,2.0,1255,2501764.75,1117564.625,200.0
706,65,3.0,600,2552424.25,1216021.75,129.0
707,63,2.0,1407,2663149.0,1244624.25,121.0
708,78,4.0,1300,2584925.0,1194306.75,26.0
709,46,2.0,1756,2697628.25,1262133.0,92.0
710,63,3.0,750,2593809.5,1245883.0,
711,30,2.0,1360,2497332.0,1115672.75,25.0
712,97,4.0,1650,2616735.25,1268963.5,23.0
713,34,1.0,960,2570986.0,1126736.0,13.0
714,70,3.0,1090,2746801.0,1255477.25,20.0
715,76,3.0,1520,2614803.75,1129560.375,34.0
716,72,3.0,1120,2663155.25,1252445.875,62.0
717,88,3.0,1960,2674624.75,1248603.25,81.0
718,53,2.0,1300,2755362.75,1221258.125,68.0
719,110,4.0,2700,2601969.0,1128501.625,59.0
720,152,4.0,2900,2596527.75,1119479.75,6.0
721,62,2.0,1400,2593637.5,1119874.625,165.0
722,55,2.0,650,2548106.5,1212410.375,57.0
723,78,3.0,1550,2644088.0,1242041.125,37.0
724,87,3.0,1690,2665020.5,1211866.0,100.0
725,53,2.0,710,2574679.25,1161707.5,15.0
726,22,1.0,900,2652167.25,1248532.0,47.0
727,84,3.0,2310,2746103.25,1254120.125,117.0
728,54,2.0,1500,2682969.75,1264434.0,166.0
729,59,2.0,1300,2608565.25,1267117.625,128.0
730,115,4.0,1560,2596882.25,1227938.375,106.0
731,78,3.0,1550,2589497.0,1209998.25,30.0
732,61,2.0,1470,2656586.0,1240815.625,87.0
733,50,1.0,1730,2509700.25,1142126.375,78.0
734,47,2.0,1600,2667226.5,1209755.375,67.0
735,50,2.0,1500,2583785.25,1116550.375,20.0
736,54,2.0,1350,2656619.75,1240868.0,41.0
738,52,2.0,540,2547806.0,1211418.25,4.0
739,87,4.0,1670,2609302.0,1267387.375,88.0
740,60,2.0,780,2720680.0,1114377.0,
741,107,4.0,2200,2608019.5,1200352.125,64.0
742,57,2.0,890,2724405.75,1243732.875,102.0
743,39,1.0,1050,2578394.5,1182784.125,137.0
744,65,3.0,2700,2684350.5,1245504.0,174.0
745,81,4.0,1821,2555788.75,1201445.375,81.0
746,81,4.0,2890,2681995.5,1240636.5,71.0
747,101,4.0,1730,2569190.75,1173954.0,79.0
748,65,2.0,2000,2676354.0,1259972.375,24.0
749,82,3.0,2960,2610712.5,1266179.75,136.0
751,120,4.0,2990,2687587.75,1234773.875,38.0
752,90,4.0,1800,2613731.0,1267431.0,124.0
753,42,1.0,755,2723944.5,1077191.375,98.0
754,47,1.0,780,2730716.75,1122090.125,29.0
755,72,3.0,1600,2723700.25,1119381.375,66.0
756,75,3.0,1350,2747814.5,1255278.875,134.0
757,61,3.0,1093,2601613.75,1224778.5,28.0
758,57,2.0,1830,2665999.0,1210959.5,290.0
759,31,1.0,1787,2680831.75,1245216.625,129.0
760,62,3.0,1000,2609918.75,1263425.75,96.0
761,117,4.0,1795,2587259.25,1210258.25,71.0
762,56,2.0,1350,2603637.5,1229161.875,39.0
763,51,2.0,1400,2705987.75,1232019.25,65.0
764,83,3.0,1630,2729606.25,1279344.5,214.0
765,75,2.0,1550,2585967.0,1220477.375,33.0
767,60,3.0,880,2754165.75,1260358.0,76.0
769,67,3.0,1914,2683912.5,1249389.75,77.0
770,70,2.0,1370,2655626.75,1239987.0,12.0
771,64,2.0,1270,2738980.25,1249358.625,59.0
772,70,3.0,1480,2648539.75,1246742.5,
773,93,3.0,1950,2705083.5,1233048.125,93.0
774,70,3.0,2071,2679033.75,1248772.625,143.0
775,86,3.0,2040,2565660.25,1163749.75,9.0
776,44,1.0,702,2611624.75,1238405.5,29.0
777,95,3.0,1670,2702072.0,1256070.25,90.0
778,91,3.0,1520,2607071.0,1126537.25,182.0
779,73,4.0,1300,2612251.25,1220264.625,42.0
780,97,4.0,1860,2614712.25,1212489.75,133.0
781,38,2.0,1070,2657264.5,1234884.0,27.0
782,30,1.0,1000,2609930.25,1265918.0,142.0
783,43,1.0,990,2653320.0,1247525.625,
784,61,2.0,800,2592702.75,1119548.0,176.0
785,58,2.0,2500,2684068.0,1248222.75,135.0
786,40,2.0,1175,2613830.75,1212174.5,16.0
787,22,1.0,800,2753917.0,1188605.625,24.0
788,27,1.0,690,2642177.25,1247369.125,48.0
789,68,3.0,1090,2750248.25,1264300.0,52.0
790,107,4.0,2150,2661303.25,1240322.25,38.0
791,79,3.0,890,2553785.25,1217635.125,108.0
792,77,3.0,1200,2571267.0,1181483.375,72.0
793,43,2.0,1250,2665814.25,1211301.125,48.0
794,59,2.0,1331,2753282.0,1261999.0,9.0
795,58,2.0,1115,2665669.25,1211428.125,82.0
796,45,2.0,830,2634843.25,1245638.125,131.0
797,59,2.0,1470,2535380.25,1153667.125,107.0
798,100,3.0,1750,2612792.0,1197653.125,
799,47,2.0,1100,2611497.25,1268753.375,248.0
800,83,2.0,1920,2729386.0,1219850.0,
801,56,2.0,1120,2587402.0,1221690.375,48.0
802,60,2.0,2000,2716790.0,1095188.0,6.0
804,72,3.0,1560,2613731.0,1267431.0,124.0
805,38,2.0,1050,2638480.75,1237538.25,112.0
806,62,3.0,2680,2500523.75,1117645.125,92.0
807,40,1.0,630,2599321.5,1227406.125,37.0
808,120,4.0,1500,2755006.75,1260370.0,64.0
809,64,2.0,1300,2752476.25,1260606.5,107.0
810,64,3.0,1320,2749120.0,1244185.375,37.0
811,50,3.0,2200,2498628.25,1119853.5,40.0
812,28,2.0,1020,2613830.75,1212174.5,16.0
813,93,3.0,1300,2619881.75,1226281.375,65.0
814,27,1.0,900,2555214.25,1145219.625,185.0
815,74,4.0,1080,2609085.0,1228345.625,49.0
816,81,3.0,1690,2634028.75,1127471.5,113.0
817,109,4.0,1525,2618462.0,1163127.125,20.0
818,84,3.0,1700,2613423.75,1175717.5,161.0
819,101,3.0,1480,2758598.25,1239847.875,13.0
820,62,2.0,1540,2622602.75,1259676.5,12.0
821,120,4.0,6500,2498352.75,1118165.25,118.0
823,30,1.0,1250,2610463.25,1267918.375,220.0
824,22,1.0,900,2717235.0,1096774.25,162.0
825,78,3.0,1250,2578339.75,1182819.0,277.0
826,64,3.0,1050,2609918.75,1263425.75,96.0
827,65,3.0,1600,2527982.25,1152275.75,146.0
828,28,2.0,1250,2499463.5,1117473.625,321.0
829,53,2.0,1106,2608893.75,1226253.625,98.0
830,85,3.0,1510,2749101.75,1255513.25,146.0
831,81,3.0,1970,2602079.75,1199538.125,44.0
832,65,2.0,1100,2603309.0,1202717.375,104.0
833,45,1.0,1330,2600500.5,1200665.75,188.0
834,103,3.0,1150,2710394.5,1095518.125,55.0
835,87,3.0,1410,2656709.25,1232890.25,39.0
836,60,3.0,1330,2555292.5,1136990.0,20.0
838,77,4.0,2400,2498328.5,1116986.5,186.0
839,70,2.0,1700,2605599.75,1261996.25,
840,36,2.0,1020,2745321.0,1253139.375,54.0
841,88,2.0,1370,2762123.0,1259596.625,149.0
843,130,4.0,1500,2623920.5,1128646.125,
844,82,4.0,2280,2539481.0,1154285.875,146.0
845,34,1.0,1074,2533694.0,1155965.0,427.0
846,81,3.0,1397,2710889.0,1269196.875,24.0
847,145,5.0,3850,2495775.0,1114973.875,5.0
848,70,3.0,800,2614267.5,1211889.25,81.0
849,90,3.0,850,2721778.5,1078591.25,101.0
850,16,,940,2783315.0,1187169.875,28.0
852,25,1.0,1185,2536930.25,1153251.875,350.0
853,120,5.0,4000,2499122.75,1118009.375,449.0
854,76,2.0,1450,2657937.0,1259708.875,175.0
855,75,3.0,1050,2586001.75,1221858.0,46.0
856,280,6.0,4700,2572257.5,1169597.75,5.0
857,74,2.0,1635,2646020.75,1250107.375,165.0
858,57,2.0,1964,2682562.75,1244113.625,41.0
859,64,3.0,1090,2587536.25,1219123.875,64.0
860,100,3.0,1350,2714729.75,1106172.0,10.0
861,36,2.0,930,2537155.0,1152963.375,326.0
862,67,3.0,1390,2710408.5,1268879.5,77.0
863,89,3.0,1940,2598287.0,1195657.875,87.0
864,81,3.0,1500,2606540.25,1126663.25,28.0
865,86,2.0,1779,2674055.25,1235077.625,40.0
866,99,4.0,1670,2708915.25,1268908.125,58.0
867,66,2.0,1554,2668417.25,1244732.375,
868,54,2.0,1000,2608750.5,1227985.625,64.0
869,110,4.0,1400,2727580.0,1251048.625,
870,59,2.0,1280,2626596.25,1229737.125,38.0
871,140,3.0,4700,2500269.25,1112765.75,5.0
873,29,1.0,1080,2608058.5,1229026.375,35.0
874,75,3.0,1250,2754430.25,1254824.125,28.0
875,40,2.0,1175,2613830.75,1212174.5,16.0
876,62,3.0,855,2595491.0,1226064.625,55.0
877,63,2.0,1587,2663137.75,1244655.625,121.0
878,102,4.0,1730,2625043.75,1229785.125,144.0
879,67,2.0,2040,2665296.75,1211668.125,251.0
880,92,4.0,1370,2690875.0,1284672.125,132.0
881,80,2.0,1420,2611483.0,1267953.375,167.0
882,76,3.0,1870,2704730.25,1231841.125,107.0
883,40,1.0,1550,2696643.0,1249051.25,13.0
884,63,3.0,1120,2627265.5,1267243.75,83.0
885,62,1.0,1750,2662236.0,1211953.375,103.0
886,64,2.0,1290,2611687.75,1259274.375,84.0
887,56,2.0,1180,2612378.75,1268299.0,178.0
888,56,2.0,1100,2586846.75,1219893.0,53.0
889,85,4.0,1420,2627839.0,1256988.75,63.0
890,91,3.0,1515,2759617.5,1249281.625,25.0
891,75,3.0,1490,2590858.75,1207958.375,51.0
892,134,6.0,3600,2611272.0,1269404.5,47.0
893,118,3.0,2296,2611346.25,1267002.875,30.0
894,117,4.0,1900,2631232.0,1218239.625,35.0
895,50,2.0,1280,2627281.25,1229392.375,50.0
896,49,2.0,1560,2716914.25,1096364.875,49.0
897,64,3.0,1748,2554167.0,1147770.125,64.0
898,18,1.0,825,2559175.25,1203503.375,84.0
899,75,3.0,1780,2608315.0,1267277.0,146.0
900,95,3.0,1600,2715103.0,1254297.25,9.0
901,95,4.0,1360,2574747.5,1182521.875,124.0
902,77,3.0,1750,2701359.25,1247101.875,165.0
903,110,4.0,1930,2716864.75,1096366.5,154.0
904,100,4.0,1370,2618455.5,1205926.75,95.0
905,80,3.0,2017,2530881.25,1174816.875,
906,81,3.0,1340,2659064.0,1258575.5,42.0
907,70,2.0,1550,2548848.5,1154768.375,44.0
908,75,3.0,1950,2599161.5,1200479.875,181.0
909,65,2.0,720,2554047.0,1217387.125,110.0
910,70,3.0,650,2578438.25,1255919.125,11.0
911,98,3.0,1800,2635393.0,1240939.875,164.0
912,13,1.0,742,2685302.25,1251218.0,121.0
913,70,2.0,3109,2687824.5,1250213.25,402.0
914,81,3.0,1840,2611487.25,1260394.25,247.0
915,85,3.0,1533,2747542.0,1256239.625,143.0
916,40,2.0,1200,2597811.5,1199762.875,115.0
917,77,3.0,2290,2707468.25,1234809.25,50.0
918,86,4.0,1900,2697567.0,1244404.875,52.0
919,76,3.0,1390,2607953.0,1227979.625,145.0
920,140,3.0,1300,2761839.5,1256817.375,
921,108,5.0,1780,2576439.0,1184474.5,76.0
922,89,3.0,1690,2619232.25,1235355.75,19.0
923,80,4.0,1195,2616551.25,1205162.875,19.0
925,78,2.0,1260,2579759.25,1184983.625,87.0
926,150,5.0,1700,2614293.0,1172559.375,5.0
927,83,3.0,2406,2536342.0,1153835.625,81.0
929,107,4.0,1730,2593116.25,1245975.875,33.0
930,84,3.0,1630,2613896.75,1210711.125,46.0
931,120,4.0,2200,2695280.25,1262817.875,48.0
932,87,2.0,1390,2690203.0,1283478.625,36.0
933,28,1.0,960,2745311.5,1253221.25,116.0
934,87,3.0,1670,2697953.5,1244389.375,106.0
935,97,4.0,1870,2614712.25,1212489.75,133.0
936,123,4.0,2300,2604431.5,1200978.875,143.0
937,87,4.0,1100,2613673.25,1249095.625,25.0
938,80,3.0,1910,2688886.25,1250031.125,105.0
939,180,3.0,2350,2614096.5,1197230.75,40.0
940,100,4.0,960,2547527.5,1212158.125,113.0
941,45,2.0,900,2627501.25,1252460.875,3.0
942,24,1.0,866,2497353.25,1116444.5,92.0
943,25,1.0,909,2578063.25,1185952.5,169.0
944,82,3.0,2043,2681781.0,1253213.5,210.0
945,80,4.0,1300,2723075.5,1117960.125,206.0
946,68,3.0,760,2552240.0,1216047.25,69.0
947,61,2.0,1465,2656571.0,1262817.125,91.0
948,55,2.0,1250,2558572.0,1117565.875,21.0
949,40,2.0,850,2715313.0,1093610.0,40.0
950,70,3.0,1220,2627839.0,1256988.75,63.0
951,60,2.0,1550,2603914.0,1128904.0,30.0
952,82,3.0,1500,2559241.0,1143054.375,151.0
953,76,4.0,1810,2600589.0,1200338.625,32.0
954,90,4.0,1359,2610970.5,1212671.625,92.0
955,31,1.0,960,2610961.75,1267051.375,161.0
956,60,2.0,1320,2621748.0,1261287.5,29.0
957,130,4.0,1500,2623920.5,1128646.125,
958,66,3.0,618,2552938.5,1216029.125,32.0
959,60,2.0,2750,2682349.75,1249883.875,154.0
960,92,4.0,1664,2723895.75,1216691.125,34.0
961,52,2.0,1480,2571960.5,1189191.875,92.0
962,100,5.0,1290,2570323.0,1250432.5,
963,21,1.0,745,2555237.0,1145479.75,323.0
964,60,2.0,1935,2683745.75,1252269.75,79.0
965,58,3.0,1275,2724040.5,1217073.0,121.0
966,44,1.0,1220,2758002.5,1190957.25,
967,115,4.0,3190,2528090.0,1152504.0,30.0
968,128,5.0,2100,2604185.0,1201971.0,4.0
969,85,3.0,2610,2691342.5,1236038.375,6.0
971,39,1.0,2074,2683624.25,1252214.25,124.0
972,64,3.0,1395,2676070.0,1260601.75,97.0
973,45,2.0,900,2746006.25,1254976.625,53.0
974,150,4.0,1490,2621786.0,1206456.25,40.0
975,78,3.0,1700,2614345.5,1178172.25,103.0
976,83,4.0,1380,2635240.0,1246027.125,63.0
977,50,2.0,1050,2576366.0,1183278.875,148.0
978,78,3.0,1590,2616025.5,1264039.875,95.0
979,80,3.0,795,2554065.25,1217514.25,58.0
980,66,2.0,1755,2703512.0,1243362.75,88.0
981,23,1.0,800,2683017.5,1247618.75,3.0
982,161,5.0,2500,2621950.0,1212420.25,8.0
983,90,4.0,1380,2611224.0,1226403.5,33.0
984,87,2.0,1390,2690159.5,1283482.0,153.0
985,122,5.0,2130,2612715.0,1263495.0,38.0
986,66,2.0,1935,2703529.5,1243380.125,88.0
987,47,2.0,695,2553558.75,1216803.875,57.0
988,81,3.0,1710,2758596.5,1191773.0,63.0
989,39,2.0,765,2572660.75,1251603.625,101.0
990,81,3.0,1420,2747458.25,1256355.5,92.0
991,101,3.0,4230,2539345.0,1151030.0,70.0
992,55,2.0,1400,2557907.25,1116633.125,
993,55,2.0,1300,2689232.75,1284784.375,88.0
994,45,2.0,1020,2586017.5,1220308.75,133.0
995,34,1.0,1090,2717046.0,1096352.0,27.0
996,60,2.0,1590,2691833.0,1286476.625,133.0
997,74,3.0,1450,2731805.75,1278186.625,37.0
998,28,2.0,1020,2613830.75,1212174.5,16.0
999,72,2.0,1733,2674594.5,1248569.125,93.0
1000,42,2.0,1314,2611455.5,1268834.625,223.0
1001,55,2.0,1310,2730190.0,1271670.0,4.0
1002,74,3.0,1450,2598304.0,1197453.0,146.0
1003,29,1.0,1690,2685149.75,1248203.125,83.0
1004,69,3.0,1990,2685977.25,1251615.125,72.0
1006,152,5.0,2300,2647899.25,1250081.75,28.0
1007,85,3.0,1600,2593447.0,1119814.875,107.0
1008,36,1.0,990,2611143.5,1265960.625,297.0
1009,32,1.0,750,2594796.25,1114282.125,3.0
1010,70,3.0,1400,2606573.0,1127070.5,97.0
1011,88,3.0,1900,2623815.25,1258468.0,90.0
1012,75,3.0,1680,2624933.0,1258198.375,37.0
1013,40,2.0,1190,2594312.75,1120113.25,154.0
1014,42,1.0,990,2606330.75,1126412.75,154.0
1015,80,2.0,2275,2692034.0,1229381.0,3.0
1016,65,2.0,1380,2730153.75,1270493.0,5.0
1017,11,1.0,1210,2684884.75,1251175.75,24.0
1018,87,3.0,2100,2592774.5,1121311.25,36.0
1019,84,3.0,2026,2604452.0,1201207.25,79.0
1020,78,4.0,3250,2498219.75,1119971.25,18.0
1021,101,5.0,2199,2604039.5,1200845.625,186.0
1022,105,4.0,1650,2587873.5,1219519.625,102.0
1023,71,3.0,1310,2577504.75,1183444.625,174.0
1026,82,4.0,900,2553156.25,1217034.5,139.0
1027,60,2.0,1600,2614085.5,1266847.0,114.0
1028,70,2.0,1550,2548719.5,1154723.875,36.0
1029,115,4.0,1330,2595812.5,1119835.375,4.0
1030,82,3.0,1500,2559316.0,1143054.5,63.0
1031,95,3.0,870,2546608.25,1209581.0,3.0
1032,119,4.0,5550,2684364.75,1247394.5,111.0
1033,25,1.0,1035,2720734.75,1257835.625,85.0
1034,98,3.0,1469,2666729.25,1240088.625,37.0
1035,115,4.0,4450,2678743.75,1248984.875,193.0
1036,67,3.0,1900,2539353.5,1153522.25,144.0
1037,129,5.0,2500,2704990.0,1267398.0,42.0
1038,30,2.0,1080,2578706.5,1184069.0,85.0
1039,55,3.0,1350,2610639.75,1228175.375,
1040,53,2.0,1020,2613880.0,1179598.5,82.0
1041,63,2.0,1180,2630914.25,1252429.875,21.0
1042,95,3.0,1950,2612311.5,1265616.25,70.0
1043,85,2.0,970,2724144.5,1077211.125,
1044,125,5.0,1860,2742911.25,1272066.75,19.0
1045,108,4.0,1550,2629921.25,1268560.75,95.0
1046,44,2.0,1135,2753280.75,1188606.5,10.0
1047,54,3.0,2750,2501516.25,1117137.75,307.0
1048,59,3.0,1500,2588510.0,1114227.0,20.0
1049,44,2.0,1950,2762108.75,1176600.5,31.0
1050,79,3.0,1395,2595293.0,1121909.5,25.0
1051,43,2.0,1180,2720718.75,1258351.875,45.0
1052,53,2.0,1000,2721576.25,1256124.75,109.0
1053,86,4.0,1600,2663674.5,1214170.375,139.0
1054,55,2.0,1310,2730153.75,1270493.0,5.0
1055,46,2.0,1000,2611578.5,1268425.875,246.0
1056,52,1.0,1240,2530557.0,1174845.875,37.0
1057,115,4.0,1780,2594975.0,1119662.0,11.0
1058,77,3.0,1053,2537986.75,1153804.375,167.0
1059,91,2.0,1320,2622273.0,1259368.75,56.0
1061,64,2.0,1350,2553807.0,1160923.0,
1062,65,3.0,1200,2724215.75,1216881.25,74.0
1063,90,4.0,1400,2656857.75,1232261.25,60.0
1064,72,4.0,2800,2681788.75,1246435.25,221.0
1066,84,3.0,2010,2553253.25,1152477.5,14.0
1067,83,3.0,1050,2597259.75,1227506.625,111.0
1068,43,2.0,980,2721506.0,1222979.0,
1069,75,3.0,1750,2651630.0,1239058.875,68.0
1070,96,3.0,1746,2672440.5,1222378.0,59.0
1071,67,3.0,1700,2534274.5,1153805.625,56.0
1072,93,4.0,1570,2576352.75,1184262.125,72.0
1073,25,1.0,600,2557832.0,1203576.5,24.0
1074,28,1.0,695,2635319.0,1245332.625,63.0
1075,90,5.0,1520,2627925.25,1221315.875,5.0
1076,89,3.0,1280,2602977.5,1198398.625,23.0
1077,29,2.0,1090,2744691.75,1253769.375,70.0
1078,140,4.0,2500,2743284.0,1242594.875,4.0
1079,99,4.0,2240,2612538.75,1262861.625,111.0
1080,78,3.0,1421,2690982.75,1247152.625,105.0
1081,77,2.0,1570,2691558.75,1248925.375,72.0
1082,35,1.0,1500,2583624.0,1105191.875,25.0
1083,120,4.0,1970,2759797.0,1250880.75,34.0
1084,85,3.0,1190,2639786.0,1227971.5,57.0
1085,129,4.0,1140,2611624.75,1238405.5,29.0
1086,79,2.0,1783,2694351.0,1249940.0,33.0
1087,25,1.0,750,2701657.25,1114391.875,15.0
1089,135,4.0,1750,2594622.75,1243649.625,3.0
1090,83,3.0,1770,2612585.25,1263627.25,49.0
1091,51,2.0,1160,2763390.25,1252561.0,39.0
1092,85,4.0,2450,2499802.25,1115346.75,52.0
1093,28,2.0,1200,2499418.25,1117419.25,321.0
1094,96,3.0,1490,2710197.0,1260882.875,51.0
1095,35,2.0,1230,2738895.0,1245586.25,3.0
1096,35,2.0,830,2604119.25,1228968.125,102.0
1097,88,4.0,960,2595596.75,1226251.625,167.0
1099,110,4.0,3150,2544930.25,1149750.75,20.0
1100,79,3.0,1395,2595306.5,1121748.375,83.0
1101,105,4.0,2000,2610674.25,1268456.25,245.0
1102,25,1.0,1000,2599658.25,1200382.0,190.0
1103,65,3.0,1280,2711989.75,1233139.0,112.0
1104,65,2.0,1110,2689605.5,1284940.25,43.0
1105,61,2.0,1135,2592433.0,1224683.875,195.0
1106,84,4.0,1716,2637625.0,1237024.375,87.0
1107,106,4.0,1770,2640987.0,1229791.125,37.0
1108,137,5.0,2200,2667231.75,1209974.875,73.0
1109,24,1.0,760,2577578.25,1182976.75,73.0
1110,52,1.0,1460,2530557.0,1174845.875,37.0
1111,115,4.0,3190,2527571.25,1151241.875,235.0
1113,46,2.0,1400,2718288.25,1097142.75,89.0
1114,73,2.0,1360,2600549.25,1202095.875,69.0
1115,150,4.0,2900,2559491.25,1142220.5,171.0
1116,73,3.0,1750,2695497.5,1229278.875,51.0
1117,80,4.0,1450,2739953.25,1268464.0,35.0
1118,112,4.0,1930,2635501.25,1244606.875,162.0
1120,20,,1080,2783315.0,1187169.875,28.0
1121,76,4.0,1198,2635432.75,1243856.5,164.0
1124,55,2.0,1800,2608920.75,1267193.875,106.0
1125,86,4.0,1770,2679814.0,1282720.125,33.0
1126,87,4.0,1650,2627918.25,1257003.5,75.0
1127,83,3.0,2090,2598605.5,1198129.5,155.0
1128,66,2.0,1250,2578044.25,1183070.625,222.0
1129,95,3.0,2250,2700103.75,1254014.375,50.0
1130,50,2.0,1470,2583785.25,1116550.375,20.0
1131,10,1.0,873,2684987.0,1246242.75,119.0
1132,78,3.0,1660,2665840.25,1211006.5,117.0
1133,56,4.0,680,2624912.25,1233425.625,37.0
1134,94,4.0,1590,2627861.25,1256831.125,67.0
1135,120,4.0,2450,2692900.0,1248967.375,86.0
1136,83,3.0,1250,2555419.25,1188292.375,127.0
1137,81,3.0,1500,2606431.0,1126521.625,87.0
1138,70,3.0,900,2719212.5,1084886.875,33.0
1139,100,4.0,300,2690300.75,1283502.125,44.0
1140,74,3.0,1550,2690301.75,1263594.75,66.0
1141,90,3.0,1460,2648342.5,1247560.125,173.0
1142,65,3.0,1050,2738652.0,1250548.0,45.0
1143,77,3.0,1400,2581827.75,1187173.0,
1144,58,3.0,1190,2600906.5,1202501.125,3.0
1145,65,3.0,1380,2758758.5,1192114.75,108.0
1146,49,2.0,1200,2530708.75,1175144.375,105.0
1147,100,3.0,1450,2533517.75,1173434.0,148.0
1149,79,3.0,1520,2626610.0,1229824.375,68.0
1150,100,4.0,1650,2562475.25,1123351.875,117.0
1151,85,3.0,1410,2738970.5,1249757.875,45.0
1152,85,3.0,1740,2730145.0,1274931.0,12.0
1153,64,2.0,2270,2503776.25,1116641.5,145.0
1154,84,3.0,2070,2701604.0,1234507.625,29.0
1155,60,3.0,900,2723344.0,1076962.0,165.0
1156,30,1.0,660,2567255.0,1122308.875,154.0
1157,86,3.0,2950,2500304.25,1118966.75,602.0
1158,193,1.0,2680,2637544.0,1237436.125,31.0
1159,59,2.0,1160,2727831.25,1236026.125,19.0
1160,70,3.0,1200,2653656.5,1235448.25,10.0
1161,74,2.0,1800,2621921.0,1259063.625,53.0
1162,63,2.0,1340,2705149.0,1114191.625,29.0
1163,22,1.0,950,2717235.0,1096774.25,162.0
1164,53,2.0,1280,2554394.0,1200140.0,44.0
1167,64,3.0,1325,2577546.0,1183361.375,134.0
1168,62,2.0,1190,2666503.0,1220504.625,87.0
1169,147,3.0,1650,2593413.5,1245878.375,257.0
1170,155,6.0,3689,2553936.0,1145554.625,255.0
1171,89,3.0,1555,2553976.25,1200771.875,130.0
1172,76,2.0,1300,2734335.5,1265172.75,3.0
1173,100,4.0,1600,2682129.0,1290977.0,3.0
1174,77,3.0,1400,2665661.0,1214604.25,6.0
1175,79,3.0,1660,2670672.75,1201158.25,131.0
1176,125,4.0,1910,2668001.5,1244345.5,54.0
1177,50,2.0,1450,2638412.0,1237465.125,70.0
1178,45,2.0,1300,2660799.5,1269336.25,84.0
1179,16,1.0,1090,2537950.0,1151975.0,213.0
1180,100,4.0,1690,2738840.0,1250102.25,57.0
1181,55,2.0,920,2646389.75,1256096.125,23.0
1182,61,2.0,1950,2523004.0,1148090.0,
1183,55,3.0,1640,2703026.0,1234598.875,15.0
1184,81,3.0,2300,2664661.0,1211904.25,101.0
1185,106,4.0,1990,2765627.25,1253883.875,42.0
1186,36,1.0,1000,2612112.75,1258627.75,125.0
1187,89,3.0,1330,2572923.75,1157327.375,22.0
1188,74,3.0,900,2553403.0,1215653.125,107.0
1189,24,1.0,990,2559678.0,1204203.0,20.0
1190,96,3.0,1895,2612814.5,1260095.125,22.0
1191,89,3.0,2450,2534980.0,1153490.0,252.0
1192,35,1.0,760,2613720.75,1266610.25,196.0
1193,37,1.0,1325,2688141.0,1282048.0,159.0
1194,84,3.0,1395,2607148.0,1126502.5,5.0
1195,89,4.0,2530,2498968.0,1119810.125,264.0
1196,62,3.0,1210,2613929.0,1266398.125,89.0
1197,66,2.0,1570,2687926.75,1270216.25,11.0
1198,116,3.0,1750,2721960.0,1231400.5,27.0
1199,62,3.0,1625,2697173.5,1244267.375,92.0
1200,70,3.0,1010,2553607.0,1216862.5,85.0
1201,97,3.0,3152,2516623.5,1147956.625,5.0
1202,60,2.0,1000,2608607.5,1191303.375,68.0
1203,105,4.0,1560,2628446.25,1233097.875,46.0
1204,115,4.0,1350,2620668.25,1127971.25,89.0
1205,110,4.0,1775,2578015.25,1195747.75,34.0
1206,112,4.0,1930,2635516.5,1244584.75,31.0
1207,50,2.0,1400,2753690.0,1189322.375,84.0
1208,50,2.0,1190,2735862.75,1276658.25,71.0
1210,100,4.0,1500,2696118.0,1117416.125,15.0
1211,50,2.0,1375,2716295.25,1096446.625,172.0
1212,62,2.0,1200,2595812.5,1119835.375,4.0
1213,60,2.0,1000,2721070.5,1126240.125,28.0
1214,92,3.0,2600,2542144.0,1150832.0,63.0
1215,43,1.0,1600,2533618.0,1157526.0,
1216,74,3.0,1660,2506961.25,1138813.375,99.0
1217,58,2.0,1840,2663976.5,1213447.25,97.0
1218,100,4.0,1700,2716790.0,1095188.0,6.0
1219,60,2.0,1430,2676720.5,1236848.875,65.0
1220,85,3.0,1500,2606572.25,1126814.0,149.0
1221,122,6.0,3280,2536948.0,1154067.625,262.0
1222,90,3.0,1290,2578096.75,1184590.125,150.0
1223,68,2.0,1350,2714924.0,1109010.25,30.0
1224,77,3.0,1725,2645562.25,1265591.5,49.0
1225,89,3.0,3600,2685160.25,1236438.25,
1226,33,1.0,740,2758906.25,1239965.375,
1227,92,3.0,1620,2693994.75,1263037.625,93.0
1228,27,1.0,860,2744529.5,1253159.75,120.0
1230,93,3.0,2375,2604138.75,1187428.875,3.0
1232,50,2.0,1230,2613470.5,1211826.75,60.0
1233,62,2.0,1290,2616580.5,1264041.625,70.0
1234,166,5.0,2500,2757602.25,1257711.875,
1235,90,3.0,1740,2679952.25,1267737.5,138.0
1236,27,1.0,980,2739420.25,1186430.875,46.0
1237,88,3.0,1550,2632558.75,1251663.75,7.0
1239,37,2.0,1140,2747090.25,1258378.5,30.0
1240,86,3.0,1400,2611271.0,1259910.625,86.0
1241,69,3.0,1600,2607450.75,1267102.5,87.0
1242,70,3.0,1674,2682884.25,1252555.125,45.0
1243,16,1.0,900,2679374.0,1250376.25,
1244,84,3.0,1410,2664160.5,1270660.75,57.0
1245,45,1.0,1500,2498862.0,1118360.375,300.0
1246,50,2.0,1370,2616968.25,1194519.875,51.0
1247,86,3.0,2400,2622167.75,1259602.0,24.0
1248,114,3.0,1720,2666133.5,1212558.375,216.0
1249,105,4.0,1750,2733179.25,1258693.875,45.0
1250,71,2.0,1555,2688711.25,1249705.125,142.0
1251,74,1.0,1375,2575381.25,1197077.125,100.0
1252,61,2.0,1910,2687482.0,1246023.75,110.0
1253,66,3.0,1330,2645961.0,1245305.0,59.0
1254,110,3.0,2700,2716790.0,1095188.0,6.0
1255,120,4.0,2230,2597412.25,1212697.0,4.0
1256,61,3.0,1100,2763563.25,1170040.125,34.0
1257,50,1.0,1490,2611788.5,1258841.25,97.0
1258,31,1.0,590,2587817.0,1221697.125,96.0
1259,23,1.0,950,2569575.0,1191745.75,102.0
1260,53,2.0,1310,2736169.25,1262136.75,98.0
1261,33,1.0,690,2715909.5,1097585.625,89.0
1262,58,3.0,1150,2578966.25,1180586.5,87.0
1263,65,3.0,1420,2599540.25,1197892.25,53.0
1264,65,2.0,1330,2746297.75,1253853.75,65.0
1265,115,3.0,2500,2684604.25,1247239.875,103.0
1266,40,2.0,1150,2651159.75,1240100.875,17.0
1267,152,4.0,2900,2596527.75,1119479.75,6.0
1268,36,1.0,1045,2662823.25,1251483.875,148.0
1269,73,3.0,1050,2620668.25,1127971.25,89.0
1270,23,1.0,600,2745622.0,1254094.625,43.0
1272,102,4.0,2220,2578348.25,1180421.75,30.0
1273,65,2.0,1430,2628710.25,1232725.625,64.0
1275,50,2.0,1715,2538329.75,1152377.25,23.0
1276,90,3.0,1400,2719541.0,1080617.5,112.0
1277,63,2.0,1260,2757075.5,1260623.75,47.0
1278,48,2.0,1100,2743029.75,1271993.5,55.0
1279,65,2.0,1150,2531279.5,1186717.875,11.0
1280,103,4.0,1815,2660749.75,1234326.5,69.0
1281,105,4.0,2100,2599103.5,1207692.375,3.0
1282,95,3.0,1900,2538020.75,1153835.875,163.0
1283,55,2.0,1600,2560865.5,1142926.25,5.0
1284,100,3.0,3000,2716823.0,1090403.0,53.0
1285,86,4.0,1350,2606027.5,1125777.875,343.0
1286,20,1.0,780,2571000.75,1126680.375,53.0
1287,45,2.0,830,2585937.5,1221462.25,98.0
1288,57,2.0,950,2594717.0,1243315.125,125.0
1290,94,4.0,1900,2701010.5,1234561.5,159.0
1291,110,4.0,1650,2716862.0,1079480.0,
1292,63,2.0,1100,2607255.0,1227824.0,69.0
1293,80,3.0,1480,2740596.0,1267608.5,37.0
1294,30,1.0,1100,2678688.25,1249280.625,286.0
1295,44,2.0,1005,2753915.25,1189115.25,68.0
1297,33,1.0,683,2554353.5,1145541.875,272.0
1298,80,3.0,1480,2598852.0,1199260.75,119.0
1299,78,3.0,1490,2628257.75,1234219.875,42.0
1301,40,1.0,1360,2699778.25,1262609.25,97.0
1302,122,5.0,1900,2641334.5,1264953.75,11.0
1303,100,4.0,2130,2702788.75,1234668.875,41.0
1304,53,1.0,1120,2588304.25,1221653.0,85.0
1305,68,2.0,1070,2624781.25,1266273.0,189.0
1306,98,4.0,1800,2626019.5,1230114.375,68.0
1307,68,2.0,1540,2765832.75,1257859.875,37.0
1308,71,2.0,1590,2742954.5,1253163.625,124.0
1309,84,4.0,1570,2582669.75,1222892.5,7.0
1310,83,3.0,1360,2604637.5,1252395.625,154.0
1311,78,3.0,1500,2561355.25,1167426.75,5.0
1312,80,3.0,1790,2752562.25,1213065.0,147.0
1314,83,3.0,950,2616412.25,1207369.875,36.0
1315,94,3.0,2200,2506893.25,1138747.5,75.0
1316,78,3.0,1050,2616365.75,1231532.0,53.0
1317,102,4.0,1620,2717749.25,1258231.25,80.0
1318,80,3.0,1400,2759021.5,1260265.125,52.0
1319,50,2.0,1100,2755444.25,1231203.75,12.0
1320,33,1.0,1060,2745786.0,1254544.75,52.0
1321,66,2.0,1260,2630228.5,1267887.125,158.0
1322,80,3.0,1780,2655488.0,1249167.0,49.0
1323,90,4.0,1300,2746694.25,1254541.0,158.0
1324,45,1.0,1390,2595481.5,1120120.0,
1325,82,3.0,1560,2724066.0,1217055.125,121.0
1326,53,2.0,710,2574679.25,1161707.5,15.0
1327,66,2.0,1480,2663970.75,1254678.625,128.0
1328,19,1.0,1290,2538329.75,1152377.25,23.0
1330,50,2.0,1730,2507504.5,1137610.875,185.0
1331,81,2.0,2890,2683874.25,1253141.25,87.0
1332,64,3.0,1540,2675704.75,1256980.0,28.0
1333,68,3.0,1600,2655618.75,1234052.5,99.0
1334,107,4.0,1785,2626637.25,1226751.625,70.0
1335,84,4.0,1001,2553788.5,1217344.375,136.0
1336,60,2.0,917,2584631.5,1207812.625,26.0
1338,107,3.0,1250,2721728.0,1078510.25,101.0
1339,120,4.0,2990,2687587.75,1234773.875,38.0
1340,61,2.0,1210,2571683.75,1174765.625,30.0
1341,43,2.0,1490,2536471.75,1152372.75,57.0
1345,110,4.0,3740,2680611.5,1252962.5,99.0
1346,169,4.0,4465,2508021.25,1137457.0,23.0
1347,75,4.0,1530,2623312.25,1259041.5,136.0
1348,50,2.0,700,2763531.25,1257716.875,3.0
1349,44,1.0,1715,2499313.0,1119031.25,566.0
1350,60,2.0,1980,2670179.0,1246116.375,21.0
1351,42,1.0,1750,2669220.0,1253688.0,93.0
1352,50,2.0,1250,2718302.0,1096354.0,246.0
1353,50,3.0,2200,2498569.25,1119937.125,285.0
1354,75,2.0,1800,2665102.25,1258827.125,143.0
1355,126,4.0,1800,2732578.0,1255748.5,56.0
1356,75,3.0,2000,2598461.0,1200784.125,
1357,101,4.0,1670,2587022.0,1210010.0,33.0
1358,76,3.0,1345,2610214.75,1224137.375,98.0
1359,39,2.0,900,2596584.75,1193551.75,
1360,106,4.0,1680,2643462.25,1249550.5,83.0
1361,78,3.0,1550,2591640.5,1208436.25,17.0
1362,109,4.0,1980,2521384.0,1152497.125,
1363,45,2.0,1680,2537343.5,1154760.0,254.0
1364,51,2.0,1530,2537081.25,1153854.5,71.0
1366,89,3.0,1470,2619232.25,1235355.75,19.0
1367,130,4.0,1540,2719101.25,1140103.75,3.0
1368,59,2.0,1530,2618922.0,1263875.25,20.0
1369,110,4.0,2500,2565952.25,1126578.25,38.0
1370,83,3.0,1050,2597259.75,1227506.625,111.0
1371,115,3.0,1600,2713277.25,1097299.25,
1372,67,2.0,1690,2578467.5,1180382.375,10.0
1373,83,3.0,1760,2540379.75,1180920.25,236.0
1374,120,4.0,2230,2597524.0,1212826.0,6.0
1375,85,3.0,1650,2554605.75,1151312.875,99.0
1376,101,3.0,4230,2539345.0,1151030.0,70.0
1377,36,1.0,770,2570790.5,1163550.75,143.0
1378,80,3.0,2550,2603209.25,1200552.5,205.0
1379,73,3.0,1750,2536294.5,1154596.0,126.0
1381,60,2.0,1220,2589143.25,1218772.125,25.0
1382,100,3.0,3375,2652317.0,1138356.375,
1383,22,1.0,970,2746015.75,1254661.75,116.0
1384,80,4.0,2100,2686690.75,1252735.875,43.0
1385,104,3.0,3370,2681591.75,1243742.375,119.0
1386,65,2.0,1120,2609428.75,1191642.125,39.0
1387,86,4.0,1602,2608636.0,1260908.625,104.0
1389,69,2.0,1525,2563886.0,1206293.75,97.0
1390,44,2.0,950,2562066.25,1123168.75,122.0
1391,45,2.0,600,2581789.0,1226739.25,
1392,40,1.0,1820,2506453.5,1138448.25,125.0
1393,88,2.0,1790,2599555.0,1259373.25,7.0
1394,44,2.0,1350,2531848.0,1151838.0,21.0
1395,103,4.0,1640,2746548.75,1254287.5,47.0
1396,50,2.0,1000,2760697.5,1243112.5,38.0
1397,120,3.0,1550,2554890.0,1188865.0,96.0
1398,78,3.0,1980,2611011.25,1266224.0,121.0
1399,57,2.0,1440,2693430.75,1217485.25,32.0
1401,96,4.0,1400,2588903.25,1177815.5,
1402,104,4.0,1930,2571022.0,1163714.5,126.0
1403,40,2.0,1620,2515621.5,1146187.5,57.0
1405,82,3.0,1618,2537343.0,1153906.75,65.0
1406,68,3.0,1095,2632288.25,1218555.875,49.0
1407,25,1.0,720,2598888.0,1200439.625,102.0
1408,139,4.0,1290,2570719.25,1236912.0,21.0
1409,120,3.0,2500,2655206.75,1249053.375,25.0
1410,74,3.0,1385,2759680.5,1249597.375,65.0
1411,119,4.0,1500,2715892.25,1097569.625,63.0
1412,114,4.0,2600,2667134.75,1222858.0,25.0
1413,62,3.0,1100,2579595.75,1184531.125,91.0
1414,100,3.0,1880,2637848.5,1237066.0,85.0
1415,84,4.0,1270,2637553.75,1237311.875,62.0
1416,46,2.0,890,2578247.0,1182807.875,198.0
1417,72,2.0,2012,2699006.5,1261923.25,9.0
1418,63,3.0,1520,2693867.75,1230324.0,37.0
1419,78,3.0,1300,2710501.75,1260996.5,114.0
1420,79,3.0,1520,2626596.25,1229737.125,38.0
1421,74,2.0,2502,2680003.0,1249169.375,292.0
1422,115,4.0,1790,2658032.75,1235197.0,41.0
1423,140,3.0,1500,2761839.5,1256817.375,
1424,130,5.0,1900,2716790.0,1095188.0,6.0
1425,85,3.0,1550,2718827.75,1097444.25,28.0
1426,107,3.0,1250,2721728.0,1078510.25,101.0
1427,74,3.0,1540,2611267.25,1226184.0,42.0
1428,49,2.0,1290,2612314.75,1268697.0,440.0
1429,108,4.0,1850,2629941.5,1268565.25,95.0
1430,62,3.0,1558,2695504.0,1244921.125,91.0
1431,115,4.0,1550,2765937.25,1257716.875,76.0
1432,93,4.0,1450,2634645.5,1244472.875,113.0
1433,85,3.0,1030,2576528.25,1232409.75,3.0
1434,83,3.0,1550,2620342.75,1237638.875,123.0
1435,88,4.0,2200,2538148.25,1153932.125,126.0
1436,86,4.0,2770,2599922.75,1200673.125,114.0
1437,54,2.0,1450,2695908.0,1233928.75,119.0
1438,56,2.0,1320,2755326.25,1221494.625,62.0
1439,71,3.0,1680,2667469.25,1255449.125,81.0
1440,84,3.0,1630,2613896.75,1210711.125,46.0
1441,56,2.0,1200,2739656.25,1268343.0,26.0
1442,106,4.0,2120,2759597.25,1199332.125,41.0
1443,102,3.0,3555,2610712.5,1266179.75,136.0
1444,100,3.0,1960,2619523.0,1226503.875,40.0
1445,65,4.0,2365,2683503.5,1248736.875,165.0
1446,53,3.0,1040,2562036.75,1205482.0,90.0
1447,95,3.0,1670,2702094.0,1256095.5,90.0
1448,120,4.0,2864,2699778.25,1262609.25,97.0
1449,82,3.0,1560,2609602.75,1267856.0,199.0
1450,70,2.0,1460,2653320.0,1247525.625,
1451,170,1.0,3255,2696441.5,1261436.875,183.0
1452,52,2.0,1100,2611699.75,1268586.75,166.0
1453,101,4.0,2090,2538390.25,1153400.625,
1454,72,2.0,1350,2601227.0,1197448.375,86.0
1455,81,3.0,1980,2610140.25,1265151.625,64.0
1456,81,4.0,1580,2761068.0,1260382.0,
1457,51,2.0,1550,2687536.75,1269908.5,10.0
1458,70,3.0,1190,2579670.25,1184148.25,208.0
1459,69,3.0,1650,2607589.0,1267172.75,121.0
1460,36,1.0,1800,2610395.75,1268303.875,366.0
1461,59,2.0,1500,2536910.75,1153367.375,245.0
1462,65,3.0,1060,2590798.75,1193611.125,134.0
1463,57,3.0,1520,2506253.5,1117424.25,14.0
1465,120,3.0,1150,2712072.75,1112028.125,
1466,86,4.0,1510,2641890.25,1267112.25,132.0
1467,70,3.0,1210,2746717.25,1258225.625,175.0
1468,99,4.0,2175,2691833.0,1286476.625,133.0
1469,103,4.0,1640,2650314.75,1269402.875,22.0
1470,97,4.0,1620,2607459.25,1267273.0,142.0
1471,67,3.0,1450,2620085.25,1263507.375,48.0
1472,20,1.0,850,2568621.0,1210149.0,
1473,121,5.0,3440,2685573.5,1238028.625,97.0
1474,21,1.0,1290,2537950.0,1151975.0,213.0
1475,100,4.0,1400,2682129.0,1290977.0,3.0
1476,155,5.0,1600,2714153.25,1261788.125,34.0
1477,48,1.0,1590,2527966.0,1151650.25,232.0
1478,65,3.0,1687,2689141.25,1250735.0,37.0
1479,80,3.0,1810,2641378.25,1229547.75,64.0
1480,90,3.0,1780,2719994.5,1265284.25,35.0
1481,95,3.0,1800,2684342.0,1210916.25,89.0
1482,85,3.0,1660,2664275.75,1271096.125,62.0
1483,82,3.0,1430,2630191.0,1268412.375,142.0
1484,43,2.0,1350,2533096.5,1153995.75,
1485,74,3.0,2440,2666195.75,1210827.375,57.0
1486,92,3.0,2214,2613963.75,1178882.875,141.0
1487,78,3.0,1920,2717125.75,1224844.125,3.0
1488,29,1.0,750,2635664.75,1244390.5,232.0
1489,51,2.0,1200,2754517.25,1225832.375,40.0
1490,60,3.0,3350,2583396.5,1105084.125,65.0
1491,91,3.0,1970,2612530.0,1268277.75,175.0
1492,69,3.0,1700,2705879.75,1232048.375,20.0
1493,52,2.0,1050,2716309.0,1112054.625,168.0
1494,32,1.0,960,2646854.5,1250018.875,166.0
1495,83,3.0,1610,2662164.0,1260824.75,146.0
1496,67,2.0,1420,2554816.5,1188558.125,62.0
1497,130,4.0,3055,2543543.25,1153266.625,15.0
1498,53,2.0,990,2626898.75,1239086.5,13.0
1499,55,3.0,1035,2626936.75,1228965.875,114.0
1500,116,4.0,1410,2572862.0,1252063.875,25.0
1501,65,3.0,1520,2711989.75,1233139.0,112.0
1502,96,4.0,2650,2745921.75,1255227.125,38.0
1503,65,3.0,1320,2754264.5,1225768.375,67.0
1504,76,3.0,1252,2705363.75,1113312.875,
1505,77,3.0,1035,2630749.75,1196766.75,52.0
1506,50,2.0,1320,2579046.75,1179026.5,
1507,10,1.0,1058,2682425.5,1248532.75,320.0
1508,12,1.0,1290,2681569.75,1247078.5,303.0
1509,32,1.0,640,2610824.75,1268228.375,303.0
1510,33,1.0,800,2613009.5,1269043.5,155.0
1511,46,2.0,890,2578339.75,1182819.0,277.0
1512,64,3.0,1480,2555164.25,1145458.625,131.0
1513,30,1.0,750,2720714.5,1258168.875,86.0
1514,95,3.0,2260,2695993.5,1246290.5,42.0
1515,120,4.0,2500,2705474.0,1114370.5,6.0
1516,64,2.0,1450,2519680.25,1149618.625,64.0
1517,75,3.0,1490,2641016.25,1229682.875,79.0
1518,71,3.0,1290,2758861.0,1249555.625,103.0
1519,66,3.0,1100,2626293.0,1227389.125,57.0
1520,89,4.0,1850,2615902.25,1264201.125,59.0
1521,85,3.0,1690,2725748.25,1239221.625,24.0
1522,25,1.0,900,2606651.0,1129207.5,5.0
1523,96,3.0,1795,2628080.25,1257246.375,109.0
1524,53,2.0,1500,2505578.75,1146221.75,67.0
1525,98,3.0,2490,2665647.25,1212229.25,92.0
1526,66,3.0,1600,2669241.75,1215169.625,56.0
1527,25,1.0,920,2758484.5,1249245.375,44.0
1528,50,2.0,1180,2618783.75,1249555.625,3.0
1529,30,1.0,965,2578289.0,1180632.5,127.0
1530,74,4.0,3150,2500435.5,1118449.0,364.0
1531,88,3.0,1650,2626342.0,1229391.375,66.0
1532,90,1.0,950,2716181.75,1096678.75,73.0
1533,81,3.0,1695,2601535.0,1206812.625,35.0
1535,110,4.0,1670,2604904.75,1208714.5,26.0
1536,94,3.0,2273,2690306.5,1246311.5,123.0
1537,80,3.0,1750,2681049.25,1245346.0,145.0
1538,20,1.0,1090,2535460.0,1152850.0,22.0
1539,39,1.0,1250,2538772.5,1152605.5,
1540,107,4.0,1663,2634675.75,1230658.375,65.0
1541,90,3.0,2400,2599233.0,1199353.5,197.0
1542,31,1.0,750,2684932.5,1246502.125,47.0
1543,65,2.0,740,2592473.0,1224838.625,104.0
1544,59,2.0,1420,2613018.5,1268983.0,233.0
1545,78,3.0,1595,2753179.0,1189236.875,42.0
1546,25,1.0,1010,2746311.75,1254536.375,92.0
1547,53,2.0,2940,2684461.75,1245748.25,96.0
1548,51,1.0,1854,2682718.75,1244341.375,120.0
1549,70,3.0,1495,2586749.5,1117554.375,31.0
1550,75,3.0,1200,2568768.5,1220517.5,5.0
1551,36,1.0,900,2719462.75,1115895.5,43.0
1553,50,2.0,1320,2611881.5,1268100.875,212.0
1554,89,3.0,2250,2695993.5,1246290.5,42.0
1555,65,3.0,1697,2533517.75,1173434.0,148.0
1556,124,4.0,2480,2709816.75,1268231.125,41.0
1557,40,1.0,1100,2659109.5,1270970.625,40.0
1558,45,2.0,600,2593976.25,1236228.0,94.0
1559,100,4.0,1340,2582240.5,1214214.875,16.0
1560,91,3.0,1450,2559129.5,1212359.125,96.0
1561,90,3.0,1240,2723946.75,1078183.375,42.0
1562,59,2.0,1590,2612860.75,1268805.625,69.0
1563,109,4.0,1740,2739034.25,1267495.375,78.0
1564,21,1.0,870,2527018.25,1151836.625,48.0
1565,99,4.0,1850,2638448.0,1236980.5,127.0
1566,76,3.0,1780,2568847.25,1162679.5,74.0
1567,87,3.0,1790,2571795.5,1174745.875,31.0
1568,80,3.0,1970,2701024.25,1234603.875,51.0
1569,67,2.0,1205,2721467.5,1116522.125,27.0
1570,25,1.0,800,2657264.25,1228577.125,35.0
1571,46,2.0,1609,2665928.75,1209330.125,493.0
1573,100,3.0,1750,2612792.0,1197653.125,
1574,39,2.0,765,2572660.75,1251603.625,101.0
1575,102,3.0,2300,2664262.75,1223258.375,35.0
1576,140,5.0,1490,2566616.25,1222910.25,3.0
1577,80,3.0,1470,2592449.75,1181922.125,6.0
1578,79,4.0,1120,2588130.5,1222193.125,147.0
1579,75,3.0,1350,2714238.0,1104552.375,34.0
1580,64,2.0,1250,2717982.25,1135337.375,56.0
1581,72,3.0,1120,2663155.25,1252445.875,62.0
1582,60,2.0,1180,2722301.75,1116781.5,118.0
1583,62,3.0,1100,2579595.75,1184531.125,91.0
1584,50,2.0,1200,2760255.0,1199435.0,
1585,106,4.0,5280,2500421.75,1118230.25,20.0
1586,70,2.0,1200,2606455.5,1131098.75,20.0
1587,87,3.0,2100,2592774.5,1121311.25,36.0
1588,100,3.0,2600,2592774.5,1121311.25,36.0
1589,66,3.0,1535,2745807.5,1255375.125,29.0
1590,46,2.0,1240,2591971.5,1119124.25,116.0
1592,87,3.0,1075,2746420.75,1258809.625,36.0
1593,136,4.0,2320,2716790.0,1095188.0,6.0
1594,41,2.0,780,2747631.0,1250852.125,34.0
1595,20,1.0,795,2578020.0,1183401.25,63.0
1596,29,1.0,960,2498787.75,1118340.375,445.0
1597,60,2.0,1400,2641845.5,1229184.0,75.0
1599,90,4.0,1890,2694634.5,1229276.25,43.0
1600,39,1.0,1250,2538797.5,1152617.125,
1601,97,3.0,1440,2760889.25,1251357.75,97.0
1603,122,4.0,2360,2756451.75,1208289.625,54.0
1604,100,4.0,1650,2749392.75,1263976.25,61.0
1605,24,1.0,866,2497353.25,1116444.5,92.0
1606,50,1.0,1250,2615544.5,1264381.875,58.0
1607,25,1.0,1250,2609426.0,1220424.5,11.0
1608,60,2.0,1980,2559304.25,1143352.125,136.0
1609,80,4.0,1175,2747756.0,1257593.875,112.0
1610,50,2.0,1630,2538329.75,1152377.25,23.0
1611,25,1.0,2750,2691450.0,1236131.0,90.0
1612,86,4.0,2450,2527962.5,1151617.875,232.0
1613,44,2.0,1510,2500256.75,1119288.125,39.0
1614,208,6.0,2300,2745175.75,1270118.25,98.0
1615,114,4.0,1900,2638751.25,1266129.25,144.0
1616,70,4.0,1290,2751210.25,1253689.125,71.0
1617,48,2.0,2000,2558887.5,1145423.375,17.0
1618,82,4.0,1840,2614489.0,1265391.25,113.0
1619,110,4.0,2500,2565952.25,1126578.25,38.0
1620,85,3.0,1420,2660484.5,1263173.25,137.0
1621,56,2.0,1690,2695277.0,1229335.125,141.0
1622,90,4.0,1570,2605721.5,1228225.875,127.0
1623,46,1.0,1750,2678452.0,1248905.125,153.0
1624,71,3.0,1500,2585446.5,1189618.0,53.0
1625,57,1.0,1550,2677865.0,1242113.75,38.0
1626,109,4.0,3200,2503112.5,1114188.625,32.0
1627,109,4.0,2630,2701102.0,1247303.5,52.0
1628,60,3.0,1379,2530921.75,1175196.25,62.0
1629,87,4.0,1550,2647659.75,1249135.0,90.0
1630,30,1.0,965,2578289.0,1180632.5,127.0
1631,42,1.0,1750,2669220.0,1253688.0,93.0
1632,60,2.0,1340,2553843.25,1145872.875,128.0
1633,67,2.0,1050,2766060.75,1253317.375,78.0
1634,38,2.0,1130,2747090.25,1258378.5,30.0
1635,100,4.0,1350,2724144.5,1077211.125,
1637,35,2.0,1358,2499607.25,1115878.875,189.0
1638,50,2.0,2277,2682386.75,1248649.25,335.0
1639,100,3.0,2740,2696473.0,1252495.0,35.0
1640,59,3.0,1765,2678764.5,1248495.625,69.0
1641,63,2.0,2040,2601705.75,1199556.125,79.0
1642,92,4.0,650,2553732.75,1217605.625,108.0
1643,76,3.0,1800,2616980.0,1270218.375,29.0
1644,46,2.0,1400,2718288.25,1097142.75,89.0
1645,100,4.0,2020,2583235.0,1176807.375,40.0
1646,127,4.0,4500,2678743.75,1248984.875,193.0
1647,120,5.0,2320,2744778.0,1254210.25,33.0
1648,73,3.0,1350,2620135.25,1226768.375,19.0
1649,148,4.0,2500,2654755.75,1236400.0,21.0
1650,116,4.0,1800,2713147.5,1094687.375,39.0
1651,72,2.0,1218,2539065.75,1181241.75,92.0
1652,53,2.0,1450,2578360.5,1180602.0,
1653,65,2.0,1540,2759581.5,1199355.5,41.0
1654,62,3.0,1300,2604302.5,1201305.875,52.0
1655,51,2.0,1290,2596433.25,1199445.125,91.0
1657,80,3.0,1460,2732982.75,1232422.0,9.0
1658,60,3.0,1370,2602320.75,1199186.25,132.0
1659,79,3.0,1665,2645762.5,1252157.75,59.0
1660,31,1.0,879,2571968.25,1105826.875,105.0
1661,83,3.0,1630,2729667.75,1279225.875,78.0
1662,89,4.0,2080,2695601.25,1260562.25,116.0
1663,23,1.0,1250,2501060.25,1117621.875,383.0
1664,94,3.0,3250,2680611.5,1252962.5,99.0
1665,45,1.0,1230,2685894.25,1253187.125,129.0
1666,81,4.0,868,2573265.25,1252037.5,25.0
1667,84,3.0,2070,2701624.0,1234210.25,67.0
1668,49,3.0,970,2550882.25,1168849.875,172.0
1669,62,2.0,1130,2610994.75,1265867.5,157.0
1670,70,3.0,1120,2615544.5,1169797.0,87.0
1671,45,2.0,760,2599050.75,1227340.625,91.0
1672,63,2.0,1340,2704234.0,1113972.375,55.0
1673,36,2.0,900,2506434.25,1117907.5,3.0
1674,64,3.0,1630,2618630.75,1263055.375,118.0
1676,60,2.0,1270,2742524.25,1252423.875,88.0
1677,35,1.0,800,2732889.75,1248389.75,49.0
1678,61,3.0,2290,2503777.5,1116803.375,192.0
1679,82,2.0,1720,2752848.0,1260313.125,230.0
1680,45,2.0,1250,2635427.0,1241205.625,115.0
1681,135,4.0,3000,2542557.0,1152715.0,3.0
1682,50,1.0,950,2713791.5,1272890.5,12.0
1683,45,1.0,980,2721572.25,1079556.25,36.0
1684,46,2.0,1050,2499165.75,1113973.875,202.0
1685,55,2.0,950,2724700.5,1240802.375,70.0
1686,80,3.0,1650,2608954.75,1267313.125,142.0
1687,85,3.0,1150,2629868.0,1235524.5,35.0
1688,63,3.0,1790,2555922.0,1144727.0,169.0
1689,27,2.0,1680,2500224.25,1118679.125,351.0
1690,44,2.0,1250,2598995.0,1228220.75,10.0
1691,45,1.0,850,2721547.25,1079528.5,36.0
1692,89,4.0,2390,2670214.75,1210503.125,81.0
1693,98,4.0,1700,2757950.0,1192038.125,91.0
1694,46,2.0,930,2600818.5,1207725.5,45.0
1695,90,3.0,1750,2716573.0,1094820.5,62.0
1696,77,3.0,1090,2761818.75,1251983.5,71.0
1697,63,3.0,1950,2560202.0,1142171.0,19.0
1698,75,3.0,1350,2645518.25,1249660.0,66.0
1699,95,3.0,1990,2682812.75,1264577.25,134.0
1700,44,1.0,995,2609409.25,1268125.125,78.0
1701,94,3.0,1850,2724158.25,1217086.125,120.0
1702,70,3.0,1500,2621832.5,1259511.5,23.0
1703,72,3.0,2030,2531630.0,1156080.0,68.0
1704,60,3.0,1540,2745548.0,1253099.25,5.0
1705,108,4.0,1090,2632362.25,1170388.0,29.0
1706,63,3.0,1390,2575616.75,1182171.875,107.0
1707,64,2.0,1600,2716621.5,1094930.625,276.0
1709,85,4.0,1240,2720111.25,1081345.5,110.0
1710,90,3.0,1775,2530930.0,1175259.125,54.0
1711,69,2.0,1500,2604528.0,1259736.5,61.0
1712,26,1.0,921,2559783.25,1143201.25,62.0
1713,74,3.0,1250,2598303.5,1197375.875,102.0
1714,100,4.0,1200,2611921.75,1215966.0,30.0
1715,70,,730,2553748.5,1217360.875,136.0
1716,68,3.0,1360,2688639.25,1282150.875,49.0
1717,68,3.0,870,2594579.5,1220898.375,36.0
1718,72,4.0,1050,2655105.25,1234286.375,57.0
1719,106,4.0,1820,2640654.5,1226740.375,86.0
1720,135,5.0,2710,2685777.5,1265020.375,49.0
1721,40,1.0,1100,2712676.75,1236000.125,58.0
1722,83,3.0,1620,2578417.5,1199931.75,33.0
1723,71,3.0,1450,2596471.75,1199588.25,137.0
1724,61,3.0,1350,2754677.0,1259912.625,140.0
1725,116,4.0,2318,2554454.5,1189016.25,3.0
1726,75,3.0,1200,2609687.25,1191575.25,96.0
1727,76,2.0,1540,2608679.5,1228821.625,124.0
1728,93,3.0,1700,2668883.0,1216053.125,52.0
1729,60,2.0,1335,2641703.5,1129151.5,91.0
1730,70,2.0,1100,2637619.0,1255434.375,23.0
1731,30,1.0,1300,2541936.0,1156560.875,56.0
1732,18,1.0,670,2539583.5,1181172.875,202.0
1733,81,3.0,1550,2659112.5,1260770.0,93.0
1735,55,2.0,2350,2683825.5,1242447.125,42.0
1736,90,4.0,2200,2536840.75,1152420.75,203.0
1737,35,2.0,950,2594132.0,1120026.125,103.0
1738,95,3.0,2060,2648318.25,1226045.875,45.0
1739,95,4.0,2745,2612807.5,1266059.125,294.0
1740,110,4.0,1700,2612825.0,1239750.0,10.0
1741,96,3.0,1910,2730190.0,1271670.0,4.0
1742,49,2.0,1110,2735779.0,1262181.0,79.0
1743,127,5.0,2355,2578118.75,1183287.0,175.0
1744,49,1.0,1360,2611788.5,1258841.25,97.0
1746,81,3.0,1450,2571724.25,1161685.75,97.0
1747,60,3.0,2960,2499121.75,1120035.0,184.0
1748,75,3.0,2350,2684313.5,1247587.75,124.0
1749,78,2.0,1560,2727831.25,1236026.125,19.0
1750,120,4.0,1860,2657315.5,1238266.25,33.0
1751,73,2.0,2780,2680225.75,1248462.75,213.0
1752,60,2.0,1185,2642256.5,1129498.25,108.0
1753,129,5.0,1750,2602311.5,1194900.875,76.0
1754,18,1.0,760,2538442.0,1152488.75,177.0
1755,120,4.0,1690,2759797.0,1250880.75,34.0
1756,68,2.0,2850,2683582.25,1251422.0,76.0
1757,108,3.0,3875,2683023.5,1249380.5,260.0
1758,120,3.0,1440,2703922.5,1113838.375,176.0
1759,115,4.0,1750,2641714.5,1224993.125,87.0
1760,100,4.0,1700,2540436.75,1181080.5,255.0
1761,62,2.0,1520,2680248.75,1267750.375,90.0
1762,70,1.0,1750,2676220.5,1215230.75,89.0
1763,125,4.0,2050,2726949.5,1265669.875,7.0
1764,40,2.0,930,2755394.5,1221712.5,64.0
1765,65,2.0,1100,2717405.0,1096732.625,110.0
1766,44,2.0,880,2626994.75,1198912.5,115.0
1767,22,1.0,930,2578063.25,1185952.5,169.0
1768,27,1.0,740,2645345.25,1248664.25,69.0
1769,72,3.0,1560,2731272.25,1278026.5,58.0
1770,57,2.0,1450,2562749.5,1129860.5,77.0
1771,60,3.0,1370,2637167.25,1239441.5,123.0
1772,79,4.0,1350,2736733.75,1252719.0,34.0
1773,89,3.0,1420,2572909.0,1252222.875,
1774,48,2.0,1000,2717097.25,1097135.0,81.0
1775,45,1.0,980,2721572.25,1079556.25,36.0
1776,87,4.0,2590,2499343.0,1117696.875,413.0
1778,94,3.0,1814,2690379.25,1246375.625,123.0
1779,45,2.0,950,2715168.0,1100422.375,40.0
1780,128,4.0,1740,2746768.25,1255477.25,107.0
1781,86,4.0,1170,2552674.25,1216111.875,145.0
1782,78,3.0,1990,2552952.25,1146937.125,30.0
1783,102,4.0,1860,2566483.0,1122270.5,59.0
1784,100,4.0,1650,2750021.0,1264243.5,59.0
1785,63,2.0,1500,2662413.25,1246124.125,22.0
1786,16,1.0,1100,2495088.0,1120708.375,264.0
1787,110,4.0,1850,2620162.75,1237444.75,62.0
1788,54,2.0,1510,2636294.25,1243691.0,13.0
1789,81,3.0,1550,2570366.75,1163828.125,55.0
1790,35,1.0,885,2613896.75,1210711.125,46.0
1791,23,1.0,1457,2610712.5,1266179.75,136.0
1792,55,3.0,1640,2703002.75,1234591.75,15.0
1793,125,4.0,2540,2620404.5,1264924.625,63.0
1795,70,3.0,1100,2556831.25,1216958.75,3.0
1796,115,3.0,2400,2676719.25,1236929.375,96.0
1797,129,5.0,3400,2502197.0,1125783.75,52.0
1798,86,3.0,2305,2664743.75,1260090.875,53.0
1799,101,5.0,2721,2540357.75,1155033.375,22.0
1800,53,1.0,1250,2581787.0,1198926.875,14.0
1801,75,3.0,1050,2716407.25,1079711.75,51.0
1802,87,3.0,1324,2713432.5,1115214.5,8.0
1803,100,4.0,2230,2562496.0,1122462.375,366.0
1804,90,3.0,1500,2562933.25,1192552.875,38.0
1805,113,4.0,1900,2644005.0,1229001.875,
1806,104,4.0,1797,2674582.25,1248410.75,102.0
1807,94,3.0,1670,2638751.25,1266129.25,144.0
1808,55,2.0,1080,2718153.25,1135012.875,
1809,80,3.0,970,2725469.25,1270203.375,61.0
1810,59,3.0,1160,2587402.5,1222269.5,52.0
1811,30,1.0,1300,2499758.25,1117437.125,195.0
1812,14,1.0,1150,2680611.5,1252962.5,99.0
1813,65,3.0,1200,2609263.5,1228393.5,65.0
1814,102,4.0,1940,2638522.75,1237132.75,84.0
1815,87,3.0,1790,2571795.5,1174745.875,31.0
1816,84,3.0,1300,2561732.0,1185383.0,205.0
1817,119,4.0,1900,2589948.0,1213762.875,9.0
1818,92,3.0,2260,2609301.0,1262786.75,35.0
1820,46,2.0,1240,2745935.25,1270091.375,168.0
1821,90,3.0,3100,2499112.0,1120227.625,159.0
1822,84,3.0,1100,2723318.25,1077315.25,113.0
1823,70,3.0,2300,2693542.75,1231777.25,136.0
1824,32,2.0,980,2559048.5,1153320.125,134.0
1825,45,2.0,800,2638354.0,1245968.875,36.0
1826,104,4.0,1390,2664127.0,1213749.125,76.0
1827,91,3.0,1350,2562679.5,1122965.75,65.0
1828,82,3.0,1800,2713352.5,1095509.875,34.0
1829,98,3.0,1680,2595511.0,1199929.5,467.0
1830,94,3.0,1890,2746121.0,1268065.0,38.0
1831,69,2.0,1422,2732632.5,1252737.125,54.0
1832,72,2.0,1380,2688608.25,1281804.0,46.0
1833,84,3.0,1560,2559923.5,1170858.125,62.0
1834,114,4.0,4335,2682573.25,1250729.75,271.0
1835,37,2.0,1050,2747519.75,1258273.75,79.0
1836,86,3.0,1400,2561968.75,1193881.125,56.0
1837,120,3.0,1450,2712072.75,1112028.125,
1838,87,2.0,2090,2594501.0,1187408.0,9.0
1839,80,3.0,990,2717835.5,1140726.25,20.0
1840,100,3.0,1750,2612792.0,1197653.125,
1841,93,3.0,1510,2619881.75,1226281.375,65.0
1842,72,2.0,1740,2699739.0,1262219.25,262.0
1843,107,4.0,1730,2594116.75,1235055.375,
1844,172,4.0,2200,2595220.5,1209463.0,23.0
1845,15,1.0,1390,2496799.25,1119122.75,
1846,74,3.0,1500,2607521.75,1266884.75,39.0
1847,60,2.0,1370,2725839.75,1269554.25,10.0
1848,17,1.0,1090,2612953.0,1267676.0,30.0
1849,113,4.0,4460,2680127.75,1246977.125,215.0
1850,40,1.0,1100,2717472.5,1094151.0,9.0
1851,75,3.0,1680,2612337.75,1257478.125,3.0
1852,70,3.0,1450,2538846.75,1180979.625,113.0
1853,70,3.0,1160,2574684.5,1230417.0,16.0
1854,66,3.0,990,2717760.5,1135393.375,56.0
1855,90,3.0,1660,2688725.25,1285786.75,86.0
1856,93,3.0,2220,2754332.0,1260279.0,136.0
1857,111,4.0,2230,2681105.25,1269769.25,84.0
1858,96,3.0,2590,2697902.25,1261991.5,59.0
1859,56,3.0,1060,2610415.5,1215604.5,83.0
1860,60,3.0,1850,2536794.25,1161338.375,56.0
1861,89,4.0,2210,2612500.75,1259647.5,
1862,68,2.0,2250,2535989.5,1153747.25,16.0
1863,17,1.0,1090,2663801.0,1209589.125,150.0
1864,105,3.0,2028,2678869.5,1259656.75,137.0
1865,52,2.0,1180,2642078.5,1130220.75,33.0
1866,135,4.0,2200,2558251.25,1146056.0,92.0
1867,85,2.0,1850,2560581.5,1141639.5,113.0
1868,56,2.0,1350,2603637.5,1229161.875,39.0
1869,81,3.0,1500,2630197.75,1218391.75,27.0
1870,34,1.0,1650,2680112.5,1248547.375,33.0
1871,104,4.0,2130,2610116.0,1265610.25,118.0
1872,57,2.0,1100,2607425.75,1228415.75,177.0
1873,60,3.0,1130,2563164.0,1206013.5,89.0
1874,25,1.0,1310,2687072.25,1252491.875,13.0
1875,132,4.0,2240,2665841.75,1257421.625,124.0
1876,42,5.0,830,2559279.75,1212244.125,98.0
1877,47,2.0,1636,2538675.25,1151390.75,83.0
1878,80,2.0,1150,2576208.25,1250239.875,23.0
1879,52,1.0,1160,2745046.5,1253445.75,121.0
1880,56,2.0,1100,2586846.75,1219893.0,53.0
1881,78,3.0,1600,2652379.25,1266048.5,47.0
1882,86,3.0,1850,2620404.5,1264924.625,63.0
1883,46,2.0,1300,2559277.25,1153213.75,31.0
1884,91,3.0,1350,2589218.0,1242693.375,3.0
1885,65,3.0,1697,2533555.0,1173752.75,90.0
1886,60,3.0,1658,2651117.5,1224537.5,42.0
1887,92,3.0,1780,2728805.5,1278628.875,105.0
1888,95,4.0,1780,2639823.0,1227577.375,5.0
1889,38,1.0,2000,2687332.25,1239561.5,22.0
1890,89,3.0,1530,2582926.75,1184456.875,98.0
1891,84,3.0,1940,2666887.75,1240382.375,36.0
1892,79,3.0,1450,2585143.25,1220422.125,244.0
1893,75,2.0,1650,2680320.75,1252755.875,165.0
1894,97,4.0,2640,2664683.25,1211895.5,184.0
1895,118,4.0,2300,2688198.5,1280609.375,87.0
1896,63,2.0,1477,2593474.5,1119897.0,107.0
1897,90,3.0,970,2534558.0,1194704.25,86.0
1898,84,3.0,1570,2665911.75,1256748.375,234.0
1899,80,4.0,1700,2599779.75,1202345.625,113.0
1900,98,4.0,2935,2534065.5,1154645.125,173.0
1901,28,1.0,1050,2693210.75,1231914.125,87.0
1902,57,2.0,730,2554663.75,1217284.5,103.0
1903,42,2.0,780,2572600.0,1251600.0,19.0
1905,53,2.0,1210,2611126.75,1227281.5,116.0
1906,94,4.0,1620,2611334.75,1260172.25,62.0
1907,50,1.0,900,2713852.0,1114284.5,9.0
1908,111,4.0,1950,2664056.25,1271864.125,90.0
1909,100,2.0,3000,2604138.75,1187428.875,3.0
1910,54,2.0,1390,2581622.5,1218225.125,
1911,80,4.0,3150,2501751.5,1116579.5,311.0
1912,32,1.0,830,2610310.25,1265989.75,64.0
1913,86,4.0,1840,2609301.0,1262786.75,35.0
1914,23,1.0,600,2745622.0,1254094.625,43.0
1915,80,3.0,2300,2716782.5,1097052.5,12.0
1916,48,2.0,955,2553797.0,1200440.625,160.0
1917,138,4.0,3400,2694872.25,1253813.0,45.0
1918,100,3.0,1930,2730190.0,1271670.0,4.0
1919,59,2.0,1230,2593103.75,1120803.625,3.0
1920,72,3.0,1430,2608464.0,1267010.875,148.0
1921,70,3.0,1250,2600502.0,1125128.625,7.0
1922,70,2.0,1175,2713949.25,1272787.625,19.0
1923,50,2.0,1060,2588039.25,1210737.625,96.0
1924,13,1.0,720,2646174.5,1248735.75,51.0
1925,130,4.0,2540,2762644.0,1245176.125,20.0
1926,45,2.0,1530,2594253.5,1121597.625,8.0
1927,110,3.0,2950,2536191.5,1153868.75,175.0
1928,105,4.0,1990,2588807.0,1120918.75,30.0
1929,85,3.0,1190,2608012.0,1250831.875,48.0
1930,94,4.0,2200,2602206.5,1199078.75,149.0
1931,65,2.0,1390,2726698.25,1258212.125,
1933,61,1.0,2950,2683267.25,1247236.125,98.0
1934,68,3.0,1200,2605130.75,1252714.5,25.0
1935,77,3.0,1520,2618482.5,1263277.625,232.0
1936,60,2.0,1147,2584592.25,1207646.875,45.0
1939,37,1.0,1150,2538775.0,1151516.375,83.0
1940,45,2.0,1300,2660799.5,1269336.25,84.0
1941,28,1.0,695,2635097.25,1245391.875,132.0
1942,60,2.0,1620,2717670.75,1099108.5,29.0
1943,74,4.0,2940,2500315.0,1118494.5,384.0
1944,58,2.0,2745,2684068.0,1248222.75,135.0
1945,71,3.0,1400,2699745.75,1259989.0,117.0
1946,70,3.0,1500,2583458.25,1116436.5,53.0
1947,55,2.0,650,2548403.0,1212527.25,17.0
1948,38,1.0,1225,2633295.0,1127574.0,120.0
1949,61,2.0,1303,2726865.0,1269686.0,101.0
1951,79,3.0,1170,2593149.25,1245723.125,138.0
1952,62,3.0,1865,2538182.0,1153229.375,137.0
1953,77,3.0,2020,2707520.25,1234629.0,155.0
1954,67,2.0,1690,2578467.5,1180382.375,10.0
1956,88,4.0,1630,2558292.25,1143580.25,17.0
1957,80,3.0,1290,2619232.25,1257850.0,37.0
1959,94,3.0,1880,2743038.25,1271017.375,
1960,93,3.0,2340,2609301.0,1262786.75,35.0
1961,50,2.0,2360,2686056.25,1237107.0,45.0
1962,36,2.0,1440,2499492.25,1116327.125,199.0
1964,75,3.0,1550,2599425.75,1199095.0,101.0
1965,99,3.0,2210,2661357.5,1244066.125,94.0
1966,136,4.0,2300,2592774.5,1121311.25,36.0
1967,93,3.0,2375,2601463.0,1199697.375,196.0
1968,70,1.0,2000,2717008.5,1095994.875,101.0
1969,90,3.0,1910,2586261.5,1222264.875,36.0
1970,28,1.0,890,2730011.5,1278738.125,26.0
1971,130,5.0,1850,2615504.25,1128953.625,15.0
1973,78,3.0,1790,2554816.5,1188558.125,62.0
1974,111,4.0,2900,2688530.5,1250739.875,
1975,68,3.0,1670,2679374.0,1250376.25,
1976,27,1.0,850,2758651.75,1260537.75,18.0
1977,78,4.0,3250,2498219.75,1119971.25,18.0
1978,32,1.0,850,2574637.25,1185631.25,40.0
1980,25,1.0,900,2606651.0,1129207.5,5.0
1981,28,1.0,900,2592697.5,1119685.375,75.0
1982,62,2.0,2085,2687025.75,1234871.0,239.0
1983,88,4.0,1008,2586074.0,1182806.375,48.0
1984,66,3.0,1400,2537997.25,1153886.0,167.0
1985,56,3.0,1060,2610415.5,1215604.5,83.0
1986,89,3.0,1470,2619035.75,1235446.0,52.0
1987,70,3.0,1410,2577518.25,1183526.5,189.0
1988,134,5.0,2820,2590510.0,1213795.0,49.0
1989,63,3.0,1350,2601832.25,1201596.625,176.0
1990,130,4.0,1600,2583873.0,1231541.25,105.0
1991,95,4.0,1680,2574747.5,1182521.875,124.0
1992,32,1.0,1170,2718241.5,1096408.25,221.0
1993,38,1.0,1225,2718561.75,1096750.125,68.0
1994,92,4.0,1600,2563151.25,1129916.875,148.0
1995,50,2.0,1930,2690756.5,1253953.75,52.0
1996,105,4.0,1830,2578262.25,1181535.25,66.0
1997,139,5.0,2390,2613588.25,1263552.875,118.0
1998,122,5.0,1930,2612146.5,1260731.5,55.0
1999,142,3.0,4300,2704480.75,1231668.125,158.0
2000,92,1.0,2240,2691049.75,1275423.875,5.0
2001,129,4.0,2150,2718717.75,1228808.0,19.0
2002,112,3.0,1950,2538812.5,1174189.875,62.0
2003,93,3.0,3250,2695327.0,1229688.0,5.0
2004,45,2.0,1500,2604730.0,1129117.875,29.0
2005,130,7.0,1100,2699347.25,1149726.375,7.0
2006,69,2.0,2070,2611324.0,1267036.125,30.0
2007,120,5.0,2502,2693276.25,1231580.0,54.0
2008,74,2.0,2500,2559877.75,1142226.125,46.0
2009,68,3.0,1100,2728598.0,1256425.5,112.0
2010,74,3.0,840,2552860.25,1215870.625,162.0
2011,92,3.0,3010,2501456.5,1117291.0,246.0
2012,78,3.0,1952,2533694.0,1155965.0,427.0
2013,95,3.0,1320,2643267.25,1220064.625,3.0
2014,30,1.0,1100,2499148.75,1118217.375,358.0
2015,100,4.0,1700,2613896.75,1210711.125,46.0
2016,50,2.0,1480,2583785.25,1116550.375,20.0
2017,112,4.0,1530,2582378.75,1243180.75,98.0
2018,50,1.0,2100,2500385.5,1117510.75,211.0
2019,76,3.0,2050,2673824.0,1249851.125,206.0
2020,157,4.0,2220,2749593.0,1185165.0,21.0
2021,27,1.0,890,2739420.25,1186430.875,46.0
2022,105,4.0,2080,2578789.0,1199881.875,51.0
2024,28,1.0,1089,2499613.5,1116505.5,126.0
2025,90,3.0,1880,2730153.75,1270493.0,5.0
2026,86,3.0,1680,2655638.25,1271669.75,70.0
2027,17,1.0,1090,2663801.0,1209589.125,150.0
2028,87,3.0,1510,2577339.25,1182665.625,141.0
2029,35,1.0,1390,2680284.5,1247428.125,163.0
2031,124,4.0,3500,2587407.25,1192954.25,3.0
2032,52,2.0,1300,2705743.5,1114334.75,94.0
2033,105,4.0,1695,2613830.75,1212174.5,16.0
2034,60,3.0,1250,2715349.75,1096337.625,22.0
2035,124,4.0,2400,2757852.25,1190829.0,90.0
2036,61,3.0,1190,2562135.5,1205045.0,261.0
2037,147,5.0,1600,2738605.25,1270782.125,3.0
2039,88,3.0,1610,2701116.75,1262524.375,46.0
2040,76,3.0,1370,2607953.0,1227979.625,145.0
2041,57,2.0,1240,2723596.25,1119252.25,19.0
2042,65,3.0,1150,2596378.25,1192856.5,123.0
2043,97,3.0,1900,2744053.0,1217327.75,3.0
2044,80,4.0,950,2566616.25,1222910.25,3.0
2045,35,1.0,1350,2622482.0,1261816.625,29.0
2046,81,3.0,1450,2571724.25,1161685.75,97.0
2047,80,3.0,1810,2641378.25,1229547.75,64.0
2048,72,3.0,1780,2614623.5,1265103.125,22.0
2049,81,3.0,1700,2606540.25,1126663.25,28.0
2050,112,4.0,1400,2582339.5,1242961.0,3.0
2051,160,6.0,3800,2559767.25,1143034.75,19.0
2052,86,3.0,1700,2691810.25,1286728.5,63.0
2053,34,1.0,1250,2695435.5,1260717.125,148.0
2054,90,3.0,1590,2626458.25,1219641.625,3.0
2055,88,3.0,2020,2538249.0,1151717.125,109.0
2056,110,3.0,2000,2548681.25,1149930.75,101.0
2057,60,3.0,1500,2638846.0,1236390.625,41.0
2058,89,3.0,1690,2585136.5,1220626.75,151.0
2059,99,3.0,1800,2669746.5,1246576.5,101.0
2060,69,3.0,1770,2673520.75,1250032.0,210.0
2061,80,3.0,1900,2670892.0,1266519.875,61.0
2062,72,3.0,2030,2531583.75,1156236.125,152.0
2063,118,5.0,2050,2624883.75,1258267.0,138.0
2064,96,6.0,2852,2497557.25,1119892.125,133.0
2065,186,4.0,2680,2620173.25,1173606.25,37.0
2066,58,2.0,1600,2734902.25,1219588.625,10.0
2068,47,2.0,1440,2586128.0,1117522.5,30.0
2069,73,4.0,1650,2582902.0,1205508.375,
2070,79,2.0,2100,2683531.0,1253910.625,84.0
2071,120,4.0,2200,2593977.75,1120110.125,119.0
2072,77,4.0,1450,2560882.75,1204675.625,26.0
2073,89,2.0,1580,2629351.0,1256410.125,99.0
2074,44,1.0,850,2583295.5,1184789.75,11.0
2076,54,2.0,1250,2573093.5,1178417.125,57.0
2077,89,3.0,2130,2761663.25,1200168.0,32.0
2078,112,4.0,1950,2638358.25,1244136.0,54.0
2079,83,3.0,1800,2569015.0,1173450.5,20.0
2080,89,4.0,1600,2614321.5,1266830.25,167.0
2081,94,3.0,1800,2739656.25,1268343.0,26.0
2082,79,4.0,1950,2518410.25,1156495.125,82.0
2083,30,2.0,1200,2701294.5,1202882.625,3.0
2084,65,3.0,1650,2603491.25,1201041.5,121.0
2085,67,3.0,1650,2555952.75,1145440.375,79.0
2086,81,3.0,1780,2702221.25,1241917.0,64.0
2087,88,3.0,1650,2626518.75,1229878.125,38.0
2088,68,3.0,2304,2686673.5,1240587.5,14.0
2090,89,4.0,1990,2746013.5,1254236.0,70.0
2091,68,3.0,1100,2569048.75,1156909.25,10.0
2092,75,3.0,2433,2684335.25,1246586.5,121.0
2093,90,3.0,1200,2705496.75,1114534.625,84.0
2094,66,2.0,1020,2518936.25,1174002.5,131.0
2095,67,3.0,1129,2558073.75,1203918.875,82.0
2096,67,2.0,1550,2571636.25,1174498.375,5.0
2098,50,2.0,1470,2583785.25,1116550.375,20.0
2099,55,2.0,2150,2682354.0,1248122.875,233.0
2100,42,2.0,1070,2750483.75,1213127.625,57.0
2101,30,2.0,900,2569794.75,1124501.75,24.0
2102,55,2.0,1055,2572120.25,1105982.625,209.0
2103,100,3.0,1900,2566131.5,1176082.875,5.0
2104,84,3.0,1976,2532407.75,1155322.375,62.0
2106,69,4.0,1650,2682771.75,1253058.375,97.0
2107,25,1.0,1100,2535074.5,1154129.75,142.0
2108,90,3.0,1240,2720035.25,1081566.625,93.0
2109,187,2.0,2650,2601395.0,1203933.0,65.0
2110,113,4.0,2240,2759597.25,1199332.125,41.0
2111,110,4.0,1100,2626510.5,1127012.625,10.0
2112,60,3.0,1320,2596589.75,1198167.5,24.0
2113,96,3.0,2560,2682720.5,1264500.25,401.0
2114,317,5.0,17000,2684272.75,1246442.625,162.0
2115,64,3.0,1340,2524193.25,1148723.25,51.0
2116,51,2.0,1750,2603158.75,1128600.125,17.0
2117,124,4.0,2130,2641040.75,1229800.625,18.0
2118,49,2.0,1380,2716914.25,1096364.875,49.0
2121,110,4.0,3420,2538265.0,1165840.0,115.0
2122,113,5.0,1900,2612670.0,1259353.75,57.0
2123,49,2.0,1490,2610413.0,1268116.875,302.0
2124,89,3.0,1850,2605071.75,1252078.75,97.0
2125,34,1.0,1000,2633759.25,1239272.5,38.0
2126,60,2.0,1550,2603914.0,1128904.0,30.0
2127,90,3.0,1790,2571795.5,1174745.875,31.0
2128,105,4.0,1910,2728165.0,1255284.875,101.0
2129,68,2.0,1360,2681261.25,1258707.75,151.0
2131,84,4.0,1350,2635325.5,1245360.25,63.0
2132,150,5.0,1430,2572585.75,1251801.75,69.0
2133,130,3.0,1300,2555917.75,1215276.875,
2134,50,2.0,1250,2718302.0,1096354.0,246.0
2135,117,5.0,1740,2720821.0,1079335.625,56.0
2136,91,3.0,1555,2571767.25,1161704.125,153.0
2137,52,2.0,1600,2688212.75,1166094.25,16.0
2138,67,4.0,1200,2604119.25,1228968.125,102.0
2139,77,3.0,1070,2634968.5,1230879.75,58.0
2140,79,3.0,1690,2585728.5,1219993.0,83.0
2141,52,1.0,1460,2530557.0,1174845.875,37.0
2142,69,3.0,1810,2498975.25,1118919.25,288.0
2143,27,1.0,680,2562135.5,1205045.0,261.0
2144,50,1.0,1945,2499760.0,1116596.125,
2145,55,2.0,1850,2678743.75,1248984.875,193.0
2146,150,4.0,2800,2589691.0,1120441.5,14.0
2147,120,4.0,2490,2560747.0,1140922.125,90.0
2148,88,4.0,1670,2743913.5,1217292.375,29.0
2149,85,3.0,2150,2641035.75,1129563.75,
2150,136,4.0,2300,2592774.5,1121311.25,36.0
2151,127,5.0,1810,2630081.75,1268612.0,88.0
2152,80,3.0,1450,2670686.75,1244742.75,39.0
2153,71,3.0,1700,2538551.75,1151498.5,189.0
2154,31,1.0,1680,2683908.0,1248622.375,129.0
2155,78,3.0,1379,2592956.25,1246128.5,13.0
2156,94,4.0,1335,2624637.0,1266375.625,280.0
2157,91,4.0,1505,2572865.75,1251652.75,60.0
2158,94,5.0,3700,2685793.75,1244710.125,64.0
2159,92,4.0,1600,2563151.25,1129916.875,148.0
2160,50,3.0,1670,2538913.75,1152761.375,85.0
2161,127,4.0,2900,2739738.0,1250908.5,8.0
2162,86,3.0,1600,2606400.0,1126469.75,80.0
2163,85,4.0,2450,2499849.5,1115468.0,93.0
2164,75,2.0,1050,2719328.0,1099075.0,44.0
2165,85,3.0,3240,2679374.0,1250376.25,
2166,99,4.0,1960,2701382.0,1247301.875,67.0
2167,90,4.0,1100,2600599.25,1113203.75,12.0
2168,90,3.0,1150,2723946.75,1078183.375,42.0
2169,47,2.0,1300,2563397.75,1129246.5,95.0
2170,80,3.0,730,2732672.25,1264850.0,89.0
2171,35,1.0,760,2613720.75,1266610.25,196.0
2172,72,3.0,1600,2664290.0,1260090.25,167.0
2173,81,3.0,2540,2664798.5,1211870.0,42.0
2174,105,4.0,2750,2682745.25,1264578.875,401.0
2175,57,3.0,770,2595404.75,1243152.125,36.0
2176,98,3.0,2490,2665638.5,1210335.125,
2177,164,5.0,4021,2610668.25,1267485.25,128.0
2178,88,3.0,2860,2684909.5,1253259.5,225.0
2179,107,3.0,4441,2680712.5,1249507.625,149.0
2180,75,2.0,1450,2768190.25,1249924.875,
2181,74,3.0,2000,2541314.25,1155606.0,70.0
2182,122,4.0,2100,2762224.5,1252105.375,46.0
2183,73,3.0,1590,2704877.25,1114059.25,30.0
2184,115,4.0,2200,2599751.0,1199404.75,10.0
2185,54,3.0,1740,2665638.5,1210335.125,
2186,65,2.0,2000,2676354.0,1259972.375,24.0
2187,113,4.0,1950,2751467.25,1213081.875,85.0
2188,33,1.0,950,2579188.25,1173654.25,
2189,100,4.0,1400,2623606.0,1202766.125,17.0
2190,60,3.0,1410,2604116.0,1200149.375,24.0
2192,55,2.0,1900,2677267.75,1226137.75,133.0
2193,90,3.0,1750,2716533.0,1096002.75,194.0
2194,83,3.0,1300,2616377.25,1207390.875,45.0
2195,62,2.0,1810,2677517.75,1255990.25,125.0
2196,60,3.0,900,2718133.25,1133872.875,46.0
2197,100,3.0,1350,2714729.75,1106172.0,10.0
2198,94,3.0,1600,2724158.25,1217086.125,120.0
2199,54,2.0,1140,2644024.25,1130877.75,33.0
2200,105,3.0,3250,2544564.5,1149398.125,34.0
2201,57,3.0,1860,2665540.5,1212264.875,89.0
2202,88,4.0,1500,2635809.0,1222428.375,11.0
2203,80,3.0,980,2724705.25,1207803.125,44.0
2204,100,4.0,922,2612745.25,1266942.875,101.0
2205,46,2.0,2090,2682526.25,1247545.125,109.0
2206,30,1.0,890,2747960.25,1255381.375,184.0
2207,147,4.0,2840,2688542.0,1280002.75,54.0
2208,85,4.0,1427,2584718.0,1218364.375,93.0
2209,30,1.0,1250,2666438.25,1257825.0,97.0
2210,11,1.0,1090,2682562.75,1244113.625,41.0
2211,61,2.0,1450,2609401.0,1262747.125,45.0
2212,120,5.0,2000,2666262.75,1223110.375,5.0
2213,103,5.0,1830,2634700.0,1127013.0,84.0
2214,150,4.0,2050,2562463.25,1180910.5,12.0
2215,74,3.0,1510,2608215.25,1259477.625,159.0
2217,68,3.0,1570,2536372.75,1153993.5,242.0
2218,90,3.0,1990,2590748.5,1193195.625,
2219,93,3.0,1320,2578262.25,1181535.25,66.0
2220,145,3.0,2610,2555869.75,1136898.625,48.0
2221,60,2.0,2800,2697345.75,1227907.5,48.0
2222,65,2.0,1500,2664801.75,1214114.25,184.0
2223,67,3.0,1900,2539338.25,1152852.5,209.0
2224,30,1.0,880,2604729.0,1252449.75,130.0
2225,44,2.0,895,2576674.0,1250408.25,6.0
2226,99,4.0,1350,2558563.25,1204407.0,80.0
2227,140,5.0,2000,2611267.25,1226184.0,42.0
2228,143,3.0,1040,2581726.0,1229830.625,33.0
2229,110,3.0,2950,2536374.5,1155220.875,
2231,110,3.0,3500,2671880.75,1214386.75,8.0
2232,48,2.0,1700,2700002.25,1262136.75,363.0
2233,75,3.0,1682,2548688.5,1160856.5,15.0
2234,98,3.0,1515,2740865.5,1268446.125,184.0
2235,49,2.0,1420,2598563.25,1197230.25,84.0
2236,73,4.0,1180,2587560.25,1218876.25,141.0
2237,47,2.0,1831,2538675.25,1151390.75,83.0
2238,110,4.0,1980,2597076.5,1123157.25,7.0
2239,46,2.0,1450,2534760.75,1154200.75,163.0
2240,49,2.0,1060,2611310.0,1268525.5,323.0
2241,80,4.0,850,2554057.5,1217396.25,110.0
2242,54,2.0,1310,2538265.75,1188561.625,72.0
2243,52,1.0,1110,2609798.75,1265966.125,73.0
2244,71,3.0,1530,2575303.5,1109481.125,124.0
2245,56,3.0,1200,2661204.5,1245093.125,174.0
2246,74,2.0,2315,2685432.5,1238785.375,186.0
2248,50,2.0,1500,2630428.75,1267622.125,63.0
2249,69,2.0,1575,2598852.0,1199260.75,119.0
2250,20,1.0,871,2534268.0,1154649.375,179.0
2251,58,2.0,1420,2734846.0,1219453.125,22.0
2252,90,4.0,2220,2612505.75,1259710.125,
2253,64,3.0,1380,2623774.25,1242581.25,16.0
2254,75,3.0,1000,2573502.5,1230275.0,51.0
2255,83,3.0,2780,2695532.0,1234500.625,96.0
2256,70,3.0,1598,2615762.5,1269258.0,47.0
2257,111,4.0,1990,2758906.25,1239965.375,
2258,70,3.0,1520,2614267.5,1211889.25,81.0
2259,93,4.0,1770,2608089.5,1259305.5,86.0
2260,85,4.0,2250,2694062.25,1235581.125,115.0
2262,59,2.0,1450,2656586.0,1240815.625,87.0
2263,57,3.0,1050,2747342.0,1256368.0,69.0
2264,53,1.0,1120,2588304.25,1221653.0,85.0
2266,56,2.0,1690,2695497.5,1229278.875,51.0
2267,40,1.0,1100,2712676.75,1236000.125,58.0
2268,64,2.0,1450,2569405.5,1162587.875,95.0
2269,87,2.0,2090,2594501.0,1187408.0,9.0
2270,60,2.0,1180,2722301.75,1116781.5,118.0
2271,50,2.0,510,2548069.5,1212473.5,100.0
2272,78,4.0,2190,2599882.25,1200414.125,197.0
2273,51,2.0,1460,2596403.5,1199384.875,252.0
2274,64,3.0,1810,2623920.5,1128646.125,
2275,95,3.0,1500,2617159.5,1207322.5,55.0
2276,38,2.0,1250,2690203.0,1255353.0,67.0
2277,112,4.0,2500,2667134.75,1222858.0,25.0
2278,81,3.0,1450,2571711.75,1161687.375,97.0
2279,76,2.0,1450,2659252.25,1260160.25,3.0
2280,124,3.0,1500,2612786.25,1182301.0,39.0
2281,108,4.0,2100,2578253.0,1180560.0,
2282,80,3.0,2874,2604138.75,1187428.875,3.0
2284,59,2.0,970,2712644.5,1233284.875,89.0
2285,55,1.0,1080,2571307.5,1211241.25,25.0
2286,59,2.0,1320,2567269.0,1128889.0,7.0
2287,38,1.0,1045,2718505.75,1096493.25,212.0
2288,54,2.0,1100,2607812.75,1259071.0,54.0
2289,75,2.0,1650,2680320.75,1252755.875,165.0
2290,45,2.0,1750,2554754.5,1146631.625,359.0
2291,110,3.0,1659,2686640.5,1263327.75,102.0
2292,90,3.0,2200,2632618.25,1169585.0,39.0
2293,79,3.0,1820,2554816.5,1188558.125,62.0
2294,70,3.0,2035,2694578.75,1253773.375,149.0
2295,100,3.0,1820,2732490.5,1278119.625,58.0
2296,54,2.0,1850,2676092.25,1250505.875,57.0
2297,31,1.0,1170,2539742.5,1154444.5,358.0
2298,43,3.0,880,2736301.5,1263014.5,4.0
2299,66,3.0,1490,2600272.75,1201771.0,81.0
2300,86,3.0,2090,2611316.75,1260378.875,53.0
2301,47,2.0,1440,2586128.0,1117522.5,30.0
2302,120,5.0,3950,2676175.25,1214992.0,147.0
2303,63,3.0,1450,2612774.5,1263890.0,132.0
2304,60,3.0,1200,2612825.0,1239750.0,10.0
2305,100,3.0,1150,2716812.25,1260365.375,63.0
2306,82,4.0,1440,2571240.0,1163548.75,95.0
2307,60,2.0,1100,2713213.25,1100704.375,31.0
2308,92,3.0,1179,2627033.75,1210370.875,15.0
2309,39,1.0,730,2501610.25,1144703.75,80.0
2310,91,4.0,1515,2754266.0,1259987.125,174.0
2311,97,2.0,2375,2688084.25,1244819.5,55.0
2312,100,3.0,2200,2635262.0,1241033.5,37.0
2313,85,3.0,1900,2663943.5,1265884.125,19.0
2314,55,2.0,1800,2706871.0,1279701.875,62.0
2315,25,1.0,1100,2557804.0,1143680.25,304.0
2316,55,3.0,2012,2498352.75,1118165.25,118.0
2317,60,2.0,1250,2715349.75,1096337.625,22.0
2318,60,3.0,1000,2594573.0,1225069.625,36.0
2319,30,1.0,750,2683328.5,1263844.25,99.0
2321,73,3.0,1539,2670778.5,1246438.875,41.0
2322,58,2.0,1530,2668677.25,1244383.0,60.0
2323,48,2.0,1120,2561174.75,1204698.5,183.0
2324,70,2.0,1300,2760442.0,1204536.25,18.0
2325,175,4.0,2031,2686211.75,1264829.5,51.0
2326,72,2.0,1050,2688608.25,1281804.0,46.0
2327,30,1.0,636,2637691.0,1237340.75,55.0
2328,45,1.0,2340,2684015.75,1247474.875,13.0
2329,113,5.0,1860,2612670.0,1259353.75,57.0
2330,70,2.0,1200,2717219.75,1112375.875,84.0
2331,73,3.0,2000,2721256.25,1114430.375,31.0
2332,85,3.0,1490,2704796.25,1113201.375,89.0
2333,100,2.0,1880,2611796.0,1268740.625,323.0
2335,117,5.0,1890,2760061.0,1249279.375,72.0
2336,110,4.0,2200,2671508.25,1193061.375,7.0
2337,76,3.0,1615,2611888.0,1267035.75,100.0
2338,69,3.0,1640,2611739.25,1265532.875,309.0
2339,72,3.0,1575,2577658.0,1183403.875,223.0
2340,98,3.0,1755,2740896.75,1268391.125,56.0
2341,54,2.0,1285,2577479.0,1183438.875,165.0
2342,77,2.0,1870,2691558.75,1248925.375,72.0
2343,80,4.0,1040,2562666.0,1220411.0,
2344,35,1.0,885,2613896.75,1210711.125,46.0
2345,55,1.0,1790,2684463.0,1240960.125,60.0
2346,70,3.0,810,2527725.5,1191139.875,7.0
2347,65,3.0,900,2582492.75,1230813.0,79.0
2349,57,2.0,1100,2723658.5,1119193.5,107.0
2350,60,3.0,800,2558294.5,1211794.5,73.0
2351,165,4.0,2950,2714174.0,1086857.625,
2352,140,3.0,2300,2716790.0,1095188.0,6.0
2353,86,2.0,1220,2584407.5,1115350.625,70.0
2354,75,3.0,1390,2611687.0,1266043.875,40.0
2355,55,2.0,1100,2586797.75,1222300.875,109.0
2356,55,2.0,1750,2615727.0,1270261.125,80.0
2357,84,2.0,1830,2693543.25,1235979.125,110.0
2358,64,2.0,2970,2684018.75,1248285.75,135.0
2359,34,1.0,990,2559016.0,1203733.375,155.0
2360,63,2.0,1460,2578283.75,1180553.875,
2361,75,3.0,1680,2624883.75,1258267.0,138.0
2362,90,4.0,2120,2702399.0,1241121.625,63.0
2363,44,1.0,1760,2506437.25,1138425.75,125.0
2364,116,4.0,2010,2722436.0,1258314.125,132.0
2365,76,3.0,1800,2615726.25,1270232.5,80.0
2366,68,3.0,890,2566310.0,1220376.625,
2367,100,4.0,2680,2501930.0,1138670.0,28.0
2368,65,2.0,1150,2701899.0,1113444.25,48.0
2369,70,2.0,1340,2636450.75,1244126.875,141.0
2370,42,3.0,1120,2645948.25,1250308.75,124.0
2372,129,4.0,1980,2635272.75,1239639.75,67.0
2373,40,1.0,800,2592637.75,1213403.25,20.0
2375,123,5.0,2800,2612056.5,1266862.0,111.0
2376,101,4.0,1660,2647899.25,1250081.75,28.0
2377,55,2.0,1550,2578298.75,1180659.875,127.0
2378,79,3.0,1820,2578348.25,1180421.75,30.0
2379,63,2.0,1420,2554394.0,1200140.0,44.0
2380,108,4.0,2890,2541773.25,1151741.875,54.0
2381,100,3.0,3130,2696473.0,1252495.0,35.0
2382,120,4.0,2170,2675247.0,1232101.0,12.0
2383,78,3.0,700,2720022.25,1081102.5,26.0
2384,83,3.0,2150,2519390.0,1149950.0,120.0
2385,61,3.0,1160,2635654.0,1243877.875,144.0
2386,26,1.0,890,2609442.0,1228950.375,229.0
2387,105,4.0,1590,2552903.5,1216245.125,43.0
2388,47,2.0,1200,2535917.5,1157521.0,144.0
2389,46,2.0,2350,2500125.5,1117607.375,192.0
2390,58,2.0,1250,2690107.5,1284452.375,97.0
2391,63,2.0,1210,2613731.0,1267431.0,124.0
2393,61,3.0,1240,2566229.0,1123079.625,50.0
2395,95,4.0,1500,2755708.0,1190538.125,55.0
2396,94,4.0,2050,2664085.75,1213357.375,
2398,40,1.0,950,2732841.0,1264913.875,29.0
2400,110,4.0,1950,2632519.0,1170451.0,50.0
2401,65,3.0,1700,2705551.5,1231492.625,115.0
2402,162,4.0,4520,2678743.75,1248984.875,193.0
2403,59,2.0,1484,2554156.75,1200618.75,103.0
2404,40,1.0,750,2552340.5,1215905.125,197.0
2405,124,4.0,2600,2681877.25,1240003.125,66.0
2406,48,2.0,890,2563702.25,1206887.5,234.0
2407,69,3.0,1755,2699473.5,1263510.75,174.0
2408,90,3.0,4670,2683932.5,1245619.375,11.0
2409,66,3.0,1750,2607672.75,1227932.875,78.0
2410,120,3.0,1490,2630948.5,1218449.625,44.0
2411,80,4.0,2000,2729866.0,1278180.5,16.0
2412,209,5.0,2450,2748310.75,1255325.375,24.0
2413,72,2.0,2670,2688542.0,1280002.75,54.0
2415,103,4.0,1850,2565790.75,1163691.5,40.0
2416,62,2.0,1345,2663924.75,1260235.875,187.0
2417,15,1.0,800,2559073.25,1144193.5,36.0
2418,65,3.0,1190,2596785.25,1199532.875,123.0
2419,50,3.0,1380,2707905.5,1266624.75,
2420,128,4.0,1700,2575023.0,1182437.375,79.0
2421,70,3.0,1150,2724144.5,1077211.125,
2422,70,1.0,800,2555917.75,1215276.875,
2423,90,3.0,1550,2596792.0,1226306.75,25.0
2424,120,4.0,2490,2641649.75,1259573.0,3.0
2425,73,2.0,1210,2728426.0,1255255.5,18.0
2426,20,1.0,1100,2535514.75,1156238.25,18.0
2427,64,3.0,1700,2498916.25,1118534.125,280.0
2428,72,3.0,2040,2600881.0,1201015.625,154.0
2430,136,6.0,5400,2500547.0,1117605.125,92.0
2431,27,1.0,900,2573933.0,1105900.25,43.0
2432,63,2.0,2350,2683361.75,1248905.625,179.0
2433,81,4.0,868,2573265.25,1252037.5,25.0
2434,82,3.0,1690,2609385.25,1191020.375,102.0
2435,103,5.0,1390,2699171.75,1220813.875,42.0
2436,114,4.0,2490,2681416.5,1269518.875,111.0
2437,82,4.0,1400,2718884.0,1081044.625,16.0
2438,107,4.0,1900,2611998.5,1257812.375,88.0
2439,35,1.0,1100,2611011.25,1266224.0,121.0
2440,48,3.0,1300,2702422.5,1113700.75,65.0
2443,69,2.0,1830,2611317.5,1266944.25,73.0
2444,160,5.0,1450,2537887.25,1197191.5,59.0
2445,90,3.0,1880,2730190.0,1271670.0,4.0
2446,117,4.0,2200,2730190.0,1271670.0,4.0
2447,53,2.0,710,2574680.25,1161720.125,15.0
2448,114,3.0,3500,2699427.25,1220446.5,199.0
2449,89,3.0,2130,2761663.25,1200168.0,32.0
2450,89,4.0,993,2547689.0,1211997.875,123.0
2451,63,2.0,1210,2748248.0,1256310.625,97.0
2452,20,2.0,650,2729173.5,1267963.625,53.0
2453,90,4.0,1835,2741164.5,1253385.75,107.0
2454,115,4.0,1550,2765937.25,1257716.875,76.0
2455,65,2.0,1150,2545730.75,1193602.5,28.0
2456,78,3.0,1530,2616030.0,1264051.125,95.0
2457,55,2.0,1470,2536775.0,1153475.0,11.0
2458,70,2.0,1000,2700439.75,1120131.625,54.0
2459,83,4.0,1550,2621755.25,1260316.875,111.0
2460,67,1.0,1920,2684465.75,1252564.0,249.0
2461,99,4.0,3900,2677920.25,1254691.875,37.0
2462,43,1.0,990,2653320.0,1247525.625,
2463,60,2.0,1000,2721070.5,1126240.125,28.0
2464,34,1.0,840,2559016.0,1203733.375,155.0
2465,73,3.0,1480,2690741.25,1214540.0,56.0
2466,64,3.0,1005,2589490.25,1221076.125,42.0
2467,90,4.0,1040,2758875.5,1240506.5,35.0
2468,65,2.0,950,2595152.5,1236477.25,23.0
2469,139,5.0,1290,2570719.25,1236912.0,21.0
2470,89,3.0,1500,2538115.25,1165909.875,69.0
2471,117,4.0,2420,2621965.5,1264831.625,156.0
2472,39,1.0,1500,2500492.25,1117400.875,89.0
2473,75,3.0,1900,2681248.25,1247144.875,149.0
2474,98,4.0,2400,2500916.0,1137844.25,25.0
2475,35,2.0,1200,2518880.75,1173972.75,118.0
2476,78,3.0,1520,2600654.5,1205664.25,62.0
2477,88,3.0,1710,2578210.0,1180786.75,
2478,88,3.0,1730,2706181.75,1237120.5,108.0
2479,88,3.0,1675,2640864.75,1227149.0,41.0
2480,74,3.0,1510,2608089.5,1259305.5,86.0
2481,58,2.0,1200,2745935.25,1270523.875,80.0
2482,129,4.0,2660,2672898.0,1251391.375,105.0
2483,111,4.0,2395,2759346.25,1191144.125,86.0
2484,81,4.0,1100,2638354.0,1245968.875,36.0
2485,45,1.0,880,2641069.0,1229704.5,102.0
2486,98,3.0,1780,2604147.25,1207665.0,73.0
2487,60,3.0,1000,2754157.0,1260370.25,76.0
2488,63,2.0,2000,2691974.0,1232895.75,92.0
2489,82,3.0,1660,2759606.25,1199350.375,8.0
2490,70,3.0,1375,2722001.0,1116806.0,29.0
2491,55,2.0,1709,2539159.5,1152878.875,80.0
2492,40,2.0,1250,2643038.75,1249912.0,7.0
2493,69,2.0,2565,2688691.5,1250502.0,50.0
2494,124,4.0,2190,2575416.5,1109439.125,127.0
2495,48,2.0,1480,2758715.25,1191878.125,103.0
2496,129,3.0,3500,2671459.5,1211591.5,42.0
2499,91,3.0,1560,2703126.0,1285032.0,31.0
2500,57,3.0,1040,2587409.5,1210082.75,33.0
2501,45,2.0,1035,2747583.5,1255446.75,70.0
2502,112,3.0,1490,2720966.5,1258477.875,28.0
2503,114,4.0,1990,2655626.75,1239987.0,12.0
2504,50,2.0,1200,2645368.75,1244621.125,55.0
2505,60,2.0,1342,2610182.5,1268421.5,130.0
2506,97,3.0,1300,2562063.0,1122182.25,69.0
2507,72,2.0,1150,2643164.25,1247409.125,72.0
2508,78,3.0,1420,2577525.5,1182779.75,238.0
2509,91,3.0,1350,2588590.5,1242680.625,48.0
2510,33,1.0,960,2611568.5,1265612.875,238.0
2511,52,2.0,1050,2716309.0,1112054.625,168.0
2512,64,3.0,1840,2623920.5,1128646.125,
2513,82,3.0,2720,2610712.5,1266179.75,136.0
2514,54,2.0,1180,2594011.0,1119633.75,199.0
2515,86,2.0,2010,2674760.5,1268274.375,49.0
2516,47,2.0,1200,2535884.75,1157378.25,136.0
2517,100,3.0,2140,2722106.75,1223766.125,7.0
2518,93,4.0,1880,2620938.25,1261752.625,115.0
2519,60,3.0,1330,2555292.5,1136990.0,20.0
2520,75,2.0,1430,2635116.0,1241941.5,121.0
2521,100,3.0,1990,2722106.75,1223766.125,7.0
2522,113,4.0,1735,2612322.0,1176853.5,48.0
2523,80,3.0,1740,2618269.5,1170897.125,13.0
2524,80,4.0,1460,2744574.25,1253982.125,200.0
2525,87,3.0,1260,2750107.0,1264415.0,81.0
2526,126,5.0,2630,2714292.25,1225949.75,40.0
2527,79,3.0,1650,2745538.75,1270128.625,73.0
2528,55,2.0,1570,2726992.0,1265673.25,7.0
2529,90,3.0,1700,2715298.0,1096639.375,58.0
2530,81,4.0,1950,2570968.75,1163687.125,53.0
2531,67,3.0,1530,2609307.75,1229244.0,165.0
2532,59,3.0,1550,2654956.5,1249070.0,101.0
2533,99,3.0,1580,2581535.75,1180250.0,41.0
2536,28,1.0,990,2610212.0,1267862.625,222.0
2537,35,1.0,770,2623829.5,1208802.75,37.0
2538,84,3.0,1900,2665730.5,1256752.125,
2539,39,2.0,1098,2578453.0,1183886.0,85.0
2540,93,4.0,1735,2593062.5,1246172.0,3.0
2541,98,3.0,1950,2622000.25,1264927.75,134.0
2543,80,3.0,1126,2592143.25,1224656.625,44.0
2544,32,1.0,1100,2682926.25,1251127.375,53.0
2546,63,2.0,1560,2704234.0,1113972.375,55.0
2548,78,3.0,1480,2638245.5,1237138.0,37.0
2549,59,2.0,1270,2638953.5,1238652.625,99.0
2550,64,3.0,1250,2710157.0,1268627.5,117.0
2551,149,4.0,2800,2654755.75,1236400.0,21.0
2552,120,3.0,1580,2724700.25,1240638.5,27.0
2553,94,3.0,1814,2690379.25,1246375.625,123.0
2554,23,1.0,1150,2539103.75,1152548.25,186.0
2555,55,2.0,1530,2578188.25,1180672.875,
2556,36,2.0,930,2536510.0,1153137.375,382.0
2557,111,3.0,3150,2500160.25,1115981.125,277.0
2558,49,2.0,890,2563774.5,1206864.875,234.0
2559,135,4.0,2350,2612029.75,1266307.25,39.0
2560,80,4.0,1500,2692521.5,1186661.25,29.0
2561,58,2.0,1552,2682186.25,1248126.625,222.0
2562,45,2.0,2200,2666395.25,1204024.875,37.0
2563,72,3.0,1330,2577658.0,1183403.875,223.0
2564,78,3.0,3170,2682446.5,1244804.5,250.0
2565,108,4.0,1660,2629941.5,1268565.25,95.0
2566,29,2.0,1350,2506253.5,1117424.25,14.0
2567,25,1.0,850,2587396.5,1221705.25,17.0
2568,68,2.0,1360,2722972.75,1252496.625,88.0
2569,68,3.0,1244,2635550.25,1244325.875,213.0
2570,86,4.0,1840,2609239.0,1262042.125,63.0
2572,113,4.0,2250,2709393.75,1268948.375,90.0
2573,99,2.0,1600,2604648.5,1252111.0,105.0
2574,82,2.0,2950,2682548.0,1264499.0,124.0
2575,60,3.0,920,2568997.25,1109486.375,33.0
2576,90,3.0,1700,2666042.0,1239592.5,87.0
2577,120,4.0,2490,2641649.75,1259573.0,3.0
2578,100,3.0,2280,2668291.0,1236345.0,59.0
2579,55,1.0,2420,2684729.5,1251792.5,23.0
2580,83,3.0,1520,2608167.0,1266456.75,9.0
2581,100,4.0,1200,2720979.5,1079248.75,
2582,110,4.0,2490,2674475.75,1268300.125,27.0
2583,32,1.0,1295,2534754.25,1155340.875,91.0
2584,130,5.0,1550,2641269.5,1210853.0,6.0
2585,32,2.0,1404,2501223.75,1117583.125,281.0
2586,124,4.0,1400,2576750.0,1233946.0,28.0
2587,86,4.0,1880,2498713.5,1118618.625,455.0
2588,79,3.0,1820,2578348.25,1180421.75,30.0
2589,147,3.0,1650,2593413.5,1245878.375,257.0
2590,60,3.0,1400,2693069.25,1272238.875,50.0
2591,64,3.0,1500,2613612.0,1175813.875,162.0
2592,92,4.0,1600,2563151.25,1129916.875,148.0
2593,87,4.0,1420,2755415.75,1253886.5,
2595,106,5.0,2500,2498517.0,1114733.0,186.0
2596,130,5.0,1670,2621122.75,1195742.375,33.0
2597,65,3.0,1090,2553826.25,1218151.625,108.0
2598,100,2.0,2180,2610861.75,1268794.0,171.0
2599,69,3.0,1190,2704481.25,1113214.875,83.0
2600,63,3.0,2300,2498920.0,1117390.75,186.0
2601,120,4.0,1750,2661213.25,1191564.25,51.0
2602,89,3.0,1670,2754844.25,1225849.0,72.0
2603,53,2.0,1510,2506319.25,1138000.5,80.0
2604,150,5.0,1700,2614293.0,1172559.375,5.0
2605,123,5.0,2995,2612056.5,1266862.0,111.0
2606,70,2.0,2552,2684456.5,1241092.5,39.0
2607,63,3.0,1720,2575616.75,1182171.875,107.0
2608,60,2.0,995,2747806.25,1257508.75,85.0
2609,87,3.0,1550,2589460.25,1119254.375,37.0
2610,73,3.0,2520,2615321.75,1221577.375,7.0
2611,87,3.0,3100,2688653.0,1250490.125,85.0
2612,80,3.0,2261,2682407.75,1244899.875,250.0
2613,24,1.0,1110,2536787.5,1152918.5,327.0
2614,87,4.0,1860,2677975.75,1233394.0,88.0
2615,49,2.0,1210,2538572.25,1152359.375,199.0
2616,64,3.0,1590,2698943.75,1260998.0,171.0
2617,81,3.0,2770,2504059.0,1132178.5,116.0
2618,88,3.0,2220,2609301.0,1262786.75,35.0
2619,92,3.0,2280,2609301.0,1262786.75,35.0
2620,101,3.0,2300,2756804.0,1207765.875,69.0
2621,72,3.0,800,2595111.0,1242562.25,48.0
2622,82,4.0,1330,2744756.75,1254060.5,76.0
2623,120,4.0,1250,2723205.5,1118343.125,32.0
2624,57,2.0,1600,2598665.0,1198088.875,89.0
2625,84,4.0,1050,2554822.0,1217188.125,127.0
2626,70,2.0,750,2702475.5,1145345.625,
2627,30,1.0,1000,2571463.75,1165520.375,107.0
2628,105,3.0,3250,2544608.5,1149414.125,19.0
2630,105,4.0,1570,2621010.0,1237529.25,51.0
2631,117,4.0,2145,2587232.5,1210235.625,71.0
2632,120,5.0,2846,2554678.75,1146176.875,46.0
2633,30,1.0,1000,2546026.75,1155764.625,15.0
2634,60,2.0,1150,2562014.75,1122477.25,180.0
2635,140,4.0,1390,2613548.5,1175970.625,171.0
2636,90,3.0,1350,2633714.25,1244063.5,47.0
2637,100,4.0,1330,2547782.75,1211439.75,110.0
2638,55,2.0,1130,2656969.0,1271918.0,
2639,65,1.0,1250,2547145.5,1196281.0,
2641,95,4.0,1600,2592520.0,1185125.25,68.0
2643,95,3.0,2390,2538667.25,1151948.125,384.0
2644,112,5.0,2435,2691833.0,1286476.625,133.0
2645,130,4.0,2400,2666262.75,1223110.375,5.0
2646,111,4.0,2025,2636287.75,1240483.0,61.0
2647,23,1.0,715,2535266.75,1154545.625,155.0
2648,70,3.0,2000,2719147.75,1099719.625,30.0
2649,83,4.0,1250,2555419.25,1188292.375,127.0
2650,76,3.0,850,2716063.25,1098843.75,47.0
2651,83,3.0,2150,2518101.75,1150159.375,
2652,106,3.0,2050,2577833.0,1183747.5,39.0
2653,87,3.0,3800,2535217.5,1154949.25,53.0
2654,68,3.0,2600,2695937.25,1245444.875,57.0
2655,74,3.0,2740,2682849.25,1249180.625,193.0
2656,77,3.0,1370,2546837.25,1183260.625,145.0
2657,71,2.0,1430,2761184.0,1259225.75,15.0
2658,54,3.0,2750,2501025.5,1116742.25,153.0
2659,105,4.0,1910,2688572.0,1281847.25,186.0
2660,95,3.0,2375,2662236.0,1211953.375,103.0
2661,88,3.0,1950,2528632.0,1162219.625,72.0
2664,30,1.0,1050,2738723.5,1267631.5,44.0
2665,63,3.0,1540,2613190.5,1267048.875,202.0
2666,70,2.0,1590,2669331.25,1244753.625,72.0
2667,31,1.0,1105,2702826.75,1112623.75,42.0
2668,82,3.0,1440,2615185.5,1180647.25,121.0
2669,94,4.0,1940,2614595.5,1212410.0,179.0
2670,83,4.0,2580,2501060.25,1117621.875,383.0
2671,160,1.0,1820,2681016.75,1249372.0,202.0
2672,68,3.0,1390,2621748.0,1260476.125,106.0
2673,96,3.0,2146,2538866.75,1155101.0,12.0
2674,44,2.0,1550,2540775.75,1151123.625,165.0
2675,39,2.0,1210,2675627.0,1252533.75,54.0
2676,100,1.0,1850,2626613.25,1229127.25,10.0
2677,84,3.0,1575,2607036.5,1126479.375,245.0
2678,115,5.0,1800,2730061.5,1171626.125,9.0
2679,127,4.0,1670,2634548.5,1126591.0,109.0
2680,74,2.0,1581,2705599.75,1279785.75,26.0
2681,84,4.0,2134,2686502.75,1236637.0,18.0
2682,92,4.0,1890,2665870.25,1257821.5,48.0
2684,91,3.0,2400,2612029.75,1267509.75,118.0
2685,105,4.0,1720,2592398.0,1185054.625,74.0
2686,83,3.0,1732,2679895.5,1248525.0,82.0
2687,125,4.0,2100,2700327.25,1220606.0,
2688,40,3.0,795,2572660.75,1251603.625,101.0
2689,56,2.0,2050,2716790.0,1095188.0,6.0
2690,103,4.0,2090,2758484.25,1191052.625,142.0
2691,50,2.0,2200,2673109.5,1251215.125,50.0
2692,121,4.0,2440,2738701.0,1185021.25,3.0
2693,97,4.0,2759,2698941.5,1229089.0,61.0
2694,111,4.0,1500,2751894.5,1247479.375,48.0
2695,110,3.0,1850,2565220.0,1185143.25,28.0
2696,34,1.0,820,2559016.0,1203733.375,155.0
2697,110,4.0,1870,2580676.0,1200498.25,48.0
2698,55,2.0,650,2548106.5,1212410.375,57.0
2699,92,3.0,2830,2628208.75,1257443.5,57.0
2700,84,3.0,2090,2653320.0,1247525.625,
2701,110,4.0,1890,2703069.5,1209931.0,
2702,56,2.0,1200,2594029.5,1119669.875,199.0
2703,105,5.0,1800,2638014.25,1238323.375,123.0
2704,37,1.0,650,2564897.75,1207669.125,
2705,53,2.0,1980,2612313.0,1265559.875,139.0
2706,170,1.0,2900,2696441.5,1261436.875,183.0
2707,90,3.0,1300,2588734.25,1120787.75,39.0
2708,66,3.0,1680,2611119.25,1266052.875,290.0
2709,61,2.0,1300,2640864.75,1227149.0,41.0
2710,115,4.0,2475,2599186.0,1199390.875,121.0
2711,36,1.0,900,2719462.75,1115895.5,43.0
2712,70,3.0,615,2527725.5,1191139.875,7.0
2713,27,2.0,1600,2500455.25,1118554.375,462.0
2714,90,3.0,1350,2627067.0,1241589.875,41.0
2715,72,3.0,1750,2665918.75,1209352.25,493.0
2716,73,3.0,1990,2687804.0,1246306.0,76.0
2717,91,4.0,1695,2610036.25,1264995.25,207.0
2718,101,4.0,1826,2595096.25,1226303.5,
2719,130,4.0,1640,2594576.75,1123388.75,45.0
2720,108,4.0,1500,2592956.25,1246128.5,13.0
2721,71,3.0,1520,2577479.0,1183438.875,165.0
2722,31,2.0,1220,2718241.5,1096408.25,221.0
2725,130,5.0,1670,2621122.75,1195742.375,33.0
2726,104,4.0,2170,2744133.75,1253577.875,162.0
2727,91,4.0,2859,2675260.5,1245942.25,84.0
2728,123,5.0,3100,2539719.75,1151013.0,94.0
2729,100,5.0,1290,2570017.75,1250429.5,32.0
2730,65,3.0,1600,2527892.75,1152321.5,178.0
2731,80,3.0,1525,2589547.75,1214323.75,56.0
2732,70,3.0,1190,2579670.25,1184148.25,208.0
2733,70,3.0,1225,2558934.0,1203721.75,122.0
2734,60,3.0,1100,2727592.25,1255658.125,63.0
2735,86,4.0,3360,2607029.5,1272113.875,
2736,75,3.0,1545,2630034.75,1234549.25,42.0
2737,58,2.0,1250,2745974.0,1270533.875,80.0
2739,91,3.0,1560,2610850.5,1227873.875,49.0
2740,66,3.0,1020,2574684.5,1230417.0,16.0
2741,65,2.0,1300,2720466.5,1116016.25,82.0
2742,32,1.0,2040,2684079.75,1247425.5,13.0
2743,52,2.0,1272,2601862.25,1199438.5,80.0
2744,68,2.0,2250,2499398.5,1118693.0,408.0
2745,100,4.0,2500,2502933.0,1113181.875,72.0
2746,26,1.0,850,2638455.75,1234640.25,62.0
2747,60,2.0,1580,2610069.75,1266591.875,89.0
2749,77,2.0,1691,2611685.5,1265945.875,141.0
2750,115,4.0,1890,2556053.25,1201880.75,169.0
2751,81,3.0,1695,2601417.0,1206655.5,23.0
2752,46,2.0,1230,2619287.5,1263920.75,128.0
2753,75,3.0,1450,2599455.75,1200461.125,208.0
2754,85,3.0,1050,2717463.25,1096542.5,60.0
2755,81,2.0,1630,2743164.75,1252353.25,116.0
2756,59,3.0,1500,2596394.75,1199438.0,43.0
2757,27,1.0,610,2554146.5,1216942.5,84.0
2758,80,3.0,1280,2708526.75,1173760.75,24.0
2759,60,2.0,1654,2527888.75,1151423.375,136.0
2760,43,2.0,1660,2609972.25,1267659.25,388.0
2761,77,3.0,1530,2578946.5,1163391.75,34.0
2762,106,4.0,2015,2646196.75,1239278.375,95.0
2763,65,2.0,1350,2562622.0,1180020.125,32.0
2764,84,3.0,2130,2696685.5,1245404.25,106.0
2765,202,5.0,4490,2604138.75,1187428.875,3.0
2766,79,4.0,2630,2501060.25,1117621.875,383.0
2767,90,4.0,990,2728905.5,1243295.375,11.0
2768,105,4.0,1840,2730028.75,1278785.125,26.0
2769,60,2.0,1120,2755767.0,1260436.625,135.0
2770,34,1.0,1015,2538632.25,1153204.125,92.0
2771,69,2.0,1345,2550738.0,1168735.5,136.0
2772,54,2.0,1110,2719597.75,1081210.875,31.0
2773,54,2.0,1025,2592778.75,1223180.625,48.0
2774,90,3.0,1200,2715573.75,1102671.125,155.0
2775,55,2.0,1390,2598938.5,1200298.625,161.0
2776,56,3.0,1350,2682771.75,1253058.375,97.0
2777,52,2.0,2128,2684299.75,1252026.375,
2778,55,2.0,2290,2682616.0,1250198.5,225.0
2779,59,2.0,1280,2626592.75,1229863.125,38.0
2780,75,2.0,2575,2611165.25,1267420.375,118.0
2781,54,2.0,1470,2578188.25,1180672.875,
2782,70,3.0,1180,2703926.0,1113903.125,80.0
2783,111,4.0,1800,2649205.75,1246117.625,97.0
2784,122,4.0,2450,2751593.0,1210864.125,15.0
2785,90,2.0,1750,2712121.0,1094839.0,3.0
2786,98,3.0,1610,2635379.25,1241081.5,156.0
2787,170,5.0,2150,2614301.25,1211707.375,78.0
2788,76,3.0,1450,2704496.5,1113299.375,83.0
2789,62,3.0,1360,2630930.25,1252477.0,21.0
2791,75,3.0,1480,2755304.25,1215857.0,21.0
2792,92,3.0,1925,2539368.75,1152846.0,209.0
2793,81,3.0,1575,2722001.0,1116806.0,29.0
2794,82,3.0,2238,2507236.25,1137729.75,133.0
2795,87,4.0,2700,2538798.0,1152817.375,26.0
2796,63,3.0,1200,2507476.5,1162457.375,65.0
2797,79,3.0,1985,2554740.0,1188445.0,
2798,104,4.0,1955,2613683.5,1267290.375,160.0
2799,121,2.0,3100,2683559.25,1240013.875,33.0
2800,96,3.0,2722,2537978.0,1155293.5,37.0
2801,114,4.0,2390,2662816.5,1251735.125,149.0
2802,72,4.0,2800,2681788.75,1246435.25,221.0
2803,80,2.0,2420,2695542.75,1235289.25,14.0
2804,82,3.0,2230,2537427.25,1152014.0,124.0
2805,70,3.0,1090,2728432.5,1236750.75,
2806,280,6.0,4700,2572257.5,1169597.75,5.0
2807,100,3.0,1995,2635371.0,1240900.5,164.0
2808,170,6.0,1910,2593283.25,1122289.5,55.0
2809,36,1.0,810,2709116.5,1268527.5,70.0
2810,76,3.0,1790,2554405.5,1145997.125,
2811,41,1.0,1220,2648468.75,1246724.5,98.0
2812,60,2.0,1050,2721391.5,1116951.125,23.0
2813,40,2.0,1300,2680768.25,1246851.375,166.0
2814,79,3.0,1925,2645789.25,1252163.75,59.0
2815,90,3.0,2630,2688667.75,1234322.125,35.0
2816,65,2.0,1250,2578391.5,1215678.25,
2817,59,2.0,1280,2626596.25,1229737.125,38.0
2818,65,4.0,2360,2495998.75,1112762.625,93.0
2819,50,2.0,1190,2735868.25,1276689.5,71.0
2820,102,,1650,2646387.5,1251602.375,98.0
2822,70,3.0,1370,2684935.0,1283748.125,40.0
2823,41,1.0,1180,2699819.25,1262608.5,108.0
2824,81,3.0,1770,2571368.25,1167055.375,64.0
2825,101,4.0,2135,2674357.25,1268438.0,148.0
2826,78,3.0,1670,2574834.5,1196635.75,41.0
2827,72,3.0,2340,2689406.25,1251404.875,
2828,55,2.0,2300,2678870.75,1248032.625,75.0
2830,77,3.0,1090,2761714.75,1252086.625,36.0
2831,160,5.0,2000,2723449.5,1077541.875,58.0
2832,97,4.0,1530,2614756.25,1212552.75,163.0
2833,98,4.0,2700,2693104.0,1230992.75,35.0
2834,77,3.0,2400,2695870.75,1229595.25,52.0
2835,106,3.0,3303,2684456.5,1241092.5,39.0
2836,57,2.0,1920,2682370.0,1244861.0,189.0
2837,90,3.0,1590,2578043.0,1184594.375,150.0
2838,101,2.0,2075,2674307.75,1248063.5,59.0
2839,106,4.0,2000,2585564.25,1220528.5,83.0
2841,66,2.0,1430,2655612.25,1249319.5,152.0
2842,48,2.0,2000,2558887.5,1145423.375,17.0
2843,71,3.0,1450,2596471.75,1199588.25,137.0
2844,61,2.0,750,2592779.75,1246029.75,123.0
2845,77,3.0,1540,2587314.5,1222916.25,95.0
2846,94,4.0,2150,2654322.0,1248778.0,179.0
2847,65,3.0,1581,2603583.5,1200134.25,92.0
2849,28,1.0,1950,2610304.0,1267200.5,103.0
2850,86,3.0,1360,2603309.0,1202717.375,104.0
2851,105,4.0,2950,2682864.75,1263486.25,
2852,132,4.0,2925,2612546.0,1259165.375,32.0
2853,40,2.0,1300,2611383.0,1265588.75,90.0
2854,90,4.0,2550,2536930.25,1153251.875,350.0
2855,55,3.0,2012,2498352.75,1118165.25,118.0
2856,31,1.0,1300,2540158.5,1154349.375,115.0
2857,58,2.0,1400,2606136.0,1229095.625,45.0
2858,76,3.0,1600,2678803.75,1259541.25,105.0
2859,51,3.0,1030,2647216.5,1249020.5,142.0
2860,93,3.0,2920,2532593.0,1151776.375,41.0
2861,95,3.0,1370,2643267.25,1220064.625,3.0
2862,90,3.0,1430,2602895.5,1200560.75,30.0
2863,100,4.0,1400,2623606.0,1202766.125,17.0
2864,64,3.0,1973,2674338.75,1249223.75,82.0
2865,104,5.0,1950,2602759.0,1124350.0,9.0
2866,105,3.0,1800,2713277.25,1097299.25,
2867,65,4.0,2200,2495998.75,1112762.625,93.0
2868,37,1.0,1135,2612040.75,1268086.0,143.0
2869,124,4.0,2460,2748277.5,1263702.25,30.0
2870,53,2.0,1700,2623207.5,1247272.25,22.0
2871,99,3.0,2070,2666920.75,1263727.125,33.0
2872,117,4.0,1800,2656460.25,1234189.5,17.0
2874,65,3.0,1400,2596078.75,1198767.75,10.0
2875,21,1.0,870,2527018.25,1151836.625,48.0
2877,80,3.0,2100,2693528.0,1271939.875,132.0
2878,128,4.0,3040,2519692.75,1149516.625,204.0
2879,31,1.0,879,2571968.25,1105826.875,105.0
2880,119,4.0,2000,2618783.75,1249555.625,3.0
2881,78,3.0,1770,2608438.25,1266776.875,148.0
2882,60,3.0,650,2548178.5,1212516.625,41.0
2883,117,4.0,2200,2730153.75,1270493.0,5.0
2884,82,4.0,1143,2596248.25,1192692.5,60.0
2885,55,2.0,1320,2746872.25,1250887.875,85.0
2886,70,3.0,1200,2566360.25,1222568.375,11.0
2887,85,4.0,2075,2691859.5,1207663.0,44.0
2888,35,1.0,900,2637131.25,1161356.75,30.0
2889,98,3.0,2050,2578247.0,1182807.875,198.0
2890,53,2.0,1520,2612807.5,1266059.125,294.0
2891,65,2.0,1100,2710771.25,1115233.625,28.0
2892,85,2.0,960,2724144.5,1077211.125,
2893,130,4.0,2400,2737689.75,1264507.625,4.0
2894,105,3.0,800,2716790.0,1095188.0,6.0
2895,82,2.0,2380,2665278.0,1258621.5,85.0
2896,75,2.0,1450,2767620.0,1251177.0,29.0
2897,56,2.0,850,2620730.5,1208164.375,8.0
2898,90,3.0,1970,2586297.25,1221481.375,150.0
2899,70,3.0,1240,2723467.5,1246749.625,27.0
2900,67,2.0,1390,2679536.75,1282698.375,91.0
2901,104,4.0,1810,2647782.0,1250072.75,153.0
2902,46,2.0,1400,2718288.25,1097142.75,89.0
2903,120,4.0,2200,2609574.5,1266802.25,120.0
2905,20,1.0,870,2672868.25,1250616.5,52.0
2907,85,3.0,1270,2720116.25,1081371.5,110.0
2908,57,2.0,1100,2607425.75,1228415.75,177.0
2909,35,2.0,750,2533096.5,1153995.75,
2910,85,3.0,1980,2607736.75,1267241.0,127.0
2911,106,4.0,2580,2662935.75,1244683.375,9.0
2912,58,2.0,1250,2639778.75,1254668.875,37.0
2913,85,4.0,1250,2664287.75,1212520.25,120.0
2914,94,3.0,2930,2706985.5,1227695.375,168.0
2915,75,3.0,1200,2555615.75,1208207.875,21.0
2916,132,3.0,1800,2717655.0,1099177.875,29.0
2917,72,3.0,2785,2664945.75,1258477.0,41.0
2918,102,4.0,1490,2603284.25,1202713.0,44.0
2919,100,4.0,1670,2622886.25,1229036.125,15.0
2920,74,2.0,1581,2705509.0,1279935.0,16.0
2921,79,3.0,1845,2672138.75,1250761.0,170.0
2922,46,2.0,1450,2534997.75,1153923.75,24.0
2923,57,2.0,1890,2539103.75,1152548.25,186.0
2924,50,2.0,1210,2750423.75,1264686.75,102.0
2925,99,4.0,1920,2708916.75,1268929.375,58.0
2926,45,1.0,900,2716754.0,1081510.625,48.0
2927,63,2.0,1290,2759838.5,1249203.5,49.0
2928,83,2.0,1870,2694663.5,1261975.25,135.0
2929,90,3.0,1920,2688725.25,1285786.75,86.0
2930,143,6.0,3360,2699778.25,1262609.25,97.0
2931,91,3.0,1440,2723106.0,1078996.625,96.0
2932,125,4.0,2240,2667983.5,1244335.25,130.0
2933,64,3.0,1380,2718493.75,1098491.25,22.0
2934,56,2.0,1800,2682251.25,1245878.25,273.0
2935,91,3.0,1940,2662667.25,1211160.625,357.0
2936,63,3.0,1640,2609377.5,1267682.75,122.0
2937,85,2.0,2100,2560568.25,1141336.75,8.0
2938,91,3.0,1850,2614200.25,1211939.875,27.0
2939,100,4.0,1750,2592956.25,1246128.5,13.0
2940,96,3.0,2270,2688800.75,1249558.625,97.0
2941,65,3.0,1350,2604502.0,1202664.75,103.0
2942,73,3.0,1800,2531718.5,1155962.0,204.0
2943,85,3.0,1200,2723623.0,1081469.25,4.0
2944,123,4.0,2150,2578262.25,1181535.25,66.0
2945,104,4.0,1760,2724599.0,1242909.5,31.0
2946,82,3.0,1760,2548062.75,1175990.75,
2947,110,4.0,1950,2632337.25,1170510.5,
2948,71,3.0,1235,2687669.0,1281536.625,67.0
2949,76,3.0,1690,2597097.75,1199271.625,128.0
2950,110,3.0,2300,2759120.5,1191343.25,23.0
2951,64,2.0,1280,2574616.75,1185650.375,40.0
2952,65,3.0,900,2561130.25,1134188.625,31.0
2954,50,2.0,1998,2638113.5,1246613.375,3.0
2955,210,6.0,2200,2626458.25,1219641.625,3.0
2956,87,3.0,1880,2646677.75,1257730.5,15.0
2957,63,2.0,940,2719174.75,1112737.5,106.0
2958,94,4.0,1730,2739656.25,1268343.0,26.0
2959,29,2.0,1350,2505743.5,1118127.125,140.0
2960,112,,1830,2564000.0,1206319.875,31.0
2961,100,3.0,1560,2611291.0,1266023.75,268.0
2962,84,3.0,1790,2540251.25,1180853.75,111.0
2963,120,3.0,2250,2610871.75,1266891.125,104.0
2964,32,1.0,850,2607484.0,1127404.375,33.0
2965,88,3.0,3100,2696216.0,1260750.875,10.0
2966,130,4.0,1800,2566308.75,1222423.25,74.0
2967,80,3.0,1980,2682412.25,1247312.75,
2968,122,4.0,1990,2646183.0,1239229.125,95.0
2969,61,3.0,1160,2668653.0,1235490.375,97.0
2970,60,2.0,1590,2726992.0,1265673.25,7.0
2971,55,1.0,1080,2612953.0,1267676.0,30.0
2972,131,5.0,2265,2606901.75,1197870.5,205.0
2973,64,2.0,1485,2541270.5,1181397.625,34.0
2975,112,3.0,1950,2538812.5,1174189.875,62.0
2976,74,3.0,1550,2690646.75,1246438.0,46.0
2977,41,2.0,1371,2747231.25,1258451.375,134.0
2978,90,4.0,1510,2577625.5,1183109.25,62.0
2979,90,3.0,1450,2751350.25,1211231.0,23.0
2980,65,2.0,1600,2599472.75,1200760.25,116.0
2981,55,2.0,900,2721654.0,1078663.75,46.0
2982,163,7.0,2810,2610273.75,1268994.875,156.0
2983,62,2.0,1430,2765306.5,1253111.5,98.0
2984,135,4.0,1999,2712992.5,1245556.125,25.0
2985,80,3.0,1810,2641378.25,1229547.75,64.0
2986,84,3.0,1980,2622602.75,1259676.5,12.0
2987,121,4.0,2120,2661472.75,1249010.25,47.0
2988,82,3.0,1370,2657722.25,1258968.5,279.0
2989,66,3.0,1020,2574684.5,1230417.0,16.0
2990,110,2.0,2890,2689106.0,1244571.25,24.0
2991,61,2.0,1290,2592440.75,1224709.875,57.0
2992,35,1.0,1180,2587792.5,1197865.125,10.0
2993,113,4.0,1380,2593446.25,1245121.125,86.0
2994,108,4.0,2300,2611537.0,1265975.25,266.0
2995,62,2.0,1095,2595812.5,1119835.375,4.0
2996,122,4.0,1870,2585801.25,1220790.625,251.0
2997,67,2.0,2070,2679533.0,1249209.5,221.0
2998,200,5.0,2250,2609279.25,1267218.0,85.0
2999,67,3.0,2390,2507279.25,1146535.875,14.0
3000,55,3.0,1515,2758406.75,1191084.125,142.0
3001,69,3.0,1771,2534412.25,1154353.875,13.0
3002,85,3.0,1620,2624292.5,1257821.75,72.0
3003,59,2.0,1390,2653320.0,1247525.625,
3004,52,2.0,1490,2605648.25,1201045.375,72.0
3005,74,2.0,1315,2617109.25,1207419.0,36.0
3006,67,2.0,2000,2682207.75,1263983.875,32.0
3007,75,2.0,1850,2538396.75,1151435.375,213.0
3008,90,3.0,1660,2688725.25,1285786.75,86.0
3009,55,2.0,1650,2689406.25,1251404.875,
3011,90,3.0,1740,2679952.25,1267737.5,138.0
3012,90,3.0,1900,2606762.0,1251940.75,
3013,93,3.0,1680,2634570.5,1239461.0,98.0
3014,166,6.0,2950,2612229.75,1260692.375,121.0
3015,93,4.0,2600,2654524.0,1245410.75,14.0
3016,103,3.0,2210,2657392.0,1228353.875,71.0
3017,75,3.0,1953,2672341.75,1251410.625,30.0
3018,111,4.0,2530,2702446.25,1241308.75,167.0
3019,101,3.0,3500,2686162.0,1243483.0,52.0
3020,115,4.0,2448,2678965.75,1251237.5,91.0
3021,64,3.0,1850,2623920.5,1128646.125,
3022,53,2.0,1120,2571998.75,1105940.5,38.0
3023,76,3.0,1500,2609414.25,1225766.375,171.0
3024,91,4.0,1480,2691466.0,1282327.0,24.0
3025,34,1.0,995,2765043.5,1253553.5,90.0
3026,86,3.0,1420,2606540.25,1126663.25,28.0
3027,60,3.0,3070,2501368.5,1116546.0,255.0
3028,75,3.0,2653,2684945.0,1246124.5,321.0
3029,100,3.0,1950,2719037.0,1096512.125,29.0
3030,31,1.0,1750,2683424.5,1251711.75,
3031,45,2.0,850,2572980.5,1252545.125,12.0
3032,63,2.0,1150,2754767.5,1260077.5,113.0
3033,45,2.0,1290,2558438.25,1154066.125,
3034,49,2.0,770,2723745.0,1118993.375,87.0
3035,79,3.0,1410,2554364.5,1217068.375,69.0
3036,59,3.0,1600,2736589.75,1252891.25,81.0
3037,56,2.0,1372,2604160.75,1200688.625,84.0
3038,76,3.0,2000,2616980.0,1270218.375,29.0
3039,148,5.0,3150,2540142.0,1151283.375,92.0
3040,65,2.0,1940,2506498.75,1138290.375,
3041,75,2.0,1250,2710405.5,1115333.625,105.0
3042,25,2.0,1520,2501616.25,1117951.5,175.0
3043,48,2.0,2000,2558887.5,1145423.375,17.0
3044,77,3.0,1460,2618412.25,1263272.0,232.0
3045,60,2.0,1340,2730153.75,1270493.0,5.0
3046,61,2.0,1680,2535599.75,1152231.375,49.0
3047,85,3.0,1595,2613896.75,1210711.125,46.0
3048,58,2.0,1650,2678351.5,1241111.75,29.0
3049,54,3.0,1390,2597266.5,1198760.25,
3051,54,2.0,1200,2697976.5,1122567.375,37.0
3052,102,4.0,2220,2578348.25,1180421.75,30.0
3053,102,4.0,1890,2717801.0,1258196.5,96.0
3054,30,2.0,1300,2499679.25,1117382.625,352.0
3055,47,1.0,1759,2702765.5,1242339.25,27.0
3056,85,3.0,2216,2683461.25,1263582.625,89.0
3057,49,2.0,1330,2578220.25,1181495.25,103.0
3058,110,4.0,1980,2597076.5,1123157.25,7.0
3059,80,3.0,1920,2605019.0,1187325.75,4.0
3060,44,2.0,1550,2539813.0,1151757.875,120.0
3061,65,2.0,1636,2691945.5,1286518.875,29.0
3062,64,2.0,1780,2622167.75,1259602.0,24.0
3063,28,1.0,850,2600819.0,1207568.25,92.0
3064,160,4.0,6200,2517389.0,1147215.875,3.0
3065,55,2.0,800,2613476.75,1211105.875,23.0
3066,71,3.0,1525,2699807.0,1260178.0,66.0
3068,72,3.0,1150,2718765.0,1129131.0,23.0
3069,85,3.0,2885,2688138.0,1234758.625,132.0
3070,67,3.0,1540,2611140.0,1266122.125,300.0
3071,101,4.0,3100,2535920.5,1159400.0,6.0
3072,91,3.0,1640,2636004.25,1243820.625,127.0
3073,110,4.0,1200,2703947.75,1148869.0,26.0
3074,60,2.0,1457,2681193.75,1248408.125,300.0
3075,71,2.0,2400,2680794.5,1246750.5,153.0
3076,95,4.0,1680,2699175.0,1220219.75,85.0
3077,112,4.0,2400,2559951.75,1204573.75,77.0
3078,70,2.0,1360,2569165.75,1189774.0,3.0
3079,53,2.0,1400,2562349.0,1152539.0,61.0
3080,100,3.0,3000,2716823.0,1090403.0,53.0
3081,100,3.0,1670,2655626.75,1239987.0,12.0
3082,60,2.0,1580,2558030.75,1143278.75,3.0
3083,56,2.0,1928,2680573.5,1248301.625,307.0
3084,68,3.0,1070,2585324.0,1220205.5,253.0
3085,29,1.0,780,2562435.25,1122541.25,232.0
3086,87,3.0,1930,2571060.0,1174192.25,23.0
3087,23,1.0,1148,2537349.25,1151449.5,86.0
3088,50,2.0,1025,2530864.5,1185572.875,8.0
3089,56,2.0,1500,2609301.0,1262786.75,35.0
3090,40,2.0,1300,2746006.25,1254976.625,53.0
3091,58,2.0,1290,2560109.25,1204587.125,153.0
3092,60,2.0,850,2714236.75,1095525.625,
3093,66,3.0,1850,2610650.25,1266592.5,197.0
3094,122,5.0,2500,2611467.25,1258307.5,94.0
3095,70,3.0,1050,2718778.5,1128992.75,63.0
3096,130,4.0,2600,2697113.0,1239375.0,
3097,52,2.0,1340,2642078.5,1130220.75,33.0
3099,87,3.0,1745,2555542.5,1188929.0,111.0
3100,131,4.0,2040,2657937.0,1259708.875,175.0
3101,123,5.0,3400,2681710.25,1240343.375,89.0
3103,27,1.0,700,2728274.75,1179257.625,3.0
3104,60,2.0,1000,2588209.5,1242677.625,45.0
3105,18,1.0,1320,2533618.0,1157526.0,
3106,84,3.0,900,2593034.0,1245958.25,206.0
3107,81,4.0,1770,2675704.75,1256980.0,28.0
3108,72,3.0,1590,2553551.0,1165421.0,3.0
3109,100,4.0,850,2709617.75,1144415.25,
3110,95,3.0,2280,2607029.5,1272113.875,
3111,100,4.0,1200,2592539.0,1246066.875,27.0
3112,32,1.0,1050,2718260.75,1096439.0,221.0
3113,52,2.0,1425,2600620.5,1200633.625,61.0
3114,80,4.0,2680,2498791.5,1119647.875,268.0
3115,99,4.0,1900,2738244.25,1253613.25,80.0
3116,70,3.0,1450,2739608.5,1268778.0,41.0
3117,48,2.0,2250,2691487.0,1236096.0,12.0
3118,60,3.0,1470,2561128.75,1158155.125,30.0
3119,104,4.0,1620,2589156.5,1193793.125,76.0
3120,78,3.0,2010,2554740.0,1188445.0,
3121,60,2.0,1654,2527892.75,1151428.125,136.0
3122,119,4.0,2290,2590510.0,1213795.0,49.0
3123,93,4.0,1500,2604815.75,1208548.0,80.0
3124,56,2.0,1925,2685027.25,1247839.875,88.0
3125,76,3.0,1400,2607870.5,1266478.875,117.0
3126,71,3.0,1350,2754641.0,1224872.375,164.0
3127,60,3.0,1750,2738739.5,1274476.875,22.0
3128,45,1.0,1460,2600509.75,1200706.75,170.0
3129,68,2.0,1760,2612422.25,1268810.875,
3131,90,4.0,1380,2611224.0,1226403.5,33.0
3132,38,2.0,1040,2747519.75,1258273.75,79.0
3133,100,3.0,1600,2607084.75,1126878.875,33.0
3134,56,2.0,2990,2610069.75,1266591.875,89.0
3135,77,3.0,2110,2663742.75,1199294.625,56.0
3136,91,3.0,1960,2578337.0,1180511.875,
3137,70,3.0,1270,2573454.0,1212411.5,34.0
3138,90,3.0,1050,2544301.25,1213316.25,11.0
3139,94,4.0,1750,2651974.0,1250353.5,81.0
3140,90,2.0,2333,2615726.25,1270232.5,80.0
3141,45,2.0,1250,2719037.0,1096512.125,29.0
3142,39,2.0,1834,2695468.75,1234168.5,50.0
3143,47,2.0,1260,2586067.25,1117646.0,131.0
3144,119,4.0,2180,2699306.25,1221201.875,116.0
3145,71,2.0,930,2582880.0,1223254.875,38.0
3146,75,3.0,2000,2694825.5,1262724.75,131.0
3147,95,4.0,1400,2616733.0,1216168.0,
3148,64,3.0,1810,2623882.75,1129187.125,37.0
3149,91,5.0,2100,2676967.75,1251513.625,98.0
3150,33,1.0,820,2613095.75,1269041.75,155.0
3151,110,5.0,1490,2570746.0,1214510.625,
3153,108,4.0,1805,2598229.0,1195805.75,80.0
3155,180,4.0,2830,2745994.75,1254303.875,27.0
3156,93,3.0,1510,2643510.0,1249555.875,115.0
3157,110,6.0,2990,2499047.75,1118039.0,427.0
3158,53,2.0,1240,2531132.0,1174833.0,206.0
3159,58,3.0,1075,2594321.0,1245638.5,50.0
3160,60,1.0,1000,2705474.0,1114370.5,6.0
3161,76,2.0,1845,2694326.0,1262393.0,90.0
3162,110,5.0,2500,2699572.0,1249408.125,215.0
3163,53,1.0,2020,2674373.5,1256296.5,
3164,120,3.0,1690,2703922.5,1113838.375,176.0
3165,85,3.0,2350,2554300.0,1146500.0,33.0
3166,55,2.0,2625,2681637.75,1246490.5,308.0
3167,62,1.0,1650,2662236.0,1211953.375,103.0
3168,32,2.0,1315,2499333.25,1118116.0,362.0
3169,65,3.0,1260,2560135.0,1183066.75,50.0
3171,49,2.0,1210,2538546.5,1152347.75,199.0
3172,90,4.0,1070,2544301.25,1213316.25,11.0
3173,54,2.0,1640,2628317.25,1264074.125,58.0
3174,142,4.0,2140,2585914.75,1221109.375,15.0
3175,97,4.0,1650,2600618.25,1205559.125,83.0
3176,100,5.0,1900,2627967.0,1126314.5,8.0
3177,98,3.0,1750,2742985.5,1253133.75,124.0
3178,60,2.0,950,2654469.25,1230408.125,20.0
3179,62,3.0,2120,2500176.0,1116919.875,130.0
3180,41,1.0,790,2610630.25,1266941.75,125.0
3181,95,4.0,1630,2733083.75,1277895.125,92.0
3182,89,3.0,2120,2605084.25,1252228.5,15.0
3183,53,2.0,1290,2614204.75,1266849.875,139.0
3184,114,4.0,2670,2538866.75,1155101.0,12.0
3185,52,2.0,1109,2708741.0,1115124.625,91.0
3186,70,3.0,1598,2615762.5,1269258.0,47.0
3188,46,2.0,975,2609413.25,1228862.75,79.0
3189,55,2.0,1200,2705474.0,1114370.5,6.0
3190,90,4.0,2280,2665638.5,1210335.125,
3191,99,4.0,2420,2586197.0,1222309.625,
3192,132,3.0,2150,2702518.25,1113471.75,71.0
3193,29,1.0,940,2652939.75,1225258.75,48.0
3194,50,2.0,1290,2577795.75,1183357.375,223.0
3195,41,2.0,1160,2746754.25,1254730.0,159.0
3196,82,3.0,1750,2578270.0,1180593.875,
3197,88,3.0,1080,2574108.0,1230283.25,59.0
3198,60,3.0,1250,2569538.0,1211195.5,24.0
3199,80,3.0,1090,2745209.75,1253382.375,128.0
3201,71,3.0,1450,2596471.75,1199588.25,137.0
3202,90,3.0,2520,2693524.0,1231812.375,44.0
3203,77,2.0,1795,2660872.75,1244409.25,37.0
3204,59,2.0,1200,2706301.5,1115042.375,110.0
3205,107,4.0,2100,2605323.0,1193309.75,88.0
3206,94,3.0,1300,2615839.75,1187581.5,11.0
3207,55,3.0,1420,2598831.75,1200143.625,183.0
3208,54,2.0,1350,2743055.75,1252458.875,116.0
3209,93,3.0,1850,2575558.25,1186360.625,66.0
3210,60,2.0,1654,2527888.75,1151423.375,136.0
3211,88,3.0,1650,2626342.0,1229391.375,66.0
3212,79,3.0,1520,2626596.25,1229737.125,38.0
3213,82,4.0,1500,2504270.0,1158753.0,
3214,112,4.0,2390,2660759.75,1254210.0,91.0
3215,128,5.0,1680,2589626.75,1213222.0,83.0
3216,79,3.0,2058,2612058.75,1268861.25,396.0
3217,94,4.0,2240,2701087.0,1234588.5,159.0
3218,68,3.0,1893,2530619.5,1151896.125,35.0
3219,74,3.0,1520,2614283.25,1266786.875,134.0
3220,77,3.0,2410,2694656.25,1229033.375,20.0
3221,85,4.0,1330,2721797.5,1116301.125,94.0
3222,94,4.0,1740,2561978.0,1122851.625,116.0
3223,58,2.0,1200,2540222.75,1181180.25,202.0
3224,51,2.0,1400,2681172.75,1262537.5,150.0
3225,75,3.0,1150,2763908.25,1248151.875,43.0
3226,103,2.0,2894,2538263.5,1152448.625,494.0
3227,76,2.0,1975,2677692.5,1254037.5,60.0
3228,92,3.0,2900,2544564.0,1149473.0,120.0
3229,130,4.0,2000,2723778.0,1118810.0,36.0
3230,78,3.0,1800,2604827.0,1208185.375,138.0
3231,57,2.0,730,2554663.75,1217284.5,103.0
3232,135,6.0,3500,2506259.0,1124287.875,35.0
3233,85,3.0,1940,2633114.25,1244009.0,99.0
3234,140,4.0,2480,2501469.5,1117846.625,399.0
3235,50,2.0,1250,2716783.0,1081521.625,48.0
3236,54,2.0,1450,2628317.25,1264074.125,58.0
3237,115,4.0,3255,2681306.5,1247411.625,309.0
3238,87,4.0,1340,2749848.5,1264393.25,89.0
3239,70,3.0,1119,2580996.25,1176965.75,76.0
3240,100,4.0,1530,2728859.5,1268114.375,60.0
3241,89,3.0,2090,2660882.75,1244344.75,82.0
3242,84,3.0,1550,2675465.75,1256707.25,75.0
3243,72,3.0,2785,2664945.75,1258477.0,41.0
3244,90,3.0,1950,2604204.25,1192582.75,8.0
3245,95,3.0,2350,2506810.75,1138329.25,126.0
3246,106,4.0,1970,2635079.5,1240466.0,87.0
3247,100,5.0,2080,2615357.0,1269447.0,62.0
3248,72,3.0,2785,2664945.75,1258477.0,41.0
3249,98,3.0,2490,2665647.25,1212229.25,92.0
3250,44,2.0,1650,2540788.75,1151122.75,165.0
3251,55,2.0,1550,2578289.0,1180632.5,127.0
3252,52,1.0,1200,2637534.5,1249286.5,74.0
3253,65,3.0,1640,2666953.0,1257537.375,175.0
3254,60,2.0,1860,2611629.0,1177272.125,
3255,105,4.0,2670,2607519.0,1266926.75,40.0
3256,93,4.0,1770,2608215.25,1259477.625,159.0
3257,52,2.0,2490,2683415.5,1247515.875,147.0
3258,76,3.0,1790,2554405.5,1145997.125,
3259,77,3.0,1200,2571267.0,1181483.375,72.0
3260,60,2.0,950,2595979.0,1236292.875,
3261,82,3.0,3250,2697478.0,1228509.0,56.0
3262,39,2.0,2080,2498650.0,1114435.5,229.0
3263,113,3.0,1800,2605452.5,1210915.875,17.0
3264,61,3.0,1590,2697106.75,1233043.5,185.0
3265,85,4.0,3200,2499313.0,1119031.25,566.0
3266,55,3.0,1460,2598822.0,1200120.5,183.0
3267,59,2.0,1650,2535441.0,1153798.875,245.0
3268,82,3.0,1760,2548062.75,1175990.75,
3269,75,3.0,1660,2720598.5,1257525.125,10.0
3270,48,2.0,1096,2553829.5,1145668.75,526.0
3271,43,2.0,1090,2597287.75,1119968.5,46.0
3272,135,3.0,2050,2624133.25,1252790.375,32.0
3273,30,1.0,950,2589460.25,1119254.375,37.0
3274,85,3.0,950,2720132.0,1080814.375,64.0
3275,25,1.0,750,2629461.75,1260455.0,32.0
3276,101,5.0,2800,2497332.0,1115672.75,25.0
3277,79,3.0,2160,2533497.25,1153640.25,74.0
3278,80,2.0,2420,2695542.75,1235289.25,14.0
3279,99,3.0,2533,2689406.25,1251404.875,
3281,90,3.0,1680,2609649.5,1228636.125,125.0
3282,60,2.0,1500,2723435.25,1217681.5,35.0
3283,67,3.0,1070,2649620.25,1246537.375,72.0
3284,64,3.0,1280,2596995.25,1198778.625,45.0
3285,119,4.0,3600,2693733.25,1235589.875,80.0
3286,68,3.0,1750,2610199.25,1268236.875,119.0
3287,34,1.0,1200,2534500.0,1153100.0,265.0
3288,98,3.0,1850,2653083.25,1219601.875,8.0
3289,60,2.0,995,2736306.25,1263024.625,4.0
3290,60,2.0,2500,2506487.0,1138368.25,221.0
3291,40,1.0,950,2732841.0,1264913.875,29.0
3292,71,3.0,1591,2571746.0,1174730.5,31.0
3293,81,4.0,1450,2694783.5,1289200.75,21.0
3294,147,4.0,2575,2693598.25,1268871.75,81.0
3295,77,3.0,1910,2612937.5,1263731.25,126.0
3297,68,3.0,2600,2695993.5,1246290.5,42.0
3299,72,3.0,1950,2684010.5,1247110.0,63.0
3300,46,2.0,1040,2578323.5,1182837.75,277.0
3301,71,3.0,2150,2538329.75,1152377.25,23.0
3303,55,2.0,1100,2717982.25,1135337.375,56.0
3304,63,3.0,1250,2557271.25,1167804.375,12.0
3305,74,4.0,2940,2500435.5,1118449.0,364.0
3306,119,4.0,1920,2614547.25,1212236.75,56.0
3307,103,4.0,1820,2650473.25,1224767.0,123.0
3308,50,2.0,1150,2715539.5,1135991.625,42.0
3309,75,3.0,1690,2657252.5,1237724.5,80.0
3310,73,2.0,1070,2704699.0,1217136.75,30.0
3311,81,3.0,1840,2611515.25,1260389.375,79.0
3312,70,,2280,2515405.25,1146303.875,14.0
3313,160,5.0,1750,2634699.0,1138278.0,
3314,75,3.0,2040,2532222.5,1156082.125,107.0
3315,35,2.0,1180,2584144.75,1111325.75,
3316,56,2.0,1100,2592962.5,1119823.875,251.0
3317,80,3.0,730,2553839.5,1200503.375,153.0
3318,52,1.0,1240,2530557.0,1174845.875,37.0
3319,90,4.0,1570,2620927.75,1262070.625,86.0
3320,44,2.0,1550,2539813.0,1151757.875,120.0
3321,56,2.0,2394,2685302.25,1251218.0,121.0
3322,100,3.0,3000,2716823.0,1090403.0,53.0
3323,30,1.0,620,2558917.75,1203714.875,122.0
3324,70,3.0,980,2703926.0,1113903.125,80.0
3325,148,5.0,2900,2540097.5,1151279.125,108.0
3326,104,4.0,2535,2689213.25,1206498.25,86.0
3327,70,3.0,2350,2736945.75,1184662.125,4.0
3328,50,2.0,1100,2563724.0,1129607.0,114.0
3329,25,1.0,1000,2550450.0,1147845.0,39.0
3330,82,4.0,1620,2667205.25,1255946.75,183.0
3331,66,2.0,2054,2693235.75,1243947.875,92.0
3332,98,3.0,1740,2661944.0,1209185.75,144.0
3333,90,3.0,1910,2577879.25,1184398.125,60.0
3334,85,3.0,1600,2560584.0,1138623.25,129.0
3335,72,3.0,1370,2561697.25,1185393.375,143.0
3337,92,2.0,1700,2705704.0,1267151.75,92.0
3338,87,3.0,2230,2684073.25,1237582.75,64.0
3339,87,3.0,2552,2666746.25,1210512.125,21.0
3340,45,2.0,1130,2585937.5,1221462.25,98.0
3341,86,3.0,1427,2592956.25,1246128.5,13.0
3342,91,3.0,2660,2666506.0,1211074.375,169.0
3343,90,4.0,2430,2692315.25,1231826.625,67.0
3344,91,2.0,1490,2564214.75,1194290.75,
3345,228,8.0,6700,2500971.25,1117656.25,169.0
3346,37,2.0,1590,2683331.5,1261324.25,7.0
3348,98,3.0,1515,2740865.5,1268446.125,184.0
3349,73,3.0,1640,2626808.5,1267140.5,66.0
3350,73,2.0,1600,2739945.0,1267740.875,41.0
3351,100,4.0,1940,2738259.25,1253608.125,80.0
3352,25,1.0,1550,2666395.25,1204024.875,37.0
3353,79,3.0,2175,2533505.25,1153588.375,66.0
3354,74,3.0,2150,2615544.5,1264381.875,58.0
3355,46,2.0,1450,2534883.0,1154036.625,383.0
3356,90,3.0,1610,2609983.5,1224120.375,60.0
3358,65,2.0,700,2721140.0,1126087.875,50.0
3359,67,2.0,1040,2721467.5,1116522.125,27.0
3360,74,3.0,1870,2633926.25,1127526.875,
3361,95,3.0,2295,2700080.25,1260262.25,194.0
3362,12,1.0,495,2539500.25,1181281.0,225.0
3363,109,4.0,2230,2682378.5,1263291.625,114.0
3364,38,1.0,1080,2755622.75,1220391.125,45.0
3365,53,2.0,1410,2634675.75,1230658.375,65.0
3366,74,3.0,2505,2686181.5,1257733.25,94.0
3367,38,1.0,1050,2678950.75,1197206.875,
3368,71,3.0,980,2718136.5,1134227.75,141.0
3369,107,4.0,1930,2593119.0,1246006.0,127.0
3370,55,3.0,2012,2498874.25,1117173.125,
3371,117,4.0,2310,2521270.0,1156270.0,3.0
3372,110,3.0,3500,2671880.75,1214386.75,8.0
3373,48,2.0,1320,2538020.75,1153814.75,163.0
3374,99,3.0,1795,2662624.75,1229803.25,72.0
3375,190,5.0,2100,2716864.25,1111135.875,3.0
3376,55,2.0,1705,2536930.25,1153251.875,350.0
3377,95,3.0,1900,2537997.25,1153886.0,167.0
3378,82,4.0,1100,2588423.5,1176802.375,10.0
3379,86,4.0,1720,2700439.0,1259962.75,71.0
3380,100,4.0,1600,2608373.75,1200426.375,37.0
3381,130,4.0,2400,2737958.5,1264449.125,31.0
3383,53,2.0,1620,2506319.25,1138000.5,80.0
3384,65,3.0,1150,2722952.5,1080093.625,34.0
3385,40,15.0,1180,2718467.25,1098095.875,72.0
3386,50,2.0,1630,2538320.5,1152344.0,23.0
3387,89,3.0,3600,2685160.25,1236438.25,
3388,87,4.0,2200,2496042.25,1117640.875,493.0
3389,93,4.0,1750,2612528.0,1179538.125,164.0
3390,70,2.0,2100,2665260.75,1211730.125,86.0
3391,92,3.0,1790,2639864.0,1265494.0,37.0
3392,97,3.0,1970,2730319.5,1271774.75,
3393,45,1.0,1075,2665750.5,1211000.0,18.0
3395,33,1.0,820,2613069.5,1269067.125,155.0
3396,56,1.0,900,2715788.25,1094439.875,58.0
3397,106,4.0,2665,2666928.25,1257689.375,42.0
3398,90,3.0,1850,2709783.75,1115386.75,46.0
3399,106,3.0,2140,2715933.5,1261219.375,15.0
3400,80,3.0,1440,2746295.0,1255769.625,38.0
3401,94,4.0,2850,2498653.5,1120134.375,351.0
3402,109,4.0,2100,2554338.5,1145663.375,263.0
3403,62,3.0,1120,2587076.75,1222635.5,81.0
3404,63,3.0,1300,2615529.75,1264729.625,71.0
3405,15,1.0,1200,2509559.25,1152031.875,71.0
3406,70,3.0,890,2585644.5,1227071.5,43.0
3407,60,2.0,1590,2577890.0,1183822.5,30.0
3408,85,3.0,2600,2666351.75,1210624.0,136.0
3409,84,2.0,2030,2693543.25,1235979.125,110.0
3410,85,5.0,2800,2499056.5,1125218.25,47.0
3412,20,2.0,1200,2556889.0,1203495.0,54.0
3413,99,3.0,1950,2661357.5,1244066.125,94.0
3414,86,3.0,2130,2639299.0,1238699.25,108.0
3415,103,4.0,1850,2612005.0,1261346.375,94.0
3416,65,3.0,2400,2500547.0,1117605.125,92.0
3417,172,6.0,1900,2620614.5,1226087.5,59.0
3418,83,3.0,1980,2622630.5,1259673.0,12.0
3419,64,2.0,1930,2594953.25,1197283.875,61.0
3420,70,3.0,1655,2553818.5,1145973.375,113.0
3421,23,1.0,1500,2538329.75,1152377.25,23.0
3422,117,4.0,6050,2684364.75,1247394.5,111.0
3423,110,4.0,2000,2704565.75,1232028.375,22.0
3424,72,3.0,1380,2731057.0,1278077.625,109.0
3425,110,5.0,1909,2646361.25,1245858.375,
3426,58,2.0,1510,2701973.75,1241963.875,187.0
3427,78,3.0,1920,2689082.25,1249941.625,30.0
3428,82,3.0,1928,2537343.0,1153906.75,65.0
3429,61,3.0,1380,2608300.25,1191446.0,81.0
3430,90,3.0,1850,2575558.25,1186360.625,66.0
3431,60,3.0,1790,2538632.25,1153204.125,92.0
3432,88,3.0,1715,2623815.25,1258468.0,90.0
3433,165,5.0,5700,2692034.0,1229381.0,3.0
3434,106,4.0,2010,2652991.75,1255350.625,68.0
3435,71,3.0,1550,2609301.0,1262786.75,35.0
3436,125,4.0,2650,2671116.75,1241806.5,31.0
3437,120,4.0,2600,2699850.75,1262577.625,166.0
3438,110,4.0,2420,2702935.75,1242746.5,108.0
3439,105,4.0,2330,2668659.25,1235645.0,77.0
3440,55,2.0,2300,2691776.0,1233332.0,
3441,62,4.0,2380,2498910.75,1119187.875,392.0
3442,90,3.0,1790,2596620.0,1226273.25,76.0
3443,64,2.0,1770,2594773.0,1197420.875,97.0
3444,122,4.0,2750,2672902.75,1251424.625,187.0
3445,53,2.0,1510,2506319.25,1138000.5,80.0
3446,64,3.0,1500,2613612.0,1175813.875,162.0
3447,159,2.0,2495,2610069.75,1266591.875,89.0
3448,105,4.0,1610,2626930.0,1240467.125,6.0
3449,95,3.0,1850,2598292.0,1122494.375,51.0
3450,150,5.0,3480,2540142.0,1151283.375,92.0
3451,119,4.0,2110,2649137.25,1250598.375,77.0
3452,88,3.0,2150,2691334.5,1233488.375,60.0
3453,60,2.0,1300,2584794.25,1194635.0,34.0
3454,65,3.0,720,2582492.75,1230813.0,79.0
3455,97,4.0,1520,2614712.25,1212489.75,133.0
3456,89,3.0,2050,2686983.0,1245976.25,61.0
3457,85,3.0,2780,2709783.5,1228829.125,35.0
3458,124,4.0,3500,2664558.75,1260581.625,8.0
3460,59,2.0,1320,2666658.25,1257712.125,85.0
3461,21,1.0,870,2526995.5,1152027.0,49.0
3462,93,4.0,2500,2672409.25,1240516.75,16.0
3463,102,4.0,2060,2709467.0,1268378.0,73.0
3464,64,2.0,1270,2765292.5,1253888.75,101.0
3465,40,2.0,1900,2538102.75,1151679.0,185.0
3466,51,2.0,1500,2600541.5,1197981.375,98.0
3467,90,3.0,1780,2738450.5,1267674.75,50.0
3468,69,3.0,1390,2611739.25,1265532.875,309.0
3469,82,3.0,1830,2714428.0,1229396.25,
3470,91,4.0,2310,2688143.0,1244374.125,126.0
3471,126,4.0,1670,2715838.5,1254327.75,34.0
3472,144,6.0,2230,2670093.0,1214079.625,135.0
3473,114,4.0,2070,2583175.25,1219738.125,15.0
3474,60,3.0,1330,2555292.5,1136990.0,20.0
3475,76,3.0,1790,2554405.5,1145997.125,
3476,32,1.0,1490,2610805.0,1267025.75,162.0
3477,85,3.0,2550,2691342.5,1236038.375,6.0
3478,92,4.0,1545,2640991.0,1245001.75,48.0
3479,48,2.0,2000,2691487.0,1236096.0,12.0
3480,86,3.0,1890,2600014.5,1200315.375,4.0
3481,102,3.0,1460,2656339.75,1233609.25,89.0
3482,101,4.0,1670,2587022.0,1210010.0,33.0
3483,44,2.0,900,2518530.0,1160790.0,
3484,68,2.0,1735,2722879.25,1252571.25,149.0
3485,34,1.0,720,2726123.25,1269832.75,89.0
3486,82,3.0,2300,2557701.75,1143631.125,280.0
3487,104,4.0,2520,2610035.75,1265421.125,95.0
3488,65,2.0,1600,2707333.0,1094464.125,6.0
3489,94,4.0,2520,2682810.0,1249104.625,193.0
3490,165,5.0,3395,2686214.0,1252398.625,171.0
3491,65,3.0,1300,2555024.75,1154862.625,3.0
3492,82,1.0,1250,2571921.0,1105804.75,105.0
3493,90,3.0,1200,2724144.5,1077211.125,
3494,84,3.0,1480,2540228.75,1181096.375,96.0
3495,80,3.0,2874,2601476.25,1200112.25,16.0
3496,107,4.0,2500,2604421.75,1207681.25,9.0
3497,104,4.0,2272,2674780.0,1248642.875,106.0
3498,95,3.0,1700,2598292.0,1122494.375,51.0
3499,120,4.0,2400,2609493.0,1267369.125,60.0
3500,85,3.0,1585,2759710.25,1190469.5,134.0
3501,100,4.0,1620,2744172.0,1255619.0,107.0
3502,67,3.0,1535,2745816.0,1255374.75,29.0
3503,97,3.0,2100,2648607.5,1247559.375,
3504,77,2.0,1570,2691558.75,1248925.375,72.0
3505,101,4.0,1632,2584631.5,1207812.625,26.0
3506,103,3.0,3109,2538255.75,1152256.25,28.0
3507,125,5.0,2350,2657103.5,1233424.625,3.0
3508,80,3.0,1950,2548724.0,1149141.375,21.0
3509,104,3.0,2180,2699098.25,1220444.25,99.0
3510,107,4.0,1785,2626600.25,1226809.75,41.0
3511,93,3.0,1650,2574322.75,1184022.875,37.0
3512,98,3.0,1900,2701652.25,1277581.0,19.0
3513,36,1.0,1140,2611143.5,1265960.625,297.0
3514,60,2.0,2150,2531450.0,1154260.0,
3515,80,2.0,1150,2721563.25,1079427.0,44.0
3516,63,2.0,1560,2704234.0,1113972.375,55.0
3517,49,2.0,1520,2599125.25,1199165.125,167.0
3518,103,4.0,1860,2566483.0,1122270.5,59.0
3519,52,3.0,1795,2695919.75,1260335.625,125.0
3520,80,2.0,2690,2507489.25,1137587.5,131.0
3521,65,2.0,1000,2717159.5,1112361.375,108.0
3522,100,5.0,1050,2730331.0,1122081.125,23.0
3523,79,2.0,1655,2666305.75,1210587.625,284.0
3524,40,1.0,1180,2699819.25,1262608.5,108.0
3525,88,3.0,1410,2633580.25,1253818.25,32.0
3527,65,2.0,1495,2548706.75,1160893.5,98.0
3528,49,2.0,1550,2533550.0,1153567.375,66.0
3529,86,2.0,1110,2584407.5,1115350.625,70.0
3530,64,2.0,1020,2765292.5,1253888.75,101.0
3531,65,2.0,970,2647113.0,1267748.375,60.0
3532,110,4.0,2300,2680757.0,1252622.5,67.0
3533,88,2.0,2590,2707053.0,1235030.125,144.0
3534,72,5.0,2100,2497250.75,1118511.0,240.0
3535,45,2.0,1100,2747396.5,1255765.75,78.0
3536,81,3.0,1265,2609518.25,1229001.875,36.0
3537,100,5.0,2400,2615446.25,1269580.875,77.0
3538,118,4.0,2000,2636413.25,1241261.625,38.0
3539,95,4.0,2000,2665822.25,1252989.875,123.0
3540,97,4.0,1530,2572128.75,1175295.875,28.0
3541,51,2.0,1180,2530708.75,1175144.375,105.0
3542,35,1.0,957,2718403.75,1097187.125,148.0
3543,65,2.0,1450,2717529.75,1097154.375,249.0
3544,121,4.0,1800,2691466.0,1282327.0,24.0
3545,113,4.0,2280,2557110.5,1203381.5,27.0
3546,105,4.0,1970,2589652.0,1214242.5,92.0
3547,105,4.0,1570,2621010.0,1237529.25,51.0
3548,30,1.0,1300,2678729.75,1249276.125,179.0
3549,27,1.0,1490,2532525.25,1151805.625,21.0
3550,80,2.0,1920,2618077.5,1268941.5,44.0
3551,108,3.0,1960,2676017.25,1260559.125,139.0
3552,87,3.0,1680,2668556.75,1214468.125,104.0
3553,56,2.0,2330,2681621.75,1242228.5,28.0
3554,67,3.0,1255,2745816.0,1255374.75,29.0
3555,67,3.0,1900,2539353.5,1153522.25,144.0
3556,28,1.0,900,2611866.25,1265618.875,133.0
3557,30,2.0,1200,2696395.0,1192819.75,3.0
3558,82,4.0,900,2544221.0,1213287.125,60.0
3559,100,4.0,1950,2559859.0,1171312.375,50.0
3560,95,3.0,1490,2617157.0,1234191.0,25.0
3561,91,2.0,1950,2539478.0,1171682.0,13.0
3562,50,2.0,1550,2754856.25,1225864.5,72.0
3563,90,3.0,2200,2535460.0,1152850.0,22.0
3564,29,1.0,1650,2537736.75,1151759.5,278.0
3565,97,3.0,2700,2708779.5,1226199.875,5.0
3566,87,3.0,1912,2611781.0,1268454.875,193.0
3567,101,3.0,1480,2758598.25,1239847.875,13.0
3568,65,3.0,1420,2720718.75,1258351.875,45.0
3569,90,3.0,1700,2614184.5,1192138.875,115.0
3570,94,3.0,1670,2638795.25,1266197.0,144.0
3571,86,3.0,1320,2623027.5,1258051.5,83.0
3572,83,3.0,2020,2611969.0,1265797.625,259.0
3573,63,2.0,1650,2674343.75,1248923.375,92.0
3574,56,2.0,1180,2613011.0,1268587.625,126.0
3575,108,4.0,1607,2592956.25,1246128.5,13.0
3576,82,3.0,1730,2724066.0,1217055.125,121.0
3577,98,3.0,1410,2634974.5,1241071.875,130.0
3578,62,3.0,1450,2666903.75,1257439.625,221.0
3579,99,4.0,1650,2723780.25,1137662.625,
3580,52,2.0,1500,2538865.5,1152050.0,219.0
3582,80,3.0,1560,2752562.25,1213065.0,147.0
3583,130,4.0,3250,2684015.75,1247474.875,13.0
3584,86,3.0,2000,2615369.5,1159735.25,8.0
3585,65,2.0,1270,2609055.0,1225615.125,52.0
3586,122,4.0,3240,2692034.0,1229381.0,3.0
3587,77,4.0,1920,2574353.75,1181805.75,88.0
3588,105,4.0,1830,2621322.5,1237490.375,48.0
3589,110,3.0,2350,2714428.0,1229396.25,
3590,71,2.0,1850,2687879.0,1245064.75,19.0
3591,80,3.0,1960,2535404.75,1153009.875,12.0
3594,49,2.0,1200,2669317.0,1244094.0,105.0
3595,27,1.0,900,2573796.75,1106119.375,18.0
3596,80,3.0,1300,2611649.25,1265728.625,216.0
3597,87,3.0,2100,2592774.5,1121311.25,36.0
3598,80,4.0,2000,2681165.75,1249516.75,
3599,115,5.0,1800,2730061.5,1171626.125,9.0
3601,53,2.0,890,2574679.25,1161707.5,15.0
3602,36,1.0,810,2709164.5,1268541.625,70.0
3603,80,3.0,1200,2703468.0,1128230.0,
3604,80,4.0,1140,2727424.75,1255748.0,59.0
3605,84,3.0,1636,2610263.0,1265166.0,17.0
3606,141,4.0,1905,2729066.5,1268397.0,49.0
3607,101,4.0,2160,2531008.0,1174945.25,33.0
3608,73,3.0,1680,2687787.5,1234265.875,143.0
3609,86,3.0,2190,2707468.25,1234809.25,50.0
3610,69,3.0,2070,2499050.5,1119084.625,380.0
3611,82,4.0,1570,2614748.25,1264601.875,64.0
3612,80,3.0,3550,2683036.75,1248824.625,153.0
3613,60,2.0,1200,2611530.75,1268186.25,178.0
3614,98,4.0,2400,2500775.5,1137908.75,18.0
3615,92,3.0,2600,2542144.0,1150832.0,63.0
3616,105,3.0,2276,2702804.75,1242432.375,29.0
3617,76,2.0,2850,2681248.25,1247144.875,149.0
3618,89,3.0,1720,2667352.75,1250904.375,54.0
3619,45,1.0,1425,2685894.25,1253187.125,129.0
3620,115,5.0,2300,2685685.0,1244646.625,77.0
3621,91,4.0,1505,2572865.75,1251652.75,60.0
3622,70,2.0,1700,2696328.25,1244808.25,101.0
3623,30,1.0,2600,2538554.5,1151384.625,48.0
3624,92,3.0,1940,2528835.0,1161281.125,13.0
3625,105,4.0,1720,2592380.5,1185058.875,74.0
3626,86,3.0,1270,2603309.0,1202717.375,104.0
3627,87,3.0,2190,2680456.75,1267928.625,31.0
3628,75,2.0,1950,2665102.25,1258827.125,143.0
3629,50,2.0,1400,2647187.0,1241760.625,20.0
3630,95,2.0,1200,2638052.75,1218539.125,3.0
3631,97,4.0,4500,2500285.0,1118981.625,382.0
3632,77,3.0,2030,2538336.5,1154312.125,97.0
3633,71,4.0,2140,2687879.0,1245064.75,19.0
3634,54,2.0,2395,2689177.5,1250179.375,73.0
3635,57,3.0,1780,2499056.25,1119734.375,93.0
3636,86,4.0,2000,2589922.75,1193644.75,59.0
3637,128,5.0,1950,2582965.25,1184852.75,59.0
3638,57,2.0,2690,2666316.75,1210755.25,3.0
3639,80,2.0,2600,2678743.75,1248984.875,193.0
3640,107,4.0,2550,2682334.75,1263587.875,109.0
3641,122,5.0,1650,2646436.75,1240966.25,71.0
3642,76,3.0,2371,2678560.5,1252237.125,76.0
3643,67,3.0,2210,2507279.25,1146535.875,14.0
3644,97,3.0,2070,2691061.0,1285721.375,149.0
3645,39,2.0,1200,2526197.75,1150153.5,75.0
3646,80,3.0,3360,2682383.0,1242194.875,
3647,123,4.0,2913,2699778.25,1262609.25,97.0
3648,88,3.0,2515,2689606.0,1251296.375,111.0
3649,62,3.0,2120,2500198.25,1116731.125,268.0
3650,85,3.0,1680,2727350.0,1280547.125,43.0
3651,64,2.0,1480,2613013.75,1181254.75,123.0
3652,110,4.0,1620,2558784.75,1204105.625,123.0
3653,47,2.0,1700,2603704.25,1128969.75,24.0
3654,143,4.0,2100,2638298.25,1245057.75,54.0
3655,55,2.0,2500,2502197.0,1125783.75,52.0
3657,40,3.0,785,2572660.75,1251603.625,101.0
3658,117,4.0,2230,2670195.0,1236993.75,36.0
3659,43,2.0,958,2552736.0,1198531.375,74.0
3660,33,1.0,2750,2500125.25,1118573.375,220.0
3661,63,2.0,1770,2666843.5,1255976.375,97.0
3662,74,2.0,1890,2609301.0,1262786.75,35.0
3663,72,3.0,1350,2585717.5,1221127.125,167.0
3665,96,4.0,1270,2721305.75,1256692.125,103.0
3666,70,2.0,1535,2748609.5,1255818.75,116.0
3667,85,4.0,2040,2632485.5,1243829.875,46.0
3668,70,4.0,1350,2614376.75,1179371.125,116.0
3669,85,4.0,1490,2577493.75,1182944.75,145.0
3670,85,4.0,1440,2611807.0,1261636.0,63.0
3671,90,4.0,1690,2746564.25,1253676.0,120.0
3672,96,3.0,1921,2547005.5,1183235.375,33.0
3673,93,4.0,2200,2527115.0,1158782.875,6.0
3674,122,5.0,4550,2498750.0,1120087.5,127.0
3675,63,1.0,2507,2682899.75,1251357.25,49.0
3676,81,3.0,2430,2694705.5,1229100.0,65.0
3677,70,3.0,2900,2538940.0,1152780.0,85.0
3678,107,3.0,2150,2764005.0,1252714.375,18.0
3679,53,1.0,1265,2613684.0,1267155.625,164.0
3680,83,3.0,1710,2515185.0,1168564.25,15.0
3681,40,2.0,1290,2577319.5,1147755.5,6.0
3682,74,3.0,1100,2554124.75,1218062.75,98.0
3683,32,1.0,2040,2684079.75,1247425.5,13.0
3684,79,4.0,1950,2518423.75,1156421.25,82.0
3685,103,4.0,2160,2655527.5,1249163.125,161.0
3686,46,2.0,1630,2665540.5,1212264.875,89.0
3687,62,2.0,1165,2664328.5,1260004.75,138.0
3688,100,4.0,2130,2703063.0,1234959.5,120.0
3689,51,2.0,1040,2571317.0,1165485.25,71.0
3690,117,4.0,2270,2734290.5,1181777.875,15.0
3691,126,4.0,1985,2578002.75,1183346.25,138.0
3692,86,4.0,2102,2698353.0,1233773.0,
3693,77,3.0,2700,2695852.5,1229649.5,97.0
3694,80,3.0,2510,2689725.5,1249956.25,139.0
3695,78,4.0,2135,2694447.0,1230908.0,76.0
3696,95,3.0,1800,2585631.25,1219801.875,62.0
3697,75,3.0,940,2590032.5,1220825.25,73.0
3698,86,4.0,1450,2552674.25,1216111.875,145.0
3699,71,2.0,1600,2665560.0,1208935.25,216.0
3700,58,2.0,2945,2684517.5,1245997.875,67.0
3701,91,4.0,1320,2745089.25,1270231.25,154.0
3702,169,5.0,4800,2498063.25,1113814.875,51.0
3703,77,3.0,1200,2571267.0,1181483.375,72.0
3704,87,3.0,1700,2611781.0,1268454.875,193.0
3705,85,4.0,1100,2611146.75,1226345.375,36.0
3706,100,3.0,2053,2604058.75,1207656.625,118.0
3707,101,4.0,2470,2538390.25,1153400.625,
3708,68,3.0,1200,2659541.25,1259527.625,82.0
3709,70,,750,2553748.5,1217360.875,136.0
3710,80,4.0,1400,2764026.0,1252832.0,47.0
3711,55,2.0,1433,2601258.5,1201102.875,244.0
3712,89,4.0,2038,2568808.0,1210573.375,140.0
3713,57,1.0,2740,2679718.5,1248139.75,30.0
3714,101,4.0,1498,2609478.5,1227916.375,85.0
3715,68,3.0,1915,2710687.5,1267829.875,56.0
3716,100,4.0,1600,2731731.25,1267084.0,73.0
3717,70,3.0,1320,2747806.25,1257508.75,85.0
3718,105,4.0,1695,2613830.75,1212174.5,16.0
3719,113,4.0,2500,2714271.0,1094406.125,
3721,33,1.0,690,2715909.5,1097585.625,89.0
3722,93,4.0,1770,2608215.25,1259477.625,159.0
3723,126,3.0,3500,2674651.0,1246562.0,
3724,101,4.0,2505,2611316.75,1260378.875,53.0
3725,50,2.0,2130,2690756.5,1253953.75,52.0
3726,104,4.0,2060,2647782.0,1250072.75,153.0
3728,42,1.0,1300,2541539.0,1181536.125,28.0
3729,110,5.0,2200,2568352.0,1132928.0,25.0
3730,134,4.0,5750,2684364.75,1247394.5,111.0
3731,97,2.0,1900,2613460.0,1260402.125,86.0
3732,63,3.0,750,2593713.0,1246245.875,141.0
3733,65,3.0,1480,2672331.5,1251091.625,115.0
3734,60,2.0,1200,2588971.5,1218664.125,50.0
3735,110,4.0,2342,2615397.0,1270037.5,97.0
3736,180,4.0,2830,2745516.0,1253978.875,9.0
3737,85,3.0,1450,2620401.25,1226157.0,73.0
3738,62,2.0,1290,2591966.25,1119247.625,244.0
3739,103,4.0,1825,2736749.5,1253304.75,57.0
3740,45,2.0,845,2642854.0,1130612.0,92.0
3741,57,2.0,1235,2610879.25,1214560.375,75.0
3742,74,3.0,940,2690563.0,1209122.625,80.0
3743,47,2.0,790,2741830.5,1217916.75,12.0
3744,76,3.0,1580,2648514.25,1246914.25,100.0
3745,82,2.0,2200,2665278.0,1258621.5,85.0
3746,98,4.0,1850,2665907.75,1214778.75,191.0
3747,100,4.0,1145,2719552.0,1087314.5,33.0
3748,35,1.0,880,2717667.75,1097753.625,56.0
3749,65,2.0,1590,2783448.75,1186278.25,23.0
3751,119,4.0,2540,2726001.5,1256671.5,3.0
3752,85,5.0,3380,2500211.25,1116108.75,183.0
3753,72,3.0,1650,2695993.5,1246290.5,42.0
3754,165,4.0,3230,2714174.0,1086857.625,
3755,110,4.0,1490,2571607.5,1154277.75,22.0
3756,40,1.0,860,2723944.5,1077191.375,98.0
3757,100,4.0,1640,2615730.0,1207205.625,16.0
3758,145,4.0,1980,2719640.25,1262083.125,41.0
3760,130,4.0,2300,2603739.25,1123413.625,21.0
3761,29,2.0,1350,2506253.5,1117424.25,14.0
3762,90,3.0,990,2553973.0,1217363.875,115.0
3763,15,1.0,750,2600978.25,1200044.375,47.0
3764,49,2.0,1710,2676828.5,1236846.75,109.0
3765,40,2.0,1190,2594312.75,1120113.25,154.0
3766,100,1.0,1600,2681569.75,1247078.5,303.0
3767,95,3.0,2070,2619439.75,1263547.25,97.0
3768,80,3.0,1410,2552903.5,1216245.125,43.0
3769,75,3.0,1450,2621084.25,1237488.5,95.0
3770,108,4.0,2130,2696151.0,1269956.375,50.0
3771,75,3.0,1600,2578025.75,1208126.75,39.0
3772,105,4.0,1810,2552903.5,1216245.125,43.0
3773,98,4.0,1485,2709117.0,1115066.625,128.0
3774,109,4.0,2880,2534980.0,1153490.0,252.0
3775,49,2.0,1245,2698734.5,1282789.75,31.0
3776,54,2.0,1250,2573093.5,1178417.125,57.0
3777,75,1.0,1530,2614045.5,1267419.125,82.0
3778,116,4.0,2190,2663459.0,1244782.375,224.0
3779,113,4.0,1735,2612306.75,1176847.25,48.0
3780,108,4.0,2110,2623726.0,1250961.875,14.0
3781,101,4.0,3100,2535920.5,1159400.0,6.0
3782,59,3.0,1320,2587402.5,1222269.5,52.0
3783,88,3.0,1570,2611262.0,1224750.125,3.0
3784,41,3.0,1890,2494516.0,1120643.125,43.0
3785,93,3.0,1970,2663521.5,1210188.0,47.0
3786,128,4.0,2700,2704162.25,1235815.75,95.0
3787,78,3.0,1990,2553031.0,1146928.25,22.0
3788,63,3.0,1746,2687506.25,1252093.0,102.0
3789,84,3.0,1820,2736270.0,1252717.75,47.0
3790,102,4.0,1990,2625043.75,1229785.125,144.0
3791,94,4.0,1335,2624637.0,1266375.625,280.0
3792,89,4.0,2690,2681710.25,1240343.375,89.0
3793,75,2.0,1850,2612029.75,1266307.25,39.0
3794,87,4.0,1300,2654601.75,1244581.875,65.0
3795,87,3.0,1550,2722001.0,1115703.375,47.0
3796,70,3.0,1330,2716056.5,1095930.125,136.0
3797,90,3.0,1590,2716228.5,1095976.25,51.0
3798,105,4.0,1690,2571127.5,1164132.25,75.0
3799,86,3.0,1850,2730652.5,1271225.5,41.0
3800,50,2.0,1890,2681731.0,1241015.5,26.0
3801,85,3.0,2190,2678743.75,1248984.875,193.0
3802,64,2.0,1990,2678743.75,1248984.875,193.0
3803,68,3.0,1570,2612969.5,1268654.375,87.0
3804,55,2.0,1470,2577763.0,1184427.875,81.0
3805,140,4.0,2500,2743284.0,1242594.875,4.0
3806,103,4.0,2155,2736749.5,1253304.75,57.0
3807,90,4.0,2230,2694634.5,1229276.25,43.0
3808,74,3.0,3090,2681854.5,1246745.375,177.0
3810,80,4.0,1700,2599779.75,1202345.625,113.0
3811,108,3.0,4300,2500234.25,1117569.875,233.0
3812,101,4.0,2050,2536852.0,1183189.125,3.0
3813,96,4.0,1550,2602846.75,1252885.5,39.0
3814,150,3.0,2690,2613163.5,1265470.375,3.0
3815,166,5.0,3950,2560568.25,1141336.75,8.0
3816,31,1.0,2030,2681791.25,1247908.5,377.0
3817,100,4.0,960,2547527.5,1212158.125,113.0
3818,83,3.0,2800,2720977.75,1096039.75,8.0
3819,131,4.0,2040,2659252.25,1260160.25,3.0
3820,85,3.0,2500,2532188.0,1151670.625,49.0
3822,52,2.0,1050,2620112.25,1226510.875,59.0
3823,105,5.0,2850,2540380.0,1152960.0,14.0
3824,32,1.0,1500,2500640.5,1118817.875,269.0
3825,46,2.0,1380,2745935.25,1270091.375,168.0
3827,70,2.0,1200,2594955.0,1243303.25,9.0
3828,79,3.0,1610,2709207.75,1268270.25,65.0
3829,114,3.0,2722,2696290.75,1261336.875,304.0
3831,92,3.0,2030,2728841.25,1278668.25,105.0
3832,58,2.0,1310,2753052.75,1180922.625,55.0
3833,54,2.0,1310,2538265.75,1188561.625,72.0
3834,28,1.0,1040,2611376.0,1266849.625,107.0
3835,75,3.0,1090,2591249.25,1237159.875,8.0
3836,107,4.0,2180,2613653.25,1211288.5,15.0
3837,130,4.0,3250,2687897.25,1239305.625,72.0
3838,94,4.0,2520,2601926.25,1196667.875,170.0
3839,78,3.0,820,2547859.5,1212243.0,62.0
3840,50,2.0,1460,2610307.0,1265896.875,162.0
3841,65,2.0,1850,2595387.0,1209296.0,6.0
3842,45,1.0,1750,2682349.75,1249883.875,154.0
3843,70,2.0,1620,2730153.75,1270493.0,5.0
3844,70,3.0,1500,2620870.5,1261989.0,32.0
3845,110,4.0,1980,2598013.5,1125947.25,
3846,101,4.0,1500,2560246.5,1205585.625,70.0
3847,52,2.0,1500,2538865.5,1152050.0,219.0
3848,59,2.0,1550,2702692.75,1243149.75,131.0
3849,135,4.0,1810,2719101.25,1140103.75,3.0
3850,74,2.0,3467,2602988.25,1128855.75,50.0
3851,60,2.0,1330,2600714.0,1200940.875,207.0
3852,87,3.0,1583,2599088.75,1224019.375,46.0
3854,60,2.0,990,2703405.25,1213050.125,35.0
3855,31,1.0,1170,2539745.5,1154394.5,160.0
3856,260,5.0,7700,2499490.25,1118455.0,188.0
3857,100,3.0,1700,2726698.25,1258212.125,
3858,96,3.0,1850,2717915.75,1273821.25,21.0
3859,87,2.0,1320,2620057.5,1236960.125,44.0
3860,88,3.0,2250,2538333.5,1151539.0,109.0
3861,85,3.0,2230,2689201.25,1253688.75,143.0
3862,85,3.0,2180,2607519.0,1266926.75,40.0
3863,120,4.0,1770,2606488.0,1182155.875,50.0
3865,97,4.0,1300,2721122.0,1126129.625,30.0
3866,56,2.0,1120,2585508.5,1221027.625,115.0
3867,30,1.0,1190,2609972.25,1267659.25,388.0
3868,93,4.0,2095,2601263.75,1207412.125,24.0
3869,52,3.0,800,2572660.75,1251603.625,101.0
3870,103,4.0,2110,2661997.0,1209422.375,178.0
3871,109,4.0,2630,2701216.75,1247308.5,41.0
3872,106,4.0,1800,2701697.75,1114415.75,24.0
3873,54,2.0,1800,2533896.0,1154587.0,
3874,50,2.0,2487,2687775.75,1250230.875,203.0
3875,94,3.0,1900,2716874.25,1253847.25,3.0
3877,67,3.0,1720,2611061.0,1265983.75,310.0
3878,70,1.0,1800,2612647.75,1178865.875,
3879,120,5.0,2165,2692531.0,1249094.875,80.0
3880,50,3.0,2010,2498641.25,1119398.625,307.0
3881,67,2.0,1200,2744765.5,1269815.75,60.0
3882,125,4.0,1910,2668001.5,1244345.5,54.0
3883,97,3.0,1940,2622496.0,1259572.375,130.0
3884,73,3.0,1170,2586085.0,1219170.5,145.0
3885,70,2.0,1830,2683144.25,1263438.0,132.0
3886,85,3.0,3490,2679374.0,1250376.25,
3887,41,2.0,1500,2578185.0,1102860.0,35.0
3888,70,3.0,1600,2599399.75,1197744.25,84.0
3889,65,2.0,1300,2720466.5,1116016.25,82.0
3890,105,4.0,1870,2622966.0,1258526.0,3.0
3891,68,3.0,1086,2745755.0,1254002.5,90.0
3892,96,3.0,1600,2554181.75,1173074.375,37.0
3893,120,4.0,1250,2723205.5,1118343.125,32.0
3894,63,2.0,1460,2578283.75,1180553.875,
3895,70,3.0,1260,2762315.5,1259189.875,126.0
3896,62,2.0,1480,2622628.25,1259622.875,12.0
3897,73,3.0,1750,2695232.5,1229304.125,141.0
3898,75,3.0,1150,2577754.75,1227125.125,54.0
3899,82,3.0,1990,2658489.75,1240959.125,6.0
3901,67,2.0,2700,2697464.25,1228592.5,56.0
3902,50,2.0,1980,2688419.25,1234618.75,16.0
3903,147,4.0,2890,2688542.0,1280002.75,54.0
3904,56,2.0,1550,2716914.25,1096364.875,49.0
3905,120,4.0,2680,2525955.5,1156586.375,69.0
3906,101,5.0,2926,2540336.5,1155203.375,89.0
3907,52,2.0,1490,2605648.25,1201045.375,72.0
3908,76,3.0,1790,2554405.5,1145997.125,
3909,105,3.0,1813,2725536.25,1270044.5,70.0
3910,75,2.0,1380,2633894.25,1239755.75,151.0
3911,56,2.0,1430,2709529.75,1268295.0,14.0
3912,94,4.0,1800,2676795.75,1283322.875,25.0
3913,130,5.0,1900,2716790.0,1095188.0,6.0
3914,165,3.0,2590,2574971.75,1208969.5,30.0
3915,54,3.0,2415,2679991.25,1250550.75,12.0
3916,70,3.0,1990,2610712.5,1266179.75,136.0
3917,56,2.0,1550,2716914.25,1096364.875,49.0
3918,60,2.0,1430,2748104.25,1255605.25,67.0
3919,137,5.0,2180,2558991.0,1207744.875,19.0
3920,45,2.0,1244,2682521.25,1274331.75,65.0
3921,64,2.0,1240,2750130.5,1264340.875,85.0
3922,30,1.0,800,2719753.75,1087771.75,8.0
3923,120,4.0,2150,2640864.75,1227149.0,41.0
3924,105,4.0,2800,2535708.75,1152765.25,250.0
3925,80,4.0,1247,2560938.0,1166855.875,19.0
3926,80,4.0,850,2554057.5,1217396.25,110.0
3927,29,2.0,1350,2505743.5,1118127.125,140.0
3929,75,3.0,1500,2657708.25,1258904.25,279.0
3930,100,4.0,1565,2598250.0,1184344.125,18.0
3931,80,3.0,1100,2722001.0,1116806.0,29.0
3932,38,1.0,995,2570513.0,1146831.0,
3933,75,3.0,1550,2748244.0,1256326.75,97.0
3934,85,4.0,1390,2761102.75,1244258.625,54.0
3935,40,1.0,850,2731057.0,1278077.625,109.0
3936,125,3.0,1680,2721487.5,1258615.0,70.0
3937,122,5.0,2950,2707566.25,1234619.625,155.0
3938,48,2.0,900,2720835.25,1258972.75,102.0
3939,75,3.0,2100,2532781.25,1157892.875,43.0
3940,68,3.0,1795,2663303.0,1215715.75,103.0
3941,56,2.0,1520,2715376.75,1255572.75,14.0
3942,96,4.0,1605,2703164.25,1113501.25,85.0
3943,90,3.0,1125,2553780.75,1217391.625,136.0
3944,120,6.0,1205,2552305.75,1215862.125,138.0
3945,105,4.0,2110,2578220.25,1181495.25,103.0
3947,50,2.0,1450,2693659.75,1235601.25,68.0
3948,128,4.0,2100,2646662.5,1220343.625,84.0
3949,67,3.0,1370,2689863.0,1284741.0,159.0
3951,59,3.0,1650,2596403.5,1199384.875,252.0
3952,36,2.0,1350,2518880.75,1173972.75,118.0
3953,70,3.0,1400,2705093.75,1113963.5,101.0
3954,53,2.0,1300,2609377.5,1267682.75,122.0
3955,30,1.0,800,2719753.75,1087771.75,8.0
3956,65,3.0,1740,2532943.25,1153603.625,182.0
3957,87,3.0,1350,2718651.5,1098007.75,85.0
3958,59,3.0,1500,2588892.25,1114675.0,30.0
3959,128,5.0,1950,2582928.0,1184803.375,59.0
3960,130,5.0,1200,2566906.25,1222937.25,60.0
3961,90,3.0,2250,2722626.75,1078751.5,23.0
3962,117,3.0,2600,2765621.75,1256347.75,34.0
3963,63,2.0,1430,2674343.75,1248923.375,92.0
3964,51,2.0,710,2553083.25,1216460.0,140.0
3965,52,2.0,1755,2607029.5,1272113.875,
3966,97,4.0,2250,2542109.75,1161520.875,13.0
3967,21,1.0,1920,2681262.0,1247492.75,219.0
3968,93,4.0,2110,2667426.25,1210082.75,68.0
3970,62,3.0,1260,2610442.75,1268679.0,396.0
3971,28,1.0,900,2560865.0,1138568.375,156.0
3972,60,3.0,1700,2755787.75,1190248.375,65.0
3973,81,3.0,1610,2710889.0,1269196.875,24.0
3974,126,5.0,2280,2714292.25,1225949.75,40.0
3975,102,4.0,1910,2688567.0,1281745.75,197.0
3976,102,3.0,1470,2665094.75,1253568.5,111.0
3977,110,4.0,3500,2682207.75,1263983.875,32.0
3978,45,2.0,1302,2682521.25,1274331.75,65.0
3979,60,2.0,2400,2537590.0,1154745.0,160.0
3980,80,3.0,2200,2714622.75,1108195.625,50.0
3981,60,3.0,1430,2563071.75,1205943.125,91.0
3982,70,2.0,1250,2713549.0,1096682.125,39.0
3983,63,2.0,1780,2691938.25,1232866.125,92.0
3984,50,2.0,3000,2674863.25,1225130.5,72.0
3985,120,4.0,1950,2623343.0,1247945.125,58.0
3986,57,2.0,2690,2666316.75,1210755.25,3.0
3987,76,3.0,1230,2585264.75,1243521.375,43.0
3988,82,1.0,1420,2571768.0,1105673.375,118.0
3990,80,4.0,1250,2593209.25,1219069.125,
3991,60,3.0,3300,2786006.0,1154477.0,33.0
3992,142,4.0,1400,2595170.25,1243199.625,98.0
3993,65,3.0,1620,2681875.25,1239942.875,142.0
3994,77,3.0,2010,2691974.0,1232895.75,92.0
3996,72,3.0,1590,2553648.25,1165496.5,42.0
3997,73,3.0,1500,2556369.25,1201804.75,12.0
3998,58,2.0,1900,2665890.5,1212504.75,24.0
3999,100,3.0,1930,2730153.75,1270493.0,5.0
4000,50,1.0,1360,2612112.75,1258627.75,125.0
4001,46,1.0,2550,2500411.5,1117205.375,322.0
4002,77,2.0,1495,2709718.25,1268592.25,37.0
4003,64,3.0,1850,2717605.75,1259479.625,31.0
4004,71,,1438,2608940.25,1266032.0,113.0
4005,56,2.0,2082,2603298.0,1199043.625,14.0
4006,140,5.0,1900,2608197.5,1228918.875,48.0
4007,57,2.0,1750,2687070.5,1234808.125,239.0
4008,50,1.0,700,2627760.0,1212763.25,6.0
4010,101,5.0,3400,2667115.75,1249171.375,27.0
4011,80,3.0,1800,2602397.75,1198410.75,40.0
4012,45,2.0,1250,2610032.25,1196982.0,196.0
4013,80,3.0,1580,2636004.25,1243820.625,127.0
4014,25,1.0,1035,2684426.75,1246912.125,166.0
4015,38,2.0,950,2577094.25,1097465.75,16.0
4016,70,2.0,1860,2501614.25,1116425.75,96.0
4017,53,1.0,1090,2571998.75,1105940.5,38.0
4018,151,4.0,1690,2595357.75,1236426.125,21.0
4019,132,6.0,2199,2563413.75,1206190.875,319.0
4020,129,4.0,3250,2670953.25,1234601.375,62.0
4021,63,3.0,2200,2560658.0,1141762.0,21.0
4022,74,3.0,1400,2554124.75,1218062.75,98.0
4023,90,3.0,1820,2530715.5,1175013.0,124.0
4024,100,3.0,2530,2668291.0,1236345.0,59.0
4025,60,3.0,1300,2707237.0,1094375.875,12.0
4026,97,3.0,1630,2582702.75,1185545.25,71.0
4027,70,3.0,1100,2596584.75,1193551.75,
4028,90,4.0,1715,2579112.0,1179062.75,10.0
4029,170,4.0,2140,2596966.5,1191356.75,4.0
4030,60,2.0,3300,2685085.0,1246659.875,58.0
4031,34,1.0,970,2559016.0,1203733.375,155.0
4032,85,5.0,3380,2500196.25,1116087.375,357.0
4033,65,3.0,1134,2610974.25,1212642.0,92.0
4034,64,3.0,1480,2644463.25,1261729.0,98.0
4035,96,4.0,2270,2603859.25,1198251.0,171.0
4036,121,2.0,3100,2683559.25,1240013.875,33.0
4038,87,3.0,2240,2675168.25,1249900.125,84.0
4039,66,3.0,1255,2745807.5,1255375.125,29.0
4040,98,4.0,2300,2693104.0,1230992.75,35.0
4042,70,3.0,1400,2703278.0,1112985.25,53.0
4043,82,3.0,2052,2673553.25,1252798.25,113.0
4044,80,3.0,1270,2711455.0,1115106.375,40.0
4045,105,3.0,2680,2686937.25,1252823.125,33.0
4046,53,2.0,1440,2531132.0,1174833.0,206.0
4047,76,3.0,1270,2578696.75,1184140.75,46.0
4049,64,3.0,1650,2532586.25,1179965.625,9.0
4050,54,2.0,1675,2540050.75,1152631.625,136.0
4051,74,2.0,2400,2690459.0,1283426.0,92.0
4052,70,2.0,1600,2602988.25,1128855.75,50.0
4053,97,4.0,1650,2617013.0,1268926.25,81.0
4054,105,3.0,1800,2713277.25,1097299.25,
4055,130,4.0,1950,2602592.25,1230833.125,39.0
4056,79,3.0,1490,2760634.25,1243095.875,91.0
4057,65,3.0,1620,2688463.75,1284314.125,45.0
4058,109,3.0,2229,2716863.0,1225215.375,97.0
4059,107,4.0,2920,2612375.5,1268816.625,545.0
4061,82,2.0,1750,2525382.25,1151285.125,3.0
4062,48,2.0,1175,2692457.75,1191653.625,36.0
4063,79,3.0,1790,2664387.75,1224263.375,41.0
4064,50,2.0,1544,2663148.75,1214763.375,185.0
4065,108,4.0,1090,2632362.25,1170388.0,29.0
4066,80,4.0,1520,2642722.5,1247596.25,114.0
4068,126,5.0,1650,2561697.25,1185393.375,143.0
4069,80,3.0,1480,2606345.25,1228317.125,4.0
4070,70,2.0,3070,2682870.5,1250806.25,149.0
4071,68,3.0,960,2538209.0,1197076.625,13.0
4072,80,2.0,2950,2507273.0,1137663.25,310.0
4073,66,2.0,1530,2672302.0,1238658.75,129.0
4074,74,3.0,1510,2614866.25,1269477.375,85.0
4076,40,1.0,1300,2627504.0,1260135.0,10.0
4077,97,4.0,2600,2689672.25,1250187.5,90.0
4078,105,4.0,1650,2607715.5,1200257.625,62.0
4079,62,2.0,2085,2687025.75,1234871.0,239.0
4080,79,3.0,1600,2632851.0,1265519.875,57.0
4081,81,4.0,1720,2570954.0,1163662.125,53.0
4082,59,2.0,1450,2656597.25,1240731.25,40.0
4083,101,4.0,2480,2683461.25,1263582.625,89.0
4084,70,3.0,1380,2605169.75,1247826.875,16.0
4085,35,1.0,1206,2718505.75,1096493.25,212.0
4086,92,4.0,1750,2563151.25,1129916.875,148.0
4087,57,3.0,1230,2596546.75,1199676.625,143.0
4088,70,3.0,1510,2559708.5,1203969.125,120.0
4089,120,4.0,1830,2612257.5,1176882.625,108.0
4090,80,4.0,1300,2616130.25,1231030.875,75.0
4091,58,2.0,1390,2678379.5,1240978.375,42.0
4092,71,3.0,1350,2754535.0,1224916.0,45.0
4093,90,3.0,1530,2633930.5,1239665.0,73.0
4094,52,2.0,1100,2718153.25,1135012.875,
4095,100,3.0,1950,2730319.5,1271774.75,
4096,88,4.0,1350,2633989.75,1244537.0,28.0
4097,92,3.0,2214,2613963.75,1178882.875,141.0
4098,124,4.0,2055,2722405.25,1258372.875,132.0
4099,111,4.0,1760,2640710.75,1226414.125,36.0
4100,70,3.0,1700,2609983.5,1264913.125,128.0
4101,55,2.0,1274,2553888.5,1172586.25,97.0
4102,94,3.0,2130,2597748.75,1199790.75,229.0
4103,83,3.0,1540,2530914.25,1185546.125,8.0
4104,55,1.0,900,2593529.5,1245797.25,16.0
4105,90,3.0,1620,2638990.5,1238688.125,99.0
4106,70,3.0,990,2745310.75,1253151.125,54.0
4107,112,4.0,2600,2660759.75,1254210.0,91.0
4108,76,3.0,1340,2704953.25,1113039.625,153.0
4109,86,4.0,1215,2554810.5,1217303.125,73.0
4111,43,2.0,1405,2611494.25,1268321.5,165.0
4112,94,3.0,1500,2593182.75,1245917.625,33.0
4113,85,3.0,3167,2687472.25,1245910.25,54.0
4114,51,2.0,1470,2596403.5,1199384.875,252.0
4115,85,3.0,1600,2593447.0,1119814.875,107.0
4116,85,3.0,1140,2717683.5,1131857.375,24.0
4117,76,3.0,1600,2672536.75,1227283.0,66.0
4118,133,1.0,1730,2747700.0,1256329.5,49.0
4119,113,5.0,2100,2659042.25,1260759.5,190.0
4120,80,4.0,1850,2533398.5,1154055.5,155.0
4121,69,3.0,1880,2705845.25,1232282.375,92.0
4122,70,3.0,1560,2749036.5,1244215.25,11.0
4123,94,3.0,2200,2506893.25,1138747.5,75.0
4124,100,3.0,1200,2716898.5,1079062.125,180.0
4125,84,3.0,2030,2730190.0,1271670.0,4.0
4126,93,4.0,1880,2620938.25,1261752.625,115.0
4127,140,4.0,2290,2700925.0,1115809.75,32.0
4128,130,4.0,2985,2672850.0,1251588.125,337.0
4129,148,4.0,4570,2504230.0,1132740.0,22.0
4130,30,2.0,760,2573062.5,1212329.125,81.0
4131,56,2.0,1000,2579757.25,1111314.5,43.0
4132,86,3.0,2450,2554887.25,1145671.25,52.0
4133,60,2.0,2200,2682343.5,1224942.5,75.0
4134,80,3.0,1670,2531098.75,1174827.875,103.0
4135,62,2.0,1290,2628196.0,1128154.0,50.0
4136,72,3.0,1090,2560880.25,1219380.0,18.0
4137,122,4.0,3480,2681869.5,1241779.875,51.0
4138,69,3.0,1100,2599935.5,1198233.875,160.0
4139,101,4.0,2200,2677701.0,1249311.375,139.0
4140,97,3.0,1890,2747424.75,1258534.25,86.0
4141,87,3.0,2750,2746707.25,1256176.75,36.0
4142,56,2.0,1350,2718553.0,1101084.0,29.0
4143,60,2.0,1290,2724985.75,1121069.375,25.0
4144,130,5.0,2195,2559926.5,1171566.25,65.0
4145,110,4.0,2000,2698377.5,1261598.25,164.0
4146,120,4.0,1390,2619559.25,1225531.5,34.0
4147,57,2.0,2460,2681786.5,1246705.375,349.0
4148,89,3.0,2150,2673330.5,1252684.125,115.0
4149,70,3.0,1500,2583458.25,1116436.5,53.0
4150,90,4.0,1665,2577386.75,1182679.75,141.0
4151,78,3.0,1680,2577232.0,1182872.25,264.0
4152,83,3.0,1880,2611969.0,1265797.625,259.0
4153,70,3.0,2041,2534641.25,1154575.625,369.0
4154,62,2.0,1480,2622628.25,1259622.875,12.0
4155,92,3.0,1950,2658918.0,1248536.75,83.0
4156,76,2.0,2190,2611324.0,1267036.125,30.0
4157,56,2.0,2330,2681621.75,1242228.5,28.0
4158,113,4.0,1740,2633200.75,1238897.875,41.0
4159,28,1.0,720,2584518.5,1219325.375,44.0
4160,93,4.0,1570,2676702.0,1237065.625,34.0
4161,60,2.0,1450,2733015.25,1278035.625,40.0
4162,65,3.0,1710,2696103.5,1229025.75,103.0
4163,111,3.0,2400,2646654.25,1249194.625,64.0
4164,140,5.0,1200,2631969.75,1120755.875,18.0
4165,126,5.0,1650,2561732.0,1185383.0,205.0
4166,62,2.0,2105,2691050.0,1236201.875,25.0
4167,78,3.0,1520,2600654.5,1205664.25,62.0
4168,43,2.0,1250,2666051.25,1210912.875,279.0
4169,100,3.0,2000,2666316.5,1269321.75,11.0
4170,45,2.0,1140,2570616.25,1162483.5,33.0
4171,60,2.0,2100,2678729.75,1249276.125,179.0
4172,104,5.0,1770,2572428.25,1105634.625,110.0
4173,51,2.0,970,2578735.75,1183816.125,142.0
4174,43,2.0,1490,2536248.5,1152461.625,183.0
4175,58,3.0,1600,2686277.0,1265423.5,54.0
4176,138,4.0,2580,2695127.5,1244566.625,42.0
4177,83,4.0,1650,2706017.25,1114616.0,91.0
4178,82,3.0,1590,2657722.25,1258968.5,279.0
4179,105,4.0,1675,2623158.0,1255760.0,73.0
4180,88,3.0,1730,2706181.75,1237120.5,108.0
4181,45,1.0,980,2713769.25,1090277.625,5.0
4182,98,3.0,1963,2593136.25,1246143.875,164.0
4183,55,2.0,1165,2724124.5,1078845.75,24.0
4184,91,4.0,1715,2691287.75,1282407.375,168.0
4185,97,3.0,2280,2584533.75,1218351.75,37.0
4186,60,2.0,1950,2717480.5,1097092.625,86.0
4187,102,4.0,2400,2499272.25,1117469.25,233.0
4188,81,4.0,1950,2593573.25,1198202.25,40.0
4189,42,2.0,2280,2681776.5,1246601.0,313.0
4191,125,4.0,2990,2615321.75,1221577.375,7.0
4192,28,1.0,1750,2684313.5,1247587.75,124.0
4193,74,3.0,1490,2510667.25,1141457.5,89.0
4194,59,2.0,1250,2661092.5,1270573.375,101.0
4196,97,4.0,1490,2626127.75,1250726.125,23.0
4197,44,2.0,1480,2553974.25,1145966.75,377.0
4198,108,4.0,1990,2623726.0,1250961.875,14.0
4199,92,3.0,2080,2683066.5,1263343.25,132.0
4200,97,4.0,1990,2575973.0,1197355.75,21.0
4201,100,5.0,3570,2501586.75,1117950.75,453.0
4202,127,4.0,1670,2634548.5,1126591.0,109.0
4203,106,4.0,2130,2605102.25,1252541.75,24.0
4204,82,3.0,1400,2628966.5,1260603.75,38.0
4205,71,4.0,2340,2494836.5,1115016.5,138.0
4206,99,4.0,2750,2691837.75,1236304.75,63.0
4207,101,4.0,1592,2664365.25,1253959.0,56.0
4208,59,2.0,1461,2751785.0,1262690.125,130.0
4209,100,3.0,1800,2569165.75,1189774.0,3.0
4210,28,1.0,720,2721629.0,1256638.0,95.0
4211,120,4.0,4500,2604920.25,1130434.5,3.0
4212,65,3.0,1790,2600949.5,1200932.625,98.0
4213,31,1.0,990,2612205.5,1268541.75,256.0
4214,125,5.0,2800,2554622.75,1151847.625,26.0
4215,60,2.0,2500,2535389.0,1152887.5,36.0
4216,80,3.0,2450,2524424.5,1152407.25,14.0
4217,57,3.0,910,2595404.75,1243152.125,36.0
4218,48,2.0,1300,2567543.75,1132537.25,43.0
4219,40,1.0,960,2731263.5,1278037.375,58.0
4220,80,3.0,3360,2682383.0,1242194.875,
4221,98,4.0,3150,2676014.75,1250535.875,57.0
4223,124,5.0,2070,2578002.75,1183346.25,138.0
4224,100,4.0,2195,2555128.25,1147845.0,4.0
4225,67,3.0,2650,2703059.75,1242068.625,
4226,50,2.0,1500,2554894.25,1188871.875,96.0
4227,61,3.0,1690,2676074.25,1215269.875,102.0
4228,225,6.0,2750,2658536.75,1250610.625,49.0
4229,93,3.0,2375,2601463.0,1199697.375,196.0
4230,125,4.0,1750,2720995.0,1250312.625,10.0
4231,60,4.0,1250,2665347.75,1258877.375,171.0
4232,81,3.0,1150,2748991.25,1263628.875,86.0
4233,46,2.0,1370,2610620.75,1268361.75,91.0
4234,104,5.0,1600,2605797.0,1229557.875,5.0
4235,50,3.0,900,2725398.75,1104957.75,17.0
4236,116,4.0,1930,2655290.25,1248035.125,47.0
4237,69,3.0,1460,2709102.5,1268947.125,86.0
4238,126,4.0,2317,2673205.5,1236699.5,22.0
4239,58,2.0,1600,2663987.5,1213463.5,97.0
4240,180,5.0,2400,2542218.5,1161263.375,109.0
4241,73,3.0,1300,2560174.5,1204567.75,153.0
4242,72,3.0,1700,2559423.0,1142680.625,262.0
4243,131,4.0,2620,2625398.75,1266030.25,3.0
4244,200,6.0,5050,2674931.5,1204912.375,7.0
4245,75,3.0,1050,2718753.0,1081135.625,40.0
4246,30,1.0,1250,2598802.75,1200088.5,122.0
4247,112,4.0,2020,2640228.75,1233224.125,28.0
4248,73,2.0,3150,2687775.75,1250230.875,203.0
4251,94,3.0,2175,2754393.5,1189132.25,90.0
4252,91,3.0,1650,2584612.75,1218439.125,57.0
4253,93,2.0,2085,2614655.0,1269098.125,147.0
4254,70,3.0,1500,2621832.5,1259511.5,23.0
4255,65,2.0,1270,2609055.0,1225615.125,52.0
4256,66,4.0,1960,2497479.0,1116329.625,266.0
4257,70,3.0,1700,2526181.75,1153095.125,3.0
4258,118,4.0,2200,2628406.75,1256727.625,42.0
4259,133,5.0,2390,2717817.25,1258363.375,167.0
4260,87,2.0,1100,2607711.75,1246878.0,38.0
4261,137,4.0,6250,2684364.75,1247394.5,111.0
4262,205,5.0,2500,2751894.5,1247479.375,48.0
4263,50,2.0,2280,2682616.0,1250198.5,225.0
4264,65,2.0,1120,2609428.75,1191642.125,39.0
4266,75,3.0,1660,2720598.5,1257525.125,10.0
4267,69,2.0,2460,2611202.75,1266681.625,
4268,64,3.0,1050,2585734.0,1220210.375,43.0
4269,45,2.0,830,2585937.5,1221462.25,98.0
4270,30,2.0,1200,2696395.0,1192819.75,3.0
4271,71,2.0,2175,2687024.25,1246210.375,106.0
4272,83,3.0,1875,2681018.75,1246722.875,264.0
4273,103,4.0,2500,2696623.0,1261949.75,142.0
4274,98,3.0,3050,2541746.75,1156069.0,51.0
4275,90,3.0,1250,2565040.5,1117900.125,3.0
4276,50,2.0,1998,2638113.5,1246613.375,3.0
4277,111,3.0,2510,2699851.0,1262293.125,116.0
4278,65,3.0,1240,2742744.25,1272256.125,67.0
4279,96,4.0,1550,2602846.75,1252885.5,39.0
4280,87,3.0,3600,2535217.5,1154949.25,53.0
4281,60,2.0,1720,2570807.5,1163423.75,176.0
4282,55,2.0,870,2764095.0,1255001.375,32.0
4283,176,3.0,3600,2717008.5,1095994.875,101.0
4284,87,4.0,1500,2528068.0,1188697.0,
4285,106,4.0,1810,2628541.25,1233149.75,76.0
4286,90,3.0,1840,2633930.5,1239665.0,73.0
4287,60,2.0,1511,2704877.25,1114059.25,30.0
4289,109,4.0,2390,2678743.75,1248984.875,193.0
4290,80,3.0,1200,2553547.75,1217558.5,147.0
4291,28,1.0,885,2600084.5,1198722.625,84.0
4292,62,2.0,1450,2609184.25,1263050.125,88.0
4293,126,5.0,1650,2561697.25,1185393.375,143.0
4294,109,3.0,1950,2716790.0,1095188.0,6.0
4295,70,3.0,1760,2614612.25,1179014.25,110.0
4296,80,3.0,1950,2571073.5,1162365.25,59.0
4297,80,4.0,1950,2657290.0,1258892.75,38.0
4299,100,3.0,1600,2610903.25,1212804.625,57.0
4300,90,3.0,2100,2743284.0,1242594.875,4.0
4302,63,2.0,1430,2674343.75,1248923.375,92.0
4303,80,3.0,1750,2620293.0,1227382.0,34.0
4304,57,1.0,2740,2679718.5,1248139.75,30.0
4306,78,3.0,2185,2685206.25,1238325.25,110.0
4307,13,1.0,1239,2682023.25,1247831.5,200.0
4308,48,2.0,1440,2655301.5,1222483.375,58.0
4310,88,3.0,3140,2684800.75,1238188.875,128.0
4311,38,2.0,1050,2638480.75,1237538.25,112.0
4312,85,3.0,1695,2613514.25,1267140.25,139.0
4313,55,2.0,2950,2498344.5,1120263.625,135.0
4314,132,4.0,3170,2696360.25,1261530.0,
4315,144,5.0,4100,2675792.0,1243211.875,23.0
4316,44,2.0,1290,2634914.25,1242045.625,75.0
4317,60,3.0,920,2569328.0,1109126.75,20.0
4318,83,3.0,2800,2720977.75,1096039.75,8.0
4319,115,4.0,2930,2684884.75,1251175.75,24.0
4320,86,4.0,1845,2628077.25,1257238.5,109.0
4321,86,3.0,1790,2704723.75,1113298.0,89.0
4322,97,2.0,2190,2690003.25,1245724.875,18.0
4323,35,2.0,1350,2495150.0,1121108.5,299.0
4324,71,3.0,1420,2601573.75,1201235.375,100.0
4325,48,2.0,1250,2578356.75,1182664.875,160.0
4326,119,3.0,1500,2697936.75,1107647.5,40.0
4327,85,4.0,950,2582339.5,1242961.0,3.0
4328,88,3.0,2000,2754332.0,1260279.0,136.0
4329,73,3.0,1610,2536860.0,1152421.75,203.0
4330,65,3.0,1260,2560135.0,1183066.75,50.0
4331,75,3.0,1620,2658097.5,1247141.25,3.0
4332,72,3.0,1250,2597002.25,1180869.75,5.0
4333,112,4.0,1700,2628747.75,1232810.875,41.0
4334,80,3.0,2750,2539085.5,1152622.75,133.0
4336,105,4.0,1500,2701687.5,1114452.75,24.0
4337,97,4.0,2640,2664683.25,1211895.5,184.0
4338,86,2.0,1110,2584407.5,1115350.625,70.0
4339,100,4.0,1665,2553466.25,1165459.875,75.0
4341,89,3.0,1780,2602244.25,1198810.25,170.0
4342,78,3.0,1830,2577232.0,1182872.25,264.0
4343,73,2.0,1555,2613314.75,1267158.125,
4344,80,3.0,1730,2565785.5,1188962.5,37.0
4345,42,2.0,1370,2766582.5,1257587.25,45.0
4346,92,4.0,1990,2605200.5,1197908.5,17.0
4347,75,3.0,1150,2586252.5,1220625.875,146.0
4348,60,2.0,1550,2727495.0,1269480.0,
4349,80,3.0,1900,2531098.75,1174827.875,103.0
4350,74,3.0,1950,2611175.75,1267167.5,34.0
4351,91,3.0,1449,2736957.75,1255864.5,31.0
4353,103,3.0,1760,2608906.5,1200331.5,73.0
4354,90,3.0,2150,2698898.0,1246588.25,47.0
4355,35,1.0,1100,2611653.0,1265856.25,230.0
4356,60,3.0,1510,2608877.25,1191195.25,67.0
4357,113,3.0,2010,2608311.75,1200240.25,113.0
4358,100,4.0,1910,2642389.75,1260719.25,37.0
4359,89,3.0,1555,2553998.0,1200804.25,41.0
4360,72,2.0,1398,2539148.0,1181176.0,62.0
4362,100,4.0,1960,2690713.25,1257891.125,52.0
4363,101,4.0,1912,2584631.75,1207774.75,82.0
4364,70,3.0,1674,2682884.25,1252555.125,45.0
4365,78,3.0,1410,2601541.25,1201353.75,127.0
4366,81,3.0,1960,2701910.5,1242039.375,43.0
4367,77,3.0,1790,2736081.25,1261863.125,21.0
4368,46,2.0,2350,2500220.25,1117528.0,233.0
4369,96,3.0,1660,2546947.5,1183273.125,115.0
4370,84,3.0,1800,2577732.25,1183203.75,57.0
4371,90,3.0,1150,2521762.25,1175878.375,72.0
4373,38,1.0,1490,2537950.0,1151975.0,213.0
4374,44,2.0,800,2594931.25,1245467.375,32.0
4375,60,2.0,1100,2586066.5,1220630.625,141.0
4376,39,1.0,2140,2687157.0,1245724.125,92.0
4377,99,4.0,1722,2530991.0,1174777.625,102.0
4378,76,3.0,1770,2672947.75,1251505.75,215.0
4379,63,3.0,2200,2560202.0,1142171.0,19.0
4380,84,3.0,1680,2646373.5,1251691.75,98.0
4381,83,4.0,1910,2613987.5,1176692.875,79.0
4382,109,4.0,1970,2739034.25,1267495.375,78.0
4383,206,4.0,2000,2626725.25,1226012.125,43.0
4384,128,4.0,1590,2765937.25,1257716.875,76.0
4385,82,3.0,1350,2623408.75,1249072.625,47.0
4386,68,3.0,1893,2530619.5,1151896.125,35.0
4387,68,3.0,1424,2535850.0,1153300.0,
4388,40,2.0,1300,2716790.0,1095188.0,6.0
4389,78,4.0,1950,2729866.0,1278180.5,16.0
4390,52,2.0,880,2554663.75,1217284.5,103.0
4391,62,3.0,2630,2499313.0,1119031.25,566.0
4392,38,2.0,1050,2638480.75,1237538.25,112.0
4393,55,2.0,2480,2681189.75,1245573.0,189.0
4394,80,4.0,1400,2598298.25,1218020.375,12.0
4395,90,3.0,1600,2651598.25,1268451.875,4.0
4396,67,3.0,1700,2676795.75,1283322.875,25.0
4397,75,3.0,2004,2556441.75,1146727.0,33.0
4398,88,3.0,1720,2612207.25,1258775.0,102.0
4399,102,4.0,3240,2674373.5,1256296.5,
4400,145,4.0,4400,2552822.0,1146625.5,29.0
4401,99,4.0,2950,2499055.5,1119824.125,136.0
4402,87,4.0,2360,2537656.5,1151699.75,366.0
4403,112,4.0,2450,2656817.75,1240225.0,4.0
4404,120,4.0,2450,2692957.75,1248863.375,107.0
4405,109,4.0,2350,2662652.0,1211215.125,141.0
4406,93,3.0,2700,2676014.75,1250535.875,57.0
4407,93,3.0,2588,2686973.75,1250585.625,170.0
4408,60,2.0,2400,2537590.0,1154745.0,160.0
4409,68,3.0,1371,2686137.75,1255385.75,37.0
4410,139,4.0,1500,2566040.5,1222235.375,63.0
4411,75,3.0,1680,2718302.0,1096354.0,246.0
4412,80,3.0,1600,2706269.75,1114834.375,86.0
4413,123,5.0,3000,2639055.75,1266849.5,
4414,38,3.0,1050,2516419.5,1172478.375,
4415,95,3.0,1600,2722045.5,1116508.125,61.0
4416,86,4.0,1450,2552674.25,1216111.875,145.0
4417,122,5.0,2250,2613600.25,1211343.5,12.0
4419,82,2.0,1050,2544178.25,1210097.5,9.0
4420,105,4.0,1970,2589652.0,1214242.5,92.0
4421,85,3.0,1700,2716849.5,1096253.625,167.0
4422,85,3.0,1193,2682270.75,1248906.5,259.0
4423,66,3.0,1400,2538070.5,1153834.375,163.0
4424,66,2.0,1430,2655993.5,1249362.875,
4425,60,3.0,1568,2682355.25,1263260.75,114.0
4426,65,2.0,1070,2688501.0,1249889.0,142.0
4427,95,4.0,1380,2646108.25,1245551.5,83.0
4428,94,3.0,1690,2716790.0,1095188.0,6.0
4429,80,4.0,2490,2611164.5,1267763.0,42.0
4430,80,4.0,1800,2608157.5,1228726.0,53.0
4431,106,4.0,2000,2620185.75,1263474.25,130.0
4432,28,1.0,1950,2610304.0,1267200.5,103.0
4433,75,3.0,1400,2578061.0,1208154.625,39.0
4434,82,3.0,1735,2723422.0,1217955.875,22.0
4435,180,5.0,1880,2623212.75,1208702.0,42.0
4436,52,1.0,1590,2679374.0,1250376.25,
4437,64,3.0,1495,2577513.5,1183321.375,134.0
4438,202,5.0,4490,2602674.5,1199516.875,150.0
4439,95,3.0,2280,2607029.5,1272113.875,
4440,60,2.0,950,2592807.25,1238313.25,
4441,186,4.0,2680,2620173.25,1173606.25,37.0
4442,83,3.0,2290,2747260.5,1256093.25,131.0
4444,70,2.0,1800,2605983.75,1261366.625,53.0
4445,75,2.0,1430,2761184.0,1259225.75,15.0
4446,60,2.0,1410,2666393.25,1257906.5,110.0
4447,85,3.0,1200,2723531.25,1077217.5,84.0
4448,53,2.0,1300,2609377.5,1267682.75,122.0
4449,28,1.0,1290,2535362.75,1155252.125,18.0
4450,87,4.0,1830,2647659.75,1249135.0,90.0
4451,104,5.0,2500,2612628.5,1268411.625,58.0
4452,40,2.0,820,2742650.25,1252545.5,93.0
4453,23,2.0,1400,2743779.5,1248831.5,11.0
4454,58,2.0,1600,2655350.0,1234080.25,20.0
4456,53,2.0,1620,2681133.75,1258401.0,30.0
4457,63,2.0,1595,2586191.5,1221226.5,35.0
4458,87,3.0,2240,2666701.75,1210523.25,21.0
4459,16,1.0,950,2686072.0,1256146.5,186.0
4460,77,3.0,1760,2554784.0,1188633.75,36.0
4461,126,4.0,1820,2738550.75,1253147.875,86.0
4462,70,3.0,1550,2694126.5,1254266.375,112.0
4463,52,1.0,1685,2699006.5,1261923.25,9.0
4467,108,3.0,1870,2663900.75,1256022.0,38.0
4468,76,3.0,1700,2651677.25,1248589.75,7.0
4469,120,4.0,1800,2717468.5,1097464.625,99.0
4470,79,4.0,2660,2497020.0,1115044.375,160.0
4471,70,3.0,1990,2610712.5,1266179.75,136.0
4472,78,3.0,1952,2533694.0,1155965.0,427.0
4473,105,3.0,1757,2538668.5,1181317.375,190.0
4474,75,3.0,1600,2664340.5,1215257.25,81.0
4475,65,3.0,1200,2595487.25,1119721.25,85.0
4476,89,3.0,1500,2539481.25,1180195.875,127.0
4477,60,3.0,2500,2682616.0,1250198.5,225.0
4478,72,3.0,2350,2666810.5,1210494.25,111.0
4479,16,1.0,1199,2684924.75,1247538.25,75.0
4480,91,3.0,1350,2599049.0,1228022.5,47.0
4481,183,7.0,6700,2504368.0,1117664.5,238.0
4482,40,2.0,1450,2611244.25,1265518.5,76.0
4483,106,4.0,2000,2620185.75,1263474.25,130.0
4484,65,2.0,1245,2609055.0,1225615.125,52.0
4485,56,2.0,1330,2592143.25,1224656.625,44.0
4486,90,3.0,1600,2606570.5,1126528.875,58.0
4487,139,5.0,1300,2553514.75,1216721.5,93.0
4488,90,3.0,1150,2723946.75,1078183.375,42.0
4489,54,2.0,1060,2585700.75,1221066.875,89.0
4490,65,3.0,1575,2611382.5,1269505.875,473.0
4491,72,4.0,1580,2635553.5,1243746.375,48.0
4494,97,4.0,1270,2722001.0,1116806.0,29.0
4495,72,3.0,1270,2723037.75,1280987.25,56.0
4496,91,4.0,1850,2613354.25,1212146.375,59.0
4497,95,5.0,1620,2748198.25,1255310.125,139.0
4498,74,3.0,1240,2570199.5,1134407.625,38.0
4499,71,3.0,1680,2667562.0,1255158.125,57.0
4500,75,3.0,1450,2706035.75,1239161.125,108.0
4501,93,2.0,1930,2675680.25,1250220.625,110.0
4502,82,3.0,1990,2596790.0,1226875.25,56.0
4503,116,3.0,2080,2689780.75,1283714.875,162.0
4504,25,1.0,905,2536531.5,1153862.125,140.0
4505,85,2.0,1000,2724124.5,1078845.75,24.0
4508,64,3.0,1900,2759427.75,1191491.375,54.0
4509,80,3.0,3440,2683036.75,1248824.625,153.0
4510,77,3.0,1380,2553575.75,1217928.125,74.0
4511,71,2.0,1297,2646044.25,1239368.25,41.0
4512,55,2.0,2400,2673192.75,1252719.5,85.0
4513,64,1.0,2050,2682899.75,1251357.25,49.0
4514,94,3.0,1490,2634570.5,1239461.0,98.0
4515,70,2.0,1600,2526717.0,1158566.75,29.0
4516,43,2.0,1800,2675958.5,1209585.25,88.0
4517,78,3.0,1750,2658969.75,1260607.125,137.0
4518,128,5.0,1800,2691349.25,1282401.375,40.0
4519,70,3.0,1600,2527115.0,1158782.875,6.0
4520,152,5.0,2050,2648330.5,1250308.75,38.0
4521,88,4.0,2280,2681954.5,1240675.375,71.0
4522,80,3.0,1817,2597886.0,1199113.125,193.0
4523,110,4.0,2000,2561684.25,1122803.25,34.0
4524,57,2.0,1700,2660369.5,1238585.125,20.0
4525,70,3.0,1673,2577315.75,1184483.375,120.0
4526,103,3.0,3280,2686734.75,1250248.25,125.0
4527,63,3.0,2300,2498920.0,1117390.75,186.0
4528,75,3.0,1578,2612375.25,1265154.25,151.0
4529,106,4.0,2050,2640654.5,1226740.375,86.0
4530,78,3.0,1920,2689082.25,1249941.625,30.0
4531,160,5.0,2700,2577715.5,1190338.5,
4532,96,3.0,2010,2547005.5,1183235.375,33.0
4533,85,3.0,1270,2758047.0,1256936.375,71.0
4534,76,3.0,1726,2558438.25,1154066.125,
4535,73,3.0,1539,2670445.0,1246369.375,107.0
4536,63,3.0,1450,2612202.25,1257111.125,81.0
4537,28,1.0,620,2611699.5,1268660.375,208.0
4538,116,4.0,2125,2585618.75,1220626.0,124.0
4539,52,1.0,1160,2745046.5,1253445.75,121.0
4540,50,2.0,1588,2604138.75,1187428.875,3.0
4541,125,3.0,1930,2734338.0,1249444.25,
4542,44,2.0,1570,2554344.5,1145818.5,83.0
4543,39,2.0,1206,2599746.0,1200538.0,165.0
4544,54,2.0,1490,2605648.25,1201045.375,72.0
4545,184,4.0,2250,2647646.5,1249011.375,61.0
4546,40,1.0,1250,2713901.75,1098143.0,26.0
4547,111,4.0,1340,2606276.5,1126015.5,177.0
4548,65,3.0,1890,2696209.75,1228841.125,77.0
4549,93,3.0,2920,2532593.0,1151776.375,41.0
4550,130,4.0,2000,2594392.75,1123029.625,44.0
4552,54,2.0,1450,2528002.0,1152329.0,74.0
4553,57,3.0,1375,2614096.5,1197230.75,40.0
4554,75,4.0,2900,2500547.0,1117605.125,92.0
4555,70,3.0,1560,2602801.75,1184254.25,69.0
4556,90,3.0,2200,2535460.0,1152850.0,22.0
4557,76,2.0,1950,2611317.5,1266944.25,73.0
4558,56,2.0,1444,2745321.0,1253139.375,54.0
4559,48,2.0,1375,2599658.25,1200382.0,190.0
4560,126,4.0,1670,2715838.5,1254327.75,34.0
4562,58,3.0,2150,2506291.75,1124464.625,67.0
4563,55,4.0,1510,2759329.0,1191461.375,80.0
4564,64,3.0,1400,2604170.5,1200970.0,103.0
4565,69,2.0,1600,2716790.0,1095188.0,6.0
4566,100,4.0,1640,2615821.5,1207336.125,14.0
4567,76,3.0,1785,2611922.0,1267070.125,233.0
4568,90,3.0,2200,2577816.75,1184367.25,60.0
4569,70,2.0,1750,2746247.75,1256199.375,81.0
4570,75,3.0,1800,2716684.0,1094683.625,101.0
4571,140,4.0,1800,2573665.5,1212525.75,155.0
4572,105,5.0,1890,2610467.5,1265048.5,46.0
4573,74,3.0,1250,2647659.75,1249135.0,90.0
4574,146,4.0,4300,2609301.0,1262786.75,35.0
4575,90,4.0,1610,2663679.0,1244242.25,281.0
4576,110,3.0,1980,2536234.5,1167885.875,51.0
4578,80,4.0,1950,2532866.0,1153571.875,104.0
4579,67,4.0,2050,2499312.25,1110858.25,88.0
4580,65,3.0,920,2633415.25,1255761.0,33.0
4582,80,3.0,1740,2765143.5,1253546.125,99.0
4583,68,3.0,1150,2585568.75,1219506.125,64.0
4584,94,4.0,1690,2664368.0,1211896.375,93.0
4585,116,5.0,2100,2722167.25,1258833.875,68.0
4586,76,3.0,1270,2578696.75,1184140.75,46.0
4587,60,2.0,1720,2570807.5,1163423.75,176.0
4588,63,3.0,1560,2666928.75,1257461.0,221.0
4589,112,4.0,2285,2612625.5,1259717.625,81.0
4590,78,4.0,1520,2636089.0,1244130.625,95.0
4591,75,3.0,1650,2518455.0,1173855.0,38.0
4592,65,3.0,1600,2529795.0,1152130.0,3.0
4593,85,4.0,2375,2691859.5,1207663.0,44.0
4594,64,3.0,1700,2534219.25,1154948.125,186.0
4595,115,4.0,1970,2590586.75,1214046.875,40.0
4596,82,4.0,1730,2572016.75,1163604.25,
4597,87,3.0,3100,2685115.5,1239177.0,157.0
4598,29,1.0,1690,2685149.75,1248203.125,83.0
4599,80,4.0,1400,2582171.25,1213610.0,26.0
4600,78,3.0,2490,2707468.25,1234809.25,50.0
4601,70,2.0,1990,2696328.25,1244808.25,101.0
4602,78,3.0,1710,2703349.75,1242576.125,98.0
4603,95,3.0,1500,2736810.75,1246288.75,71.0
4604,89,3.0,1945,2759267.75,1190738.875,209.0
4605,47,2.0,1250,2613724.75,1266956.875,117.0
4606,100,3.0,950,2699182.75,1282215.25,89.0
4608,78,3.0,1300,2732532.0,1264855.25,60.0
4609,116,5.0,1590,2577525.5,1182779.75,238.0
4610,87,3.0,1590,2607035.75,1228676.875,102.0
4611,90,3.0,1420,2530715.5,1175013.0,124.0
4612,79,3.0,1560,2608169.75,1259239.375,36.0
4613,65,3.0,1940,2681738.0,1246769.625,349.0
4614,106,4.0,2120,2759597.25,1199332.125,41.0
4615,186,6.0,4800,2686808.25,1252578.75,12.0
4616,101,5.0,2519,2603913.25,1201089.625,225.0
4617,76,3.0,1580,2619145.0,1235141.125,
4618,114,4.0,2300,2714428.0,1229396.25,
4619,65,3.0,1430,2700042.25,1259566.75,153.0
4620,75,3.0,1200,2609687.25,1191575.25,96.0
4622,80,3.0,1050,2594153.0,1245627.125,11.0
4623,68,2.0,2450,2686734.75,1250248.25,125.0
4624,75,2.0,2150,2601463.0,1199697.375,196.0
4625,100,4.0,2000,2711178.25,1266196.125,7.0
4626,53,2.0,1630,2531472.75,1156243.125,146.0
4627,60,2.0,800,2558175.25,1185014.75,47.0
4628,50,1.0,940,2607464.75,1228587.375,124.0
4629,143,6.0,3410,2699778.25,1262609.25,97.0
4630,86,4.0,2238,2697653.75,1244436.25,156.0
4631,96,4.0,1750,2642623.5,1249870.375,58.0
4632,76,3.0,1520,2608366.25,1258826.875,62.0
4633,74,3.0,1370,2761509.75,1259918.0,45.0
4634,84,4.0,1880,2621546.0,1261530.0,243.0
4635,86,4.0,1870,2706543.75,1231518.25,134.0
4636,119,4.0,1850,2614331.25,1239654.625,37.0
4637,47,2.0,1296,2536385.0,1153916.125,242.0
4638,80,3.0,1990,2537143.0,1153895.625,215.0
4640,50,3.0,1650,2719542.5,1101115.625,35.0
4641,73,3.0,1320,2657869.0,1254020.5,78.0
4642,100,4.0,7367,2602341.0,1128261.25,31.0
4643,80,3.0,1500,2593529.5,1245797.25,16.0
4645,49,2.0,1460,2539152.0,1152700.5,44.0
4646,80,3.0,1620,2579004.75,1164061.375,7.0
4647,107,4.0,2640,2597701.75,1199716.25,229.0
4649,20,1.0,2000,2681067.0,1249932.0,80.0
4650,114,4.0,1430,2560891.25,1166942.5,55.0
4651,89,2.0,1520,2591798.75,1200439.5,
4652,64,3.0,2100,2681240.0,1247130.5,149.0
4653,50,2.0,1200,2721392.25,1078250.75,43.0
4654,38,1.0,995,2572583.25,1146309.0,18.0
4655,65,2.0,1465,2586728.25,1221559.5,113.0
4656,85,3.0,2245,2554289.0,1146222.75,364.0
4658,64,3.0,1600,2676795.75,1283322.875,25.0
4659,100,4.0,2435,2526739.0,1151707.75,117.0
4660,77,3.0,1510,2578946.5,1163391.75,34.0
4661,107,4.0,2210,2645540.75,1245770.875,64.0
4662,31,1.0,1600,2683908.0,1248622.375,129.0
4663,58,2.0,1020,2722240.5,1118103.125,180.0
4664,61,3.0,1530,2610620.75,1268361.75,91.0
4665,94,3.0,2090,2622603.75,1259691.125,12.0
4666,130,5.0,2890,2683648.25,1251786.625,164.0
4667,102,3.0,2850,2529551.75,1153249.0,70.0
4668,92,5.0,1530,2558667.5,1203568.625,95.0
4669,65,2.0,1660,2664945.75,1258477.0,41.0
4670,65,3.0,1310,2612384.0,1268640.125,440.0
4671,116,4.0,2490,2747468.25,1255149.5,92.0
4672,54,2.0,1250,2573093.5,1178417.125,57.0
4673,74,3.0,1739,2670445.0,1246369.375,107.0
4674,65,3.0,1650,2551797.25,1172798.875,26.0
4675,124,4.0,1400,2576749.0,1234000.625,
4676,50,2.0,1550,2754856.25,1225864.5,72.0
4677,110,3.0,1310,2603079.5,1184353.875,75.0
4678,65,3.0,1565,2612336.75,1220368.125,50.0
4679,67,2.0,2567,2684432.75,1245853.625,230.0
4680,127,4.0,2850,2692590.25,1267573.0,33.0
4681,30,1.0,2600,2679805.25,1250383.375,71.0
4682,94,3.0,1988,2696874.25,1262157.875,84.0
4683,65,4.0,2365,2683503.5,1248736.875,165.0
4684,57,3.0,800,2664126.0,1259450.75,162.0
4685,120,4.0,2450,2692957.75,1248863.375,107.0
4686,63,2.0,1030,2612745.25,1266942.875,101.0
4687,32,1.0,1500,2500614.25,1118652.25,483.0
4688,90,4.0,1862,2576666.0,1184941.125,37.0
4689,100,5.0,2900,2541905.0,1156349.25,52.0
4690,62,3.0,1865,2538081.5,1153529.125,155.0
4691,58,2.0,1600,2688639.5,1281687.625,85.0
4692,82,3.0,1500,2677896.25,1233462.25,66.0
4693,55,3.0,1550,2495094.25,1121058.875,202.0
4694,30,2.0,1170,2605923.75,1228779.875,55.0
4695,32,1.0,526,2747215.0,1254915.875,174.0
4696,60,3.0,920,2568997.25,1109486.375,33.0
4697,86,2.0,2750,2665551.0,1258917.0,25.0
4698,98,3.0,1780,2559823.0,1171581.375,74.0
4699,121,5.0,2130,2634529.5,1245088.375,135.0
4700,65,3.0,1530,2557609.75,1203839.25,62.0
4701,58,3.0,1200,2704097.0,1255384.625,73.0
4702,75,3.0,1260,2623829.5,1208802.75,37.0
4703,75,3.0,2550,2665966.5,1259069.125,83.0
4704,42,1.0,1734,2679919.25,1248863.125,154.0
4705,70,3.0,1750,2573366.75,1174694.125,
4706,49,2.0,1150,2572016.75,1163604.25,
4707,94,3.0,2060,2622628.25,1259622.875,12.0
4708,86,3.0,1860,2624312.0,1257789.75,101.0
4709,59,2.0,2030,2681165.75,1249516.75,
4710,46,1.0,1060,2726539.5,1269810.875,103.0
4711,85,3.0,1220,2690358.0,1284522.625,59.0
4712,55,2.0,1290,2537415.0,1154493.125,149.0
4713,44,2.0,1510,2500392.25,1119540.125,77.0
4714,47,2.0,1370,2539813.0,1151757.875,120.0
4715,63,2.0,1120,2592508.5,1224630.875,
4716,25,1.0,790,2599684.5,1200367.0,190.0
4717,100,4.0,2140,2607494.5,1266587.5,70.0
4718,100,4.0,2200,2688887.0,1279969.375,23.0
4719,110,4.0,1590,2635151.5,1243610.0,172.0
4720,20,1.0,1298,2538073.0,1152723.25,140.0
4721,68,3.0,1100,2585623.0,1221210.375,241.0
4722,60,2.0,2259,2682896.25,1251591.5,229.0
4723,30,1.0,2450,2507489.25,1137587.5,131.0
4724,48,2.0,1695,2538320.5,1152344.0,23.0
4725,39,1.0,1340,2601500.25,1200368.875,141.0
4726,66,2.0,1855,2703529.5,1243380.125,88.0
4727,96,5.0,1120,2572564.25,1251651.75,64.0
4728,98,4.0,3440,2676139.25,1250526.5,286.0
4730,98,4.0,1800,2712780.5,1264344.875,31.0
4731,38,1.0,710,2714762.0,1225838.375,82.0
4732,90,4.0,1770,2610075.25,1264824.75,145.0
4733,62,2.0,1643,2685914.0,1251515.75,88.0
4734,37,2.0,2450,2676818.0,1250197.625,99.0
4735,51,2.0,1650,2705931.5,1232295.75,210.0
4736,130,4.0,1520,2593283.25,1122289.5,55.0
4737,95,3.0,1250,2721900.25,1123959.25,44.0
4738,51,2.0,1380,2538080.0,1154074.0,19.0
4739,95,3.0,2000,2713466.75,1095135.625,73.0
4740,40,1.0,1599,2692034.0,1229381.0,3.0
4742,100,4.0,1750,2738031.25,1249195.75,121.0
4743,100,4.0,2124,2687157.25,1252658.25,91.0
4744,70,3.0,1360,2707454.5,1234277.0,126.0
4745,88,3.0,1720,2612207.25,1258775.0,102.0
4746,107,3.0,1450,2619943.25,1228977.375,51.0
4747,75,3.0,1660,2596750.5,1227283.0,39.0
4748,125,5.0,2480,2695376.25,1261222.625,168.0
4749,77,4.0,2695,2537736.75,1151759.5,278.0
4750,61,2.0,1770,2702240.5,1242585.25,41.0
4751,31,1.0,1000,2646221.5,1248517.875,97.0
4752,40,1.0,1603,2702745.75,1242373.0,27.0
4753,90,4.0,1800,2543861.75,1171562.0,46.0
4754,144,5.0,2800,2671466.25,1256905.5,43.0
4755,52,2.0,980,2593529.5,1245797.25,16.0
4756,78,3.0,700,2720022.25,1081102.5,26.0
4757,107,4.0,2050,2540584.75,1165409.25,27.0
4758,70,,730,2553240.0,1216897.125,94.0
4759,164,4.0,2900,2611726.5,1267788.0,108.0
4760,123,4.0,1480,2717784.0,1135539.375,41.0
4761,85,3.0,1520,2744629.5,1253635.25,197.0
4762,88,3.0,1975,2578211.25,1180713.75,
4763,78,3.0,3040,2683688.25,1251796.75,164.0
4764,72,3.0,855,2595491.0,1226064.625,55.0
4765,85,4.0,1500,2571176.25,1163032.625,991.0
4766,63,3.0,1080,2734075.5,1267797.125,21.0
4767,85,3.0,950,2720132.0,1080814.375,64.0
4768,65,3.0,1540,2666398.75,1213218.5,48.0
4769,98,4.0,2070,2691622.0,1282234.125,81.0
4770,80,3.0,1685,2539390.5,1151610.375,194.0
4771,123,4.0,1700,2624380.25,1232936.125,9.0
4772,72,2.0,900,2592279.0,1252876.5,16.0
4773,87,4.0,1930,2608744.75,1266299.25,148.0
4774,73,3.0,1750,2536294.5,1154596.0,126.0
4775,116,4.0,1650,2572909.0,1252222.875,
4776,23,1.0,1478,2611596.75,1266062.0,156.0
4777,86,3.0,2150,2684714.0,1238723.875,92.0
4778,100,4.0,1600,2731752.0,1267059.5,73.0
4779,115,4.0,3080,2605493.0,1199648.0,6.0
4780,53,2.0,1400,2562349.0,1152539.0,61.0
4781,75,3.0,1750,2690111.5,1249906.25,77.0
4782,75,2.0,1290,2761184.0,1259225.75,15.0
4783,72,3.0,1590,2539879.25,1181136.0,102.0
4784,62,2.0,1250,2593152.25,1246058.375,127.0
4786,75,3.0,2000,2602669.5,1199457.875,94.0
4787,78,4.0,1160,2551387.0,1169035.75,161.0
4788,68,2.0,1934,2536670.0,1152917.875,245.0
4789,106,4.0,1560,2628541.25,1233149.75,76.0
4790,52,2.0,1630,2533330.0,1152098.0,19.0
4791,166,6.0,2950,2612245.25,1260582.375,53.0
4792,137,5.0,2150,2609279.25,1267218.0,85.0
4793,74,2.0,1620,2656834.0,1249296.75,60.0
4794,31,1.0,810,2566533.0,1118874.75,90.0
4795,116,4.0,2125,2585618.75,1220626.0,124.0
4796,87,3.0,1760,2627018.0,1225582.625,32.0
4797,73,3.0,1990,2687804.0,1246306.0,76.0
4798,135,3.0,1380,2578028.25,1191875.125,35.0
4799,75,3.0,1220,2590032.5,1220825.25,73.0
4800,28,1.0,1100,2613311.25,1177755.375,113.0
4801,110,3.0,1600,2659161.25,1258440.375,91.0
4802,53,2.0,1550,2610189.25,1268229.25,119.0
4803,89,3.0,1591,2650319.0,1245759.375,58.0
4804,96,3.0,1910,2730153.75,1270493.0,5.0
4805,88,3.0,2650,2684909.5,1253259.5,225.0
4806,60,2.0,1450,2742524.25,1252423.875,88.0
4807,37,2.0,1800,2683331.5,1261324.25,7.0
4808,53,2.0,1256,2608839.0,1226105.25,155.0
4809,50,2.0,2205,2680710.0,1248272.75,108.0
4810,70,3.0,1270,2667104.25,1256048.375,252.0
4811,77,4.0,1250,2636062.5,1244104.25,95.0
4812,120,4.0,1490,2761840.5,1260219.5,3.0
4813,230,5.0,10900,2682545.75,1246846.75,29.0
4814,97,3.0,1647,2640672.0,1226474.75,98.0
4815,71,3.0,1295,2722042.0,1258232.625,112.0
4816,85,3.0,1450,2607071.0,1126537.25,182.0
4817,85,3.0,2300,2537755.0,1151495.625,281.0
4818,82,4.0,1900,2664799.0,1212016.625,104.0
4819,68,4.0,1520,2578559.75,1183814.875,185.0
4820,55,2.0,1730,2537533.5,1152935.5,367.0
4821,48,2.0,1710,2665531.5,1212280.375,89.0
4822,58,2.0,1806,2683303.25,1248876.75,169.0
4823,59,2.0,2300,2679171.5,1249423.875,
4824,53,2.0,2400,2684188.0,1246902.625,88.0
4825,53,2.0,1965,2687070.5,1234808.125,239.0
4826,90,4.0,1680,2556300.0,1171800.0,
4827,110,4.0,1900,2706140.25,1254463.5,88.0
4828,83,3.0,1780,2612086.25,1262376.625,191.0
4829,52,2.0,1380,2710727.0,1225956.0,189.0
4830,77,2.0,1476,2628151.25,1257149.75,71.0
4831,80,3.0,1430,2604996.75,1210587.625,68.0
4832,94,3.0,1988,2696874.25,1262157.875,84.0
4833,44,2.0,1870,2600835.75,1199767.25,299.0
4834,72,2.0,1690,2645573.75,1245963.25,72.0
4835,54,2.0,1800,2599429.0,1200537.25,158.0
4836,78,4.0,1800,2699155.75,1115508.5,32.0
4837,169,5.0,4800,2498382.75,1113428.75,7.0
4838,105,3.0,2050,2599899.5,1198669.75,137.0
4839,73,3.0,1400,2604563.0,1202276.125,89.0
4840,49,2.0,1460,2539152.0,1152700.5,44.0
4841,98,3.0,1963,2592956.25,1246128.5,13.0
4843,84,3.0,1430,2607628.25,1266775.5,197.0
4844,80,4.0,1800,2608157.5,1228726.0,53.0
4846,68,2.0,1590,2612422.25,1268810.875,
4847,80,3.0,1590,2635038.25,1231161.25,36.0
4848,109,4.0,1680,2626422.25,1229397.625,68.0
4849,66,2.0,825,2574108.0,1230283.25,59.0
4850,55,2.0,1720,2689201.5,1246551.25,64.0
4851,84,3.0,1560,2574469.25,1205760.0,89.0
4852,106,4.0,2555,2542041.5,1156011.0,35.0
4853,90,3.0,990,2553973.0,1217363.875,115.0
4854,42,2.0,1280,2599387.5,1198420.125,143.0
4855,93,2.0,2085,2614655.0,1269098.125,147.0
4856,63,3.0,1490,2601401.0,1207490.375,133.0
4857,96,3.0,1650,2543803.5,1155104.875,6.0
4858,56,2.0,1575,2612904.5,1266089.375,42.0
4859,133,3.0,2300,2606219.0,1262015.125,31.0
4860,55,2.0,1080,2718153.25,1135012.875,
4861,120,2.0,2050,2558615.0,1147330.0,13.0
4862,89,3.0,1700,2759267.75,1190738.875,209.0
4863,55,2.0,1560,2534532.75,1154728.0,191.0
4864,79,3.0,1450,2552871.75,1215958.75,48.0
4865,93,4.0,2910,2680322.5,1250887.0,88.0
4866,65,2.0,1630,2537378.0,1153137.0,240.0
4867,86,3.0,2020,2749333.0,1259142.125,57.0
4868,60,2.0,2200,2528877.25,1161594.875,14.0
4869,93,3.0,1640,2655430.0,1242470.25,26.0
4870,65,2.0,800,2623865.75,1257896.75,87.0
4871,113,4.0,3250,2690212.25,1253150.0,82.0
4872,66,2.0,2070,2682528.5,1252234.125,74.0
4873,98,4.0,2020,2605493.0,1199648.0,6.0
4874,132,4.0,2900,2699826.0,1262573.125,166.0
4876,87,4.0,2400,2496042.25,1117640.875,493.0
4877,67,2.0,1760,2682327.25,1239857.25,101.0
4878,55,2.0,970,2712672.25,1233273.5,89.0
4879,150,4.0,2850,2673137.75,1237692.625,3.0
4880,64,2.0,2270,2503776.25,1116641.5,145.0
4882,64,3.0,2370,2499193.25,1119046.75,356.0
4883,82,4.0,2940,2499313.0,1119031.25,566.0
4884,85,3.0,2200,2613940.0,1176556.0,38.0
4885,100,3.0,2200,2614540.25,1178700.75,75.0
4886,58,3.0,1520,2658081.0,1259394.5,73.0
4887,58,2.0,1600,2663987.5,1213463.5,97.0
4888,76,4.0,1423,2627925.25,1221315.875,5.0
4889,44,2.0,1360,2577565.0,1183471.25,174.0
4890,74,3.0,878,2585304.0,1226899.875,41.0
4891,53,2.0,1300,2755326.25,1221494.625,62.0
4892,64,3.0,1525,2532892.0,1153791.625,248.0
4893,93,3.0,2475,2677458.5,1256187.0,68.0
4894,80,3.0,1250,2598274.0,1229069.625,
4896,99,4.0,2687,2536620.25,1152898.625,171.0
4897,95,5.0,1760,2709001.75,1267900.625,115.0
4898,75,2.0,1856,2680696.75,1262719.25,16.0
4899,105,4.0,1970,2621322.5,1237490.375,48.0
4900,86,3.0,1840,2586197.0,1222309.625,
4901,89,3.0,1360,2605822.0,1228512.0,152.0
4902,119,4.0,2400,2672653.75,1255622.75,55.0
4903,52,2.0,2680,2689020.0,1221016.75,95.0
4904,104,4.0,1700,2604439.75,1251557.625,105.0
4905,53,3.0,1750,2664960.5,1270590.375,37.0
4906,97,4.0,2925,2664798.5,1211870.0,42.0
4907,87,4.0,1550,2647659.75,1249135.0,90.0
4908,127,4.0,5568,2684398.0,1246410.25,153.0
4909,92,3.0,1600,2611698.5,1268387.5,320.0
4910,82,3.0,1430,2630170.25,1268405.5,142.0
4911,113,4.0,1740,2722957.0,1262677.125,47.0
4912,81,3.0,1770,2571368.25,1167055.375,64.0
4913,62,3.0,2300,2500843.25,1116182.125,408.0
4914,123,4.0,2550,2714428.0,1229396.25,
4915,118,4.0,1400,2721546.0,1116396.75,67.0
4916,150,4.0,4800,2538508.5,1151822.0,234.0
4917,180,7.0,2150,2570971.25,1182371.25,5.0
4918,83,3.0,2030,2622630.5,1259673.0,12.0
4919,74,3.0,1520,2745935.25,1270091.375,168.0
4920,83,4.0,1400,2607035.75,1228676.875,102.0
4921,89,3.0,1440,2664597.75,1215194.875,130.0
4922,97,3.0,2800,2703024.0,1237170.0,13.0
4923,92,4.0,2750,2683738.25,1252746.5,110.0
4925,88,3.0,2000,2614254.75,1209861.375,
4926,110,5.0,1714,2608798.5,1220141.25,79.0
4927,148,4.0,3104,2700824.0,1250252.0,64.0
4928,59,2.0,1280,2562898.25,1122906.625,83.0
4929,95,4.0,3520,2501368.5,1116546.0,255.0
4930,77,3.0,1760,2554700.25,1188429.0,
4931,72,3.0,1600,2663937.75,1260345.625,167.0
4932,61,3.0,1229,2655939.25,1248960.625,75.0
4933,36,1.0,1050,2599191.25,1200315.125,239.0
4934,59,3.0,1400,2599604.0,1200434.5,210.0
4935,73,2.0,1790,2622630.5,1259673.0,12.0
4936,71,3.0,1505,2611286.75,1268583.75,309.0
4937,77,3.0,1600,2578254.75,1182682.875,91.0
4938,118,4.0,2260,2746548.0,1255576.125,77.0
4939,58,2.0,3300,2683200.75,1247323.75,179.0
4940,68,3.0,1430,2595339.0,1155656.0,
4941,56,2.0,1380,2612402.25,1268320.0,80.0
4942,89,3.0,1700,2598221.0,1195648.25,87.0
4943,85,3.0,3750,2673531.5,1253172.125,5.0
4945,65,2.0,1980,2676340.5,1238912.25,112.0
4946,68,3.0,1250,2585875.5,1219384.375,267.0
4947,83,2.0,2200,2729386.0,1219850.0,
4948,142,5.0,2910,2701604.0,1234507.625,29.0
4949,96,3.0,1740,2578222.5,1182845.25,198.0
4950,116,4.0,2150,2578079.75,1183422.25,63.0
4951,80,3.0,1660,2687005.5,1245801.125,56.0
4952,72,2.0,1150,2643164.25,1247409.125,72.0
4953,50,2.0,1150,2723336.75,1077867.5,35.0
4954,83,4.0,1630,2731059.75,1278001.875,109.0
4956,35,1.0,1100,2652169.5,1249028.625,40.0
4957,70,3.0,700,2581789.0,1226739.25,
4958,72,2.0,1600,2601285.25,1199744.375,180.0
4959,78,3.0,1920,2689082.25,1249941.625,30.0
4960,26,2.0,1790,2500171.75,1117730.25,37.0
4961,100,4.0,1665,2553683.75,1165034.0,6.0
4962,75,4.0,1590,2584575.75,1207334.25,32.0
4963,68,2.0,1560,2622603.75,1259691.125,12.0
4964,97,3.0,1630,2582702.75,1185545.25,71.0
4965,102,4.0,2210,2615710.0,1269251.0,47.0
4966,108,3.0,4490,2681798.25,1247614.625,93.0
4967,56,2.0,1550,2716921.5,1096560.25,64.0
4968,60,2.0,1827,2531226.5,1154122.0,26.0
4969,50,2.0,935,2585485.25,1221296.5,196.0
4970,146,5.0,2290,2659673.0,1261669.5,58.0
4971,58,2.0,2190,2686337.75,1255276.5,
4972,46,2.0,890,2578247.0,1182807.875,198.0
4973,111,4.0,2240,2758906.25,1239965.375,
4974,80,3.0,980,2627173.25,1210148.5,9.0
4975,44,2.0,950,2716790.0,1095188.0,6.0
4976,53,2.0,1500,2505578.75,1146221.75,67.0
4977,97,3.0,2700,2709024.5,1225981.875,61.0
4978,55,2.0,1050,2586036.25,1221342.875,167.0
4979,69,3.0,1000,2704548.0,1113313.0,92.0
4980,75,2.0,2054,2689406.25,1251404.875,
4981,49,2.0,730,2596971.5,1226909.375,133.0
4982,83,4.0,1240,2615544.5,1169797.0,87.0
4983,85,3.0,1500,2745832.75,1257737.125,45.0
4984,29,1.0,1040,2557136.25,1203213.25,41.0
4985,94,4.0,1690,2614270.0,1212519.5,10.0
4987,125,4.0,1400,2586514.75,1220822.5,80.0
4988,99,3.0,2400,2668524.75,1211644.25,156.0
4989,75,4.0,2900,2500547.0,1117605.125,92.0
4990,73,3.0,1750,2536350.25,1154655.0,104.0
4991,32,1.0,1210,2665973.5,1258998.25,62.0
4992,67,2.0,1800,2665260.75,1211730.125,86.0
4993,50,1.0,1480,2599454.0,1197654.125,50.0
4994,55,2.0,2500,2502197.0,1125783.75,52.0
4995,55,2.0,2500,2502197.0,1125783.75,52.0
4996,90,3.0,2100,2612305.25,1266553.5,32.0
4997,74,3.0,2390,2612055.5,1265525.5,242.0
4998,68,3.0,840,2596945.25,1226922.125,133.0
4999,35,1.0,1110,2746013.5,1254236.0,70.0
5000,89,3.0,1650,2620372.75,1237482.875,50.0
5001,65,3.0,1440,2567320.5,1132413.875,50.0
5002,107,4.0,1470,2660415.25,1263163.625,137.0
5003,56,2.0,1270,2720383.25,1080997.5,82.0
5004,61,2.0,1470,2656586.0,1240815.625,87.0
5005,82,3.0,2300,2558848.0,1143379.5,
5006,84,3.0,1900,2622300.75,1259708.75,58.0
5007,53,2.0,2490,2687157.0,1245724.125,92.0
5008,50,1.0,3600,2709078.75,1114101.0,
5009,110,4.0,1350,2612825.0,1239750.0,10.0
5010,189,5.0,3900,2571113.5,1163779.375,144.0
5011,110,4.0,1870,2580676.0,1200498.25,48.0
5012,122,4.0,1730,2614547.25,1212236.75,56.0
5013,105,3.0,1954,2679123.25,1258492.375,27.0
5014,61,2.0,1220,2587565.5,1221311.125,91.0
5015,66,3.0,800,2574684.5,1230417.0,16.0
5016,50,2.0,2080,2683198.0,1250384.0,106.0
5017,50,2.0,1890,2681731.0,1241015.5,26.0
5018,137,4.0,2050,2716901.0,1272821.0,52.0
5019,135,3.0,5950,2682562.75,1244113.625,41.0
5020,57,2.0,1490,2635674.0,1241314.25,
5021,137,5.0,2850,2648668.75,1247472.5,11.0
5022,53,2.0,1615,2516115.0,1146890.0,3.0
5023,71,3.0,1750,2705887.75,1115119.75,16.0
5024,116,4.0,2070,2722316.25,1258284.875,79.0
5025,85,3.0,1670,2624773.25,1266205.25,189.0
5026,61,2.0,1440,2713292.0,1270684.375,68.0
5027,100,3.0,2440,2707092.5,1236387.75,57.0
5028,22,1.0,1500,2673491.5,1251312.875,
5029,62,2.0,2578,2684884.75,1251175.75,24.0
5030,82,3.0,1970,2622630.5,1259673.0,12.0
5031,63,3.0,1950,2686818.0,1246215.875,91.0
5032,60,2.0,1850,2678729.75,1249276.125,179.0
5033,50,2.0,1450,2711243.5,1092259.75,20.0
5034,109,3.0,2009,2716765.75,1225247.625,61.0
5035,76,3.0,1100,2636922.5,1246377.125,6.0
5036,80,3.0,1600,2761068.0,1260382.0,
5037,102,3.0,1550,2632329.5,1243940.625,64.0
5038,80,3.0,2230,2689725.5,1249956.25,139.0
5039,105,4.0,3190,2677855.75,1251141.125,75.0
5040,63,2.0,1210,2635427.0,1241205.625,115.0
5041,71,2.0,1810,2665560.0,1208935.25,216.0
5042,70,3.0,1550,2538531.0,1180786.5,68.0
5043,84,3.0,1630,2613913.5,1210679.25,93.0
5044,106,3.0,2360,2717834.75,1097139.875,179.0
5045,97,3.0,2970,2677218.75,1251442.625,91.0
5046,91,3.0,1900,2553284.0,1156095.0,28.0
5047,78,3.0,2340,2683790.25,1246191.625,
5048,54,2.0,1800,2599429.0,1200537.25,158.0
5049,112,4.0,1850,2722810.75,1214400.0,54.0
5050,113,4.0,2100,2721555.25,1256598.125,49.0
5051,39,2.0,1200,2526197.75,1150153.5,75.0
5052,80,5.0,1550,2711732.75,1100290.5,22.0
5053,137,3.0,3300,2683743.0,1232431.25,5.0
5055,61,2.0,2465,2679513.25,1249096.25,83.0
5056,93,4.0,1400,2568081.75,1190992.5,150.0
5057,101,4.0,2220,2603575.25,1198274.875,127.0
5058,35,1.0,780,2743609.0,1254422.125,5.0
5059,81,3.0,1930,2758715.25,1191878.125,103.0
5060,48,2.0,1300,2716123.75,1098950.875,28.0
5061,25,1.0,1150,2541813.5,1155693.625,21.0
5062,28,1.0,750,2589353.75,1218523.75,95.0
5063,59,3.0,1600,2599604.0,1200434.5,210.0
5064,53,1.0,2200,2674373.5,1256296.5,
5065,68,2.0,1350,2714924.0,1109010.25,30.0
5066,133,1.0,1730,2747700.0,1256329.5,49.0
5067,102,3.0,1470,2665094.75,1253568.5,111.0
5068,75,3.0,1490,2758536.0,1191835.125,142.0
5069,20,1.0,2200,2679805.25,1250383.375,71.0
5070,88,3.0,1950,2612231.0,1268392.5,51.0
5072,111,4.0,1950,2746006.25,1254976.625,53.0
5073,112,4.0,1370,2603309.0,1202717.375,104.0
5075,65,2.0,1540,2759581.5,1199355.5,41.0
5076,171,5.0,2700,2716650.0,1258244.625,119.0
5077,125,5.0,2600,2673426.0,1253091.25,70.0
5078,70,3.0,1750,2600830.25,1205590.375,44.0
5079,84,3.0,1800,2717453.0,1098647.0,68.0
5080,80,4.0,1800,2603657.75,1200108.375,147.0
5081,50,2.0,1500,2536028.75,1153326.75,204.0
5082,86,2.0,1650,2618959.0,1225724.25,37.0
5083,91,3.0,1720,2744930.25,1254152.625,101.0
5084,92,3.0,2200,2683498.75,1253899.0,253.0
5085,67,3.0,1790,2681611.75,1241162.125,50.0
5086,49,2.0,1610,2536412.0,1153351.875,188.0
5087,106,3.0,3180,2691450.0,1236131.0,90.0
5088,42,2.0,1650,2538253.5,1152601.625,143.0
5089,63,3.0,780,2562054.75,1122432.75,180.0
5090,63,3.0,1490,2701357.75,1233616.5,75.0
5091,94,4.0,1600,2715406.5,1102826.25,36.0
5092,81,3.0,1800,2615113.75,1269355.125,91.0
5093,164,4.0,4500,2501791.5,1116838.875,221.0
5094,71,3.0,2821,2538272.25,1153702.25,73.0
5095,85,3.0,1810,2738953.75,1274143.625,23.0
5096,110,4.0,4040,2680611.5,1252962.5,99.0
5097,158,5.0,1600,2596373.0,1217844.125,30.0
5098,107,4.0,2700,2535887.0,1159354.5,106.0
5099,95,4.0,2000,2665822.25,1252989.875,123.0
5100,90,3.0,1610,2731671.0,1278363.625,123.0
5101,108,4.0,2170,2565620.5,1163767.375,9.0
5102,80,3.0,1500,2723733.5,1078135.625,77.0
5104,85,3.0,1100,2596846.25,1226569.5,123.0
5105,300,4.0,1225,2736227.75,1253378.625,94.0
5106,98,4.0,2632,2533544.75,1155988.125,293.0
5107,79,3.0,1750,2608266.5,1259409.625,159.0
5108,140,4.0,2290,2700925.0,1115809.75,32.0
5109,45,2.0,1715,2535538.25,1152988.375,152.0
5110,75,3.0,1575,2682150.0,1263060.625,184.0
5111,43,2.0,1010,2604554.75,1197951.5,38.0
5112,101,4.0,3100,2535970.0,1159390.0,210.0
5114,76,3.0,850,2716063.25,1098843.75,47.0
5115,87,3.0,1900,2684073.25,1237582.75,64.0
5116,68,2.0,1130,2758741.25,1249658.25,161.0
5117,49,2.0,970,2528451.0,1185487.125,49.0
5118,70,3.0,1300,2778403.75,1198323.375,6.0
5119,85,3.0,1900,2663944.25,1265835.25,19.0
5120,143,4.0,1250,2592854.0,1246086.875,91.0
5121,91,4.0,1110,2689451.0,1284002.0,39.0
5124,134,4.0,1885,2604579.0,1193200.75,17.0
5125,39,1.0,1904,2683624.25,1252214.25,124.0
5126,106,4.0,1800,2666027.25,1214941.375,99.0
5127,75,3.0,1650,2606187.5,1126198.625,47.0
5128,79,4.0,1167,2504357.5,1116484.125,119.0
5129,96,4.0,2099,2756588.25,1208572.25,114.0
5130,154,5.0,2530,2655836.75,1234791.0,152.0
5131,54,3.0,2100,2499064.75,1119709.875,93.0
5132,75,3.0,1440,2612111.75,1257401.25,109.0
5133,85,3.0,2300,2663834.75,1245203.5,17.0
5134,16,1.0,1650,2682666.75,1247865.75,33.0
5135,51,2.0,1250,2683282.75,1250993.625,38.0
5136,92,4.0,1710,2618412.25,1263272.0,232.0
5137,82,3.0,2020,2622630.5,1259673.0,12.0
5138,48,2.0,1350,2537472.5,1154582.625,131.0
5139,50,2.0,1200,2578953.75,1096950.25,15.0
5140,45,2.0,720,2582960.25,1223231.25,36.0
5141,75,3.0,1780,2657708.25,1258904.25,279.0
5142,27,1.0,1000,2588767.0,1114765.25,22.0
5143,116,5.0,1990,2577353.75,1182872.125,134.0
5144,61,2.0,1560,2578414.0,1180426.625,227.0
5145,90,3.0,2040,2611572.25,1265878.5,226.0
5146,53,2.0,2140,2687070.5,1234808.125,239.0
5147,70,2.0,1910,2689628.0,1245707.125,143.0
5148,92,3.0,2060,2562268.75,1205407.0,48.0
5149,116,4.0,2420,2619431.75,1226363.625,34.0
5150,78,3.0,1480,2638241.25,1237100.0,37.0
5151,70,3.0,1270,2593185.75,1245412.5,82.0
5152,40,1.0,850,2760132.0,1174352.25,
5153,67,2.0,1455,2586870.0,1221639.75,134.0
5154,75,3.0,1850,2542109.75,1161520.875,13.0
5155,86,3.0,1420,2606386.75,1126454.75,154.0
5156,72,3.0,970,2746162.25,1258755.375,50.0
5157,45,2.0,1380,2503265.0,1113476.875,162.0
5158,88,4.0,1550,2561557.25,1205348.25,104.0
5159,100,4.0,1680,2649155.75,1245933.5,115.0
5160,60,2.0,1164,2745928.5,1270459.5,101.0
5161,90,3.0,1950,2554768.5,1187890.75,94.0
5162,70,2.0,1364,2585540.5,1221064.875,115.0
5163,99,4.0,1654,2604331.25,1202498.25,97.0
5164,50,2.0,990,2586125.5,1224258.5,26.0
5165,91,4.0,1675,2587491.0,1221729.5,155.0
5166,114,4.0,1737,2553559.5,1216917.75,260.0
5167,54,2.0,2090,2683011.75,1249344.25,260.0
5168,103,3.0,2240,2657932.75,1249836.25,20.0
5169,71,2.0,2400,2681379.75,1247100.875,254.0
5170,115,4.0,2530,2609811.25,1262871.625,54.0
5171,93,4.0,2400,2654562.25,1245220.375,54.0
5172,100,3.0,2440,2707092.5,1236387.75,57.0
5173,83,3.0,2290,2747260.5,1256093.25,131.0
5174,133,3.0,2050,2606219.0,1262015.125,31.0
5175,22,1.0,940,2578063.25,1185952.5,169.0
5176,63,3.0,1940,2555922.0,1144727.0,169.0
5177,168,5.0,14000,2502328.5,1118733.0,
5178,72,2.0,1218,2539148.0,1181176.0,62.0
5180,117,4.0,1850,2553742.0,1172849.75,86.0
5181,55,2.0,1720,2695877.25,1260706.25,124.0
5182,109,4.0,3390,2689985.75,1246592.125,
5183,74,3.0,1550,2690533.25,1263653.875,146.0
5184,111,4.0,2025,2636398.5,1240537.0,156.0
5185,101,4.0,2885,2536747.75,1152854.0,581.0
5186,84,3.0,1920,2670729.5,1244863.875,105.0
5187,82,3.0,1800,2730590.0,1278079.75,37.0
5188,50,2.0,1279,2717545.0,1096660.25,225.0
5189,78,3.0,700,2716790.0,1095188.0,6.0
5190,128,2.0,1994,2706212.0,1254829.5,138.0
5191,90,4.0,1780,2728686.75,1256402.375,116.0
5192,103,4.0,2160,2655527.5,1249163.125,161.0
5194,27,1.0,1650,2655146.75,1252807.625,71.0
5195,64,2.0,1600,2716621.5,1094930.625,276.0
5196,83,3.0,2480,2695532.0,1234500.625,96.0
5197,38,1.0,665,2585264.75,1243521.375,43.0
5198,50,2.0,1500,2536328.5,1153271.75,137.0
5199,87,3.0,1500,2578722.0,1182191.0,14.0
5200,125,4.0,2990,2678743.75,1248984.875,193.0
5201,31,1.0,2620,2683877.75,1246169.75,131.0
5202,111,3.0,2150,2646166.25,1248982.5,26.0
5203,62,2.0,1650,2538160.0,1153142.875,224.0
5204,97,4.0,1530,2572144.5,1175363.375,79.0
5205,120,5.0,3100,2692915.75,1231907.0,112.0
5206,131,3.0,1700,2641595.75,1264728.625,95.0
5207,61,3.0,1395,2635553.5,1243746.375,48.0
5208,100,3.0,3060,2678438.0,1250983.375,70.0
5209,93,4.0,1680,2624153.75,1257507.75,84.0
5210,91,4.0,3620,2498266.0,1120841.25,132.0
5211,82,2.0,2332,2559828.0,1143409.125,17.0
5212,91,3.0,1350,2562679.5,1122965.75,65.0
5213,25,1.0,2750,2691450.0,1236131.0,90.0
5214,90,4.0,3300,2681425.5,1241169.125,89.0
5215,100,4.0,1890,2594001.25,1217527.0,34.0
5216,90,4.0,2700,2605742.75,1211312.625,18.0
5217,112,4.0,2020,2640228.75,1233224.125,28.0
5218,97,4.0,3200,2703024.0,1237170.0,13.0
5219,79,3.0,1150,2605543.5,1207729.625,91.0
5220,79,3.0,1470,2564125.5,1182677.125,87.0
5221,100,4.0,2200,2713736.0,1089622.875,10.0
5222,96,3.0,2110,2655527.5,1249163.125,161.0
5223,100,3.0,1600,2713277.25,1097299.25,
5224,89,3.0,3722,2695532.0,1234500.625,96.0
5225,78,3.0,1720,2578353.75,1180449.75,30.0
5226,85,4.0,1290,2601589.25,1205748.625,48.0
5227,100,4.0,1145,2719552.0,1087314.5,33.0
5228,54,3.0,1740,2665638.5,1210335.125,
5229,44,1.0,1100,2682958.25,1240984.0,89.0
5230,67,2.0,1630,2559961.75,1204538.125,77.0
5231,65,2.0,1790,2697114.75,1265294.5,68.0
5232,100,4.0,1200,2724124.5,1078845.75,24.0
5233,45,1.0,900,2716754.0,1081510.625,48.0
5234,93,3.0,1680,2634507.25,1239593.375,112.0
5235,80,3.0,1280,2748649.25,1256391.875,118.0
5237,80,3.0,1362,2553591.5,1216948.125,260.0
5238,23,1.0,1050,2695750.25,1261000.5,127.0
5239,153,4.0,2500,2723169.5,1080273.875,6.0
5240,82,4.0,2050,2683598.25,1237835.875,111.0
5241,75,3.0,1365,2663583.75,1209217.5,134.0
5242,90,3.0,2100,2554405.0,1147861.25,43.0
5243,260,6.0,4700,2615882.0,1268877.0,23.0
5244,30,2.0,1500,2583396.5,1105084.125,65.0
5245,75,3.0,1940,2600949.5,1200932.625,98.0
5246,104,3.0,2700,2534980.0,1153490.0,252.0
5247,102,3.0,1900,2665523.5,1257307.625,17.0
5248,87,4.0,2360,2537656.5,1151699.75,366.0
5249,74,2.0,1635,2646020.75,1250107.375,165.0
5250,75,3.0,1950,2599161.5,1200479.875,181.0
5251,45,2.0,850,2597333.0,1226670.375,144.0
5252,150,5.0,1100,2567445.5,1254817.5,19.0
5253,90,4.0,1970,2534874.75,1153178.75,187.0
5254,93,3.0,2230,2673000.75,1251478.0,337.0
5255,112,3.0,3310,2682395.25,1241866.875,147.0
5256,71,3.0,809,2593049.75,1246099.0,186.0
5257,96,3.0,2146,2538744.75,1155075.625,208.0
5258,72,2.0,900,2592279.0,1252876.5,16.0
5259,71,2.0,1290,2761184.0,1259225.75,15.0
5261,96,4.0,2270,2672535.75,1250905.0,72.0
5262,17,1.0,1220,2501385.25,1116951.875,308.0
5263,90,2.0,750,2720774.75,1079310.75,167.0
5264,45,2.0,800,2574676.5,1231746.125,3.0
5265,68,3.0,1590,2621974.25,1260094.125,7.0
5266,32,1.0,1295,2534754.25,1155340.875,91.0
5267,98,4.0,2690,2706837.5,1232103.375,82.0
5268,28,1.0,1290,2535362.75,1155252.125,18.0
5269,65,2.0,1250,2595079.0,1226258.875,74.0
5270,131,5.0,2605,2607043.0,1197802.625,89.0
5271,95,4.0,1890,2596527.75,1119479.75,6.0
5272,103,3.0,2270,2682848.5,1262945.25,185.0
5273,30,1.0,1080,2608058.5,1229026.375,35.0
5274,55,2.0,2250,2682412.25,1247312.75,
5275,43,1.0,900,2716220.0,1093665.5,57.0
5276,142,5.0,2910,2701624.0,1234210.25,67.0
5277,45,2.0,1200,2716433.5,1078830.5,110.0
5278,112,4.0,1687,2668469.75,1235113.75,39.0
5279,106,4.0,1990,2640987.5,1229710.625,37.0
5280,57,1.0,1500,2501053.25,1117583.0,229.0
5281,65,2.0,2130,2506593.25,1138536.875,231.0
5282,41,2.0,1010,2746014.5,1254672.0,116.0
5283,32,1.0,2040,2615321.75,1221577.375,7.0
5284,41,2.0,1650,2498666.75,1121491.625,259.0
5285,85,2.0,2200,2676010.75,1215190.5,99.0
5286,100,4.0,2750,2686165.0,1265216.375,51.0
5287,58,2.0,1499,2633295.0,1127574.0,120.0
5288,66,2.0,2680,2680867.5,1246667.5,177.0
5289,88,3.0,1360,2718674.0,1140871.0,14.0
5290,70,2.0,980,2625181.25,1244390.75,3.0
5291,100,4.0,2030,2553829.5,1145668.75,526.0
5292,87,4.0,2200,2496391.5,1117701.25,
5293,59,2.0,1320,2748859.5,1243750.5,33.0
5294,60,2.0,800,2558175.25,1185014.75,47.0
5295,42,1.0,1150,2583305.75,1112910.25,18.0
5296,45,2.0,1480,2599404.75,1200688.125,136.0
5297,86,3.0,1630,2648941.5,1246083.75,75.0
5298,76,2.0,1950,2611317.5,1266944.25,73.0
5299,96,3.0,1800,2605663.0,1198215.5,55.0
5300,81,3.0,1350,2612183.75,1257400.125,109.0
5301,72,3.0,1560,2609480.5,1266752.0,129.0
5302,77,2.0,1575,2611818.5,1267802.125,137.0
5303,114,4.0,1737,2553591.5,1216948.125,260.0
5304,85,3.0,2190,2678743.75,1248984.875,193.0
5305,109,3.0,1950,2714531.25,1093306.875,47.0
5306,89,3.0,2050,2643803.5,1263353.625,3.0
5307,69,2.0,1640,2662487.5,1251810.0,22.0
5308,66,3.0,1500,2600169.75,1198163.875,139.0
5309,132,2.0,3770,2684643.5,1246485.125,155.0
5310,120,2.0,4410,2682553.25,1250287.5,34.0
5311,102,4.0,3180,2675260.5,1245942.25,84.0
5312,125,5.0,2600,2699711.75,1249038.0,62.0
5313,75,3.0,1950,2600949.5,1200932.625,98.0
5314,61,2.0,1910,2687817.75,1246179.875,108.0
5315,95,3.0,2650,2684647.0,1253080.625,143.0
5316,65,2.0,1920,2599924.0,1198447.875,130.0
5317,87,3.0,2078,2645789.25,1252163.75,59.0
5318,125,4.0,2000,2719410.5,1100510.0,26.0
5319,70,3.0,700,2699347.25,1149726.375,7.0
5320,86,3.0,3340,2678968.25,1249730.5,252.0
5321,27,1.0,600,2586238.5,1221667.25,80.0
5322,52,2.0,1543,2613250.25,1267740.125,214.0
5323,90,3.0,1840,2609938.75,1224044.25,81.0
5324,66,2.0,2030,2611968.25,1267634.375,135.0
5325,55,2.0,1530,2578326.0,1180466.0,30.0
5326,49,2.0,1460,2612331.5,1268657.0,440.0
5327,71,2.0,1450,2645809.0,1246766.125,110.0
5328,76,3.0,1750,2675245.5,1254925.625,96.0
5329,170,6.0,2300,2549338.25,1161547.5,29.0
5330,105,4.0,1270,2690976.75,1153456.0,
5331,65,2.0,1810,2561570.5,1204819.375,35.0
5332,133,5.0,2230,2607494.5,1266587.5,70.0
5333,123,4.0,2300,2604482.0,1201075.75,96.0
5334,40,2.0,1180,2597811.5,1199762.875,115.0
5335,97,3.0,1999,2662043.25,1211520.5,135.0
5336,103,3.0,2280,2662193.0,1211559.0,151.0
5337,137,4.0,5490,2687587.75,1234773.875,38.0
5338,60,2.0,1500,2603373.5,1125789.125,18.0
5339,98,4.0,2020,2605493.0,1199648.0,6.0
5340,80,2.0,2100,2539070.0,1151260.0,32.0
5341,52,3.0,1760,2500339.25,1115618.75,246.0
5342,112,4.0,1500,2603309.0,1202717.375,104.0
5343,78,3.0,820,2547859.5,1212243.0,62.0
5344,73,3.0,1520,2657807.5,1253953.875,113.0
5345,143,4.0,2500,2609222.0,1186933.375,77.0
5346,49,2.0,1550,2533550.0,1153567.375,66.0
5347,128,5.0,1450,2631213.5,1218070.25,41.0
5348,80,3.0,1590,2635038.25,1231161.25,36.0
5349,95,3.0,1740,2617157.0,1234191.0,25.0
5350,86,4.0,3360,2610069.75,1266591.875,89.0
5351,82,3.0,1650,2679895.5,1248525.0,82.0
5352,35,2.0,750,2533096.5,1153995.75,
5354,65,3.0,1200,2652708.5,1251010.5,41.0
5355,37,2.0,1000,2538536.75,1152656.125,176.0
5356,86,4.0,1640,2657872.75,1254675.875,39.0
5357,27,1.0,610,2554146.5,1216942.5,84.0
5358,60,2.0,1845,2674373.5,1256296.5,
5359,74,4.0,2940,2500435.5,1118449.0,364.0
5360,39,2.0,900,2596584.75,1193551.75,
5361,109,4.0,2560,2663397.75,1256859.0,
5362,45,2.0,2200,2681234.25,1248469.5,300.0
5363,74,2.0,2980,2687824.5,1250213.25,402.0
5364,60,2.0,970,2553661.25,1217418.75,64.0
5365,102,3.0,2380,2696564.0,1260953.625,103.0
5366,239,4.0,2370,2725810.0,1238463.5,69.0
5367,184,4.0,2900,2676567.25,1247251.75,117.0
5368,70,3.0,1700,2612509.75,1267526.375,38.0
5369,135,4.0,2473,2682718.75,1244341.375,120.0
5370,16,1.0,895,2686067.25,1256463.625,139.0
5371,90,3.0,2030,2730153.75,1270493.0,5.0
5372,82,4.0,1350,2649464.5,1245926.625,75.0
5373,35,2.0,680,2752415.75,1247698.5,8.0
5374,60,3.0,1720,2678665.5,1244414.75,38.0
5375,60,2.0,2950,2697345.75,1227907.5,48.0
5376,90,5.0,3000,2499218.25,1130072.625,40.0
5377,111,4.0,1600,2590895.0,1244143.0,16.0
5378,103,3.0,2240,2657932.75,1249836.25,20.0
5379,100,3.0,1250,2751259.75,1247585.25,4.0
5380,75,1.0,1740,2613731.0,1267431.0,124.0
5381,130,5.0,2195,2559926.5,1171566.25,65.0
5382,68,2.0,1090,2681050.75,1246655.875,222.0
5383,80,3.0,2700,2538043.25,1153285.0,171.0
5384,69,3.0,1450,2607513.25,1267155.375,121.0
5385,37,1.0,780,2585368.25,1219498.625,166.0
5386,97,4.0,2290,2611632.75,1266395.5,86.0
5387,27,1.0,1100,2537991.75,1152626.625,85.0
5388,53,2.0,1980,2611011.25,1266224.0,121.0
5389,90,4.0,2000,2567249.5,1132585.125,51.0
5390,100,3.0,1700,2555414.75,1157561.75,12.0
5391,112,4.0,2390,2660749.75,1254181.625,59.0
5392,120,5.0,1655,2626324.75,1230494.75,72.0
5393,123,4.0,2480,2578220.25,1181495.25,103.0
5394,83,4.0,1250,2739980.25,1250401.75,71.0
5395,90,4.0,2280,2665647.25,1212229.25,92.0
5396,105,4.0,3250,2678438.0,1250983.375,70.0
5397,58,2.0,1350,2663679.75,1214451.0,19.0
5398,93,3.0,1600,2571371.5,1163988.375,205.0
5399,83,3.0,1661,2655667.5,1250466.125,109.0
5400,40,2.0,1100,2597811.5,1199762.875,115.0
5401,54,2.0,1675,2540050.75,1152631.625,136.0
5402,110,4.0,1980,2597076.5,1123157.25,7.0
5403,82,3.0,1200,2609225.0,1227899.5,82.0
5404,53,2.0,1126,2599423.0,1198288.625,147.0
5405,80,3.0,1250,2574808.5,1230243.375,20.0
5406,85,4.0,2300,2618297.25,1263292.5,156.0
5407,42,2.0,1650,2538253.5,1152601.625,143.0
5408,86,4.0,1600,2746747.5,1255486.0,107.0
5409,68,3.0,1450,2610199.25,1268236.875,119.0
5410,82,3.0,1430,2630170.25,1268405.5,142.0
5411,62,2.0,2000,2537168.0,1152205.125,32.0
5412,131,4.0,2700,2607279.25,1262032.0,42.0
5413,110,6.0,2990,2499047.75,1118039.0,427.0
5414,112,4.0,2285,2612625.5,1259717.625,81.0
5415,115,3.0,2370,2694140.25,1227936.25,87.0
5416,60,1.0,2800,2679718.5,1248139.75,30.0
5417,224,1.0,2590,2614010.75,1211412.0,9.0
5418,145,5.0,4930,2539985.5,1151439.75,61.0
5419,48,2.0,1070,2577711.75,1184471.5,81.0
5420,80,3.0,1500,2595594.5,1230045.125,
5421,46,2.0,1779,2666127.5,1209932.75,161.0
5422,50,2.0,1370,2614204.75,1266849.875,139.0
5423,130,5.0,1820,2596200.25,1198305.0,151.0
5424,109,5.0,1886,2646727.0,1248851.125,
5425,78,3.0,1050,2615674.0,1231759.75,8.0
5426,145,5.0,3660,2683343.5,1250490.75,56.0
5427,73,2.0,1600,2739945.0,1267740.875,41.0
5428,71,3.0,2900,2672034.0,1250165.625,70.0
5429,69,3.0,1250,2570799.5,1163470.125,93.0
5430,54,3.0,1160,2605841.5,1228718.625,43.0
5431,76,3.0,1150,2611005.25,1227533.25,59.0
5432,110,3.0,2090,2665824.0,1259920.25,11.0
5433,43,1.0,1050,2697545.75,1260908.75,115.0
5434,65,3.0,1260,2560135.0,1183066.75,50.0
5435,85,3.0,810,2577309.0,1227001.5,53.0
5436,127,5.0,3230,2689122.0,1253897.625,59.0
5437,105,3.0,2750,2716745.5,1096425.75,201.0
5438,79,4.0,1680,2736921.0,1252722.5,42.0
5439,108,4.0,1805,2598229.0,1195805.75,80.0
5440,65,3.0,1100,2553694.0,1217253.125,110.0
5441,80,3.0,2489,2603209.25,1200552.5,205.0
5442,42,1.0,700,2632143.5,1243523.625,53.0
5443,95,3.0,2395,2700080.25,1260262.25,194.0
5444,85,5.0,2810,2499666.75,1117090.75,428.0
5445,56,2.0,1130,2606393.25,1228934.0,38.0
5446,26,1.0,890,2609442.0,1228950.375,229.0
5447,89,3.0,1700,2699229.25,1282346.875,98.0
5448,80,4.0,1850,2533363.5,1154273.375,78.0
5449,69,2.0,2130,2611231.0,1266540.0,54.0
5450,110,4.0,1450,2637801.0,1244922.0,66.0
5451,65,3.0,1650,2603491.25,1201041.5,121.0
5452,80,3.0,1480,2754548.5,1260702.75,69.0
5453,85,3.0,2920,2687644.25,1245622.5,150.0
5454,67,2.0,2220,2678438.0,1250983.375,70.0
5455,45,1.0,1000,2710833.25,1093312.125,23.0
5456,128,5.0,2650,2611386.0,1256494.5,54.0
5457,56,2.0,2990,2610069.75,1266591.875,89.0
5458,107,4.0,2937,2698106.5,1228815.875,110.0
5459,44,2.0,1360,2577565.0,1183471.25,174.0
5460,38,1.0,1500,2687912.0,1234759.0,88.0
5461,84,3.0,1300,2561697.25,1185393.375,143.0
5462,50,2.0,1200,2721392.25,1078250.75,43.0
5463,60,3.0,1500,2638846.0,1236390.625,41.0
5464,23,1.0,715,2535266.75,1154545.625,155.0
5465,43,1.0,980,2716220.0,1093665.5,57.0
5466,90,4.0,2280,2665647.25,1212229.25,92.0
5467,35,1.0,895,2716573.0,1094820.5,62.0
5468,46,2.0,2090,2681190.75,1247944.25,189.0
5469,54,3.0,2750,2500980.25,1116725.125,365.0
5470,41,3.0,1890,2494516.0,1120643.125,43.0
5471,80,3.0,1500,2595594.5,1230045.125,
5472,56,3.0,1920,2499196.0,1118739.0,416.0
5473,63,3.0,780,2561959.75,1122299.625,63.0
5474,87,3.0,1770,2611840.5,1265540.25,234.0
5475,75,2.0,2020,2677731.0,1254069.875,227.0
5476,112,4.0,2285,2612625.5,1259717.625,81.0
5477,110,5.0,2700,2749359.75,1264515.25,20.0
5478,115,5.0,2560,2538679.75,1159228.5,55.0
5479,54,3.0,1740,2664904.0,1210316.0,29.0
5480,105,4.0,1500,2701318.5,1114354.625,
5481,46,2.0,1900,2538001.5,1153409.125,496.0
5482,90,4.0,2220,2612505.75,1259710.125,
5483,53,2.0,990,2626898.75,1239086.5,13.0
5484,83,3.0,1640,2612099.75,1258497.375,53.0
5485,114,4.0,2790,2681416.5,1269518.875,111.0
5486,66,3.0,1330,2646275.25,1245490.625,22.0
5487,87,3.0,1520,2578267.5,1181294.875,50.0
5488,61,2.0,1210,2597242.5,1226556.75,52.0
5489,72,3.0,1840,2600949.5,1200932.625,98.0
5490,80,3.0,2700,2538010.25,1152821.75,155.0
5491,66,3.0,1930,2669194.25,1215117.25,110.0
5492,68,2.0,1790,2652179.5,1250545.5,8.0
5493,107,4.0,1990,2540584.75,1165409.25,27.0
5494,67,2.0,2567,2684432.75,1245853.625,230.0
5495,72,2.0,1750,2687777.25,1251184.75,206.0
5496,79,2.0,1890,2612239.5,1266176.0,125.0
5497,77,3.0,1435,2609114.0,1268233.75,283.0
5498,70,3.0,880,2546994.75,1211732.125,42.0
5499,87,3.0,1590,2592238.5,1224941.25,51.0
5500,111,4.0,2600,2688330.75,1250742.0,114.0
5501,67,4.0,1190,2604114.75,1228929.375,102.0
5502,85,4.0,1210,2554663.75,1217284.5,103.0
5503,66,2.0,1650,2535899.5,1157236.375,237.0
5504,103,4.0,1970,2650349.25,1269397.625,49.0
5505,49,2.0,1670,2609951.25,1267812.5,312.0
5506,86,3.0,1320,2623027.5,1258051.5,83.0
5508,104,4.0,2250,2679895.5,1248525.0,82.0
5509,30,1.0,740,2747061.5,1255975.25,58.0
5510,93,4.0,1845,2601263.5,1207391.0,84.0
5511,55,2.0,2400,2681569.75,1247078.5,303.0
5513,26,1.0,1200,2717235.0,1096774.25,162.0
5514,53,2.0,1195,2613976.5,1179471.75,127.0
5515,65,2.0,1600,2716992.0,1099537.875,38.0
5516,128,4.0,2160,2561748.5,1124927.375,247.0
5517,92,3.0,1850,2611571.75,1265901.5,266.0
5518,80,3.0,1980,2600528.5,1205684.25,31.0
5519,70,2.0,1730,2622603.75,1259691.125,12.0
5520,77,3.0,1760,2554700.25,1188429.0,
5521,96,3.0,1843,2614350.5,1211688.75,98.0
5522,85,4.0,1340,2591723.75,1224647.875,39.0
5523,71,3.0,2020,2612344.0,1268867.625,545.0
5524,55,2.0,1490,2611345.75,1265872.875,243.0
5526,75,3.0,1522,2610263.0,1265166.0,17.0
5527,87,3.0,1610,2611840.5,1265540.25,234.0
5528,106,4.0,1165,2553852.75,1217506.5,128.0
5529,100,4.0,1600,2575369.75,1169717.0,10.0
5530,65,3.0,1410,2666968.0,1257546.75,175.0
5531,67,2.0,720,2566864.5,1222904.75,36.0
5532,80,3.0,1670,2739608.5,1268778.0,41.0
5533,96,4.0,1915,2560341.0,1141807.0,3.0
5534,27,1.0,800,2536727.75,1153261.375,248.0
5535,101,4.0,2230,2683461.25,1263582.625,89.0
5536,98,4.0,2750,2694601.75,1263136.0,85.0
5537,58,3.0,1070,2588130.5,1222193.125,147.0
5538,72,3.0,1940,2600949.5,1200932.625,98.0
5539,128,4.0,1700,2575023.0,1182437.375,79.0
5541,83,3.0,1500,2538373.25,1181035.5,253.0
5542,111,3.0,1600,2545671.5,1177746.125,27.0
5543,69,2.0,1300,2761068.0,1260382.0,
5544,62,2.0,1195,2589712.75,1245356.5,43.0
5545,33,1.0,820,2613095.75,1269041.75,155.0
5546,113,3.0,3300,2666557.5,1257679.75,90.0
5547,40,2.0,1850,2501595.5,1117090.625,448.0
5548,30,1.0,690,2605444.5,1128894.0,36.0
5549,80,4.0,2980,2666072.5,1204948.125,59.0
5550,83,3.0,3240,2683915.0,1246603.25,51.0
5551,56,2.0,1315,2664023.75,1212714.375,174.0
5552,60,2.0,2170,2685511.25,1238532.875,59.0
5553,125,4.0,1550,2720995.0,1250312.625,10.0
5554,63,3.0,1850,2499313.0,1119031.25,566.0
5555,86,3.0,2570,2610398.0,1267441.25,175.0
5556,108,4.0,4350,2545700.0,1150900.0,4.0
5557,111,4.0,1600,2590895.0,1244143.0,16.0
5558,35,2.0,1198,2499607.25,1115878.875,189.0
5559,78,4.0,1610,2610082.5,1263641.375,79.0
5560,32,1.0,1150,2536461.75,1153109.875,468.0
5561,75,4.0,1340,2584681.5,1207571.0,18.0
5562,18,1.0,760,2538442.0,1152488.75,177.0
5563,120,4.0,2300,2598969.0,1223762.0,46.0
5564,90,3.0,1125,2553748.5,1217360.875,136.0
5565,78,3.0,1600,2676795.75,1283322.875,25.0
5566,59,2.0,780,2748991.0,1263614.625,86.0
5567,112,3.0,1850,2619661.5,1226769.875,47.0
5568,72,3.0,2040,2600881.0,1201015.625,154.0
5569,95,3.0,1800,2585631.25,1219801.875,62.0
5570,84,3.0,1600,2712121.0,1094839.0,3.0
5571,67,2.0,1320,2554816.5,1188558.125,62.0
5572,85,2.0,1060,2724144.5,1077211.125,
5573,141,5.0,3500,2525335.0,1153080.0,5.0
5574,64,3.0,1290,2590161.75,1213895.5,102.0
5576,41,3.0,1750,2494493.75,1120627.875,123.0
5577,110,4.0,2190,2674475.75,1268300.125,27.0
5578,65,4.0,2360,2495998.75,1112762.625,93.0
5579,57,2.0,1770,2681049.25,1245346.0,145.0
5580,29,1.0,875,2579838.5,1185009.0,132.0
5581,84,4.0,1001,2553788.5,1217344.375,136.0
5582,94,3.0,2150,2597748.75,1199790.75,229.0
5583,63,2.0,2500,2688691.5,1250502.0,50.0
5584,80,2.0,1250,2585437.75,1220332.0,84.0
5585,25,1.0,950,2753955.75,1226539.5,207.0
5586,75,4.0,1900,2705660.0,1114575.375,83.0
5587,105,4.0,2440,2682745.25,1264578.875,401.0
5588,237,6.0,2980,2615613.5,1159459.0,46.0
5589,89,3.0,1790,2660886.0,1244376.125,82.0
5590,110,4.0,1680,2721261.25,1102530.5,3.0
5591,79,3.0,1240,2553083.25,1216460.0,140.0
5592,65,2.0,1240,2628695.0,1232793.75,119.0
5593,99,4.0,1730,2643925.0,1231654.0,
5594,60,2.0,1700,2531855.0,1155525.0,762.0
5595,75,3.0,2100,2532781.25,1157892.875,43.0
5596,47,2.0,1200,2535958.75,1157530.125,144.0
5597,55,2.0,1220,2731766.75,1123229.125,44.0
5598,110,6.0,1800,2762204.0,1252146.625,46.0
5599,57,2.0,2580,2663056.75,1197621.75,7.0
5600,55,3.0,1899,2536625.0,1153780.0,231.0
5601,92,3.0,3000,2683823.75,1250883.25,102.0
5602,85,3.0,2190,2678743.75,1248984.875,193.0
5603,70,3.0,1100,2609386.0,1229324.5,27.0
5604,115,3.0,3150,2682562.75,1244113.625,41.0
5605,118,4.0,2000,2636413.25,1241261.625,38.0
5606,83,3.0,1520,2608224.0,1266704.375,132.0
5607,30,1.0,980,2578289.0,1180632.5,127.0
5608,85,3.0,1830,2565577.5,1163779.625,3.0
5609,68,2.0,1160,2722857.0,1252292.0,153.0
5610,74,2.0,1630,2637986.0,1239210.375,33.0
5611,52,2.0,1125,2608752.75,1220230.25,73.0
5612,98,4.0,2350,2597023.5,1199598.5,226.0
5613,97,4.0,1650,2648769.5,1260867.375,31.0
5614,36,1.0,1870,2681802.25,1246904.625,147.0
5615,151,5.0,3250,2670204.25,1210742.75,90.0
5616,62,3.0,1400,2587001.5,1118740.25,9.0
5617,118,4.0,1500,2592783.25,1246267.875,16.0
5618,32,2.0,1000,2541905.0,1156349.25,52.0
5619,108,3.0,1720,2629109.25,1232263.75,26.0
5620,56,2.0,1390,2594545.25,1225430.875,42.0
5621,80,3.0,2500,2676366.25,1239037.25,30.0
5622,67,2.0,2700,2697464.25,1228592.5,56.0
5623,86,4.0,2320,2609188.75,1267643.625,143.0
5624,168,6.0,2150,2619827.5,1226747.25,39.0
5625,95,3.0,3450,2687797.25,1245381.75,47.0
5626,78,3.0,1050,2552379.75,1216170.5,130.0
5627,110,4.0,1900,2613760.5,1197374.625,40.0
5628,94,4.0,1678,2624637.0,1266375.625,280.0
5631,110,4.0,1680,2721261.25,1102530.5,3.0
5632,77,3.0,1500,2538140.75,1183360.375,104.0
5633,90,3.0,1870,2571815.75,1159166.5,20.0
5634,139,4.0,3950,2750058.25,1244917.625,5.0
5635,74,3.0,1630,2604383.5,1207377.5,
5636,87,4.0,2440,2611949.5,1268518.875,224.0
5637,200,6.0,6300,2499758.25,1117973.75,37.0
5638,108,4.0,4490,2683327.0,1261975.625,84.0
5639,111,3.0,2310,2613118.75,1259070.625,37.0
5640,70,2.0,1340,2636450.75,1244126.875,141.0
5641,41,2.0,1160,2746754.25,1254730.0,159.0
5642,57,3.0,1130,2604121.5,1228987.625,102.0
5643,75,3.0,2120,2613486.0,1264275.125,
5645,70,3.0,1700,2681569.75,1247078.5,303.0
5646,115,4.0,3180,2680308.25,1253120.125,153.0
5647,52,2.0,1000,2571814.0,1174789.25,30.0
5648,16,1.0,1100,2495088.0,1120708.375,264.0
5649,91,3.0,2450,2666503.75,1211044.75,169.0
5650,109,5.0,2250,2604009.5,1201004.0,112.0
5651,100,4.0,2895,2540357.75,1155033.375,22.0
5652,46,2.0,960,2638647.75,1246016.0,88.0
5654,70,3.0,1490,2579838.5,1185009.0,132.0
5655,75,3.0,1940,2600949.5,1200932.625,98.0
5656,72,2.0,1540,2622628.25,1259622.875,12.0
5657,85,3.0,1620,2705889.5,1115039.25,32.0
5658,45,2.0,890,2707620.0,1173155.5,3.0
5659,59,2.0,1380,2662334.75,1244537.5,98.0
5660,61,2.0,2300,2531550.0,1154450.0,3.0
5661,71,4.0,1030,2594425.25,1225227.5,105.0
5662,18,1.0,980,2535600.75,1154149.875,152.0
5663,93,3.0,1200,2716790.0,1095188.0,6.0
5664,32,1.0,1650,2615321.75,1221577.375,7.0
5666,96,4.0,2100,2578128.5,1183376.75,103.0
5667,87,1.0,2340,2665151.75,1210129.75,
5668,70,3.0,2600,2686808.25,1252578.75,12.0
5669,50,2.0,1700,2578076.75,1183589.25,12.0
5670,87,3.0,1400,2576979.5,1184716.0,3.0
5671,78,3.0,2692,2684556.25,1245261.0,128.0
5672,87,3.0,1075,2746420.75,1258809.625,36.0
5673,151,4.0,2695,2644039.0,1226292.0,27.0
5674,71,4.0,1253,2687557.5,1203754.25,12.0
5675,100,4.0,1760,2589460.25,1119254.375,37.0
5676,26,2.0,1350,2504945.25,1116492.0,126.0
5677,107,4.0,2700,2535887.0,1159354.5,106.0
5678,132,5.0,3030,2665074.0,1210173.375,
5679,38,1.0,1045,2718505.75,1096493.25,212.0
5680,90,4.0,1890,2704927.0,1113024.5,153.0
5681,54,2.0,3980,2682535.25,1247575.875,109.0
5682,170,6.0,2300,2549338.25,1161547.5,29.0
5683,63,2.0,1200,2562253.5,1123153.25,128.0
5684,140,3.0,2100,2716402.0,1096197.0,103.0
5685,87,3.0,2850,2685115.5,1239177.0,157.0
5686,70,2.0,1730,2622603.75,1259691.125,12.0
5687,144,5.0,2000,2604169.5,1197373.75,41.0
5688,92,3.0,3400,2683550.25,1252924.375,109.0
5689,30,1.0,1300,2541936.0,1156560.875,56.0
5690,47,2.0,1950,2688060.5,1234915.875,89.0
5691,85,3.0,1390,2593864.5,1247176.375,42.0
5693,93,4.0,1850,2723895.75,1216691.125,34.0
5694,70,2.0,1710,2610481.0,1268256.625,222.0
5695,90,3.0,2320,2703921.75,1242960.875,46.0
5696,53,2.0,1200,2718337.0,1098093.125,201.0
5697,84,3.0,2250,2669957.75,1262490.5,51.0
5698,47,2.0,2500,2684015.75,1247474.875,13.0
5700,71,3.0,809,2593049.75,1246099.0,186.0
5701,75,2.0,2150,2604138.75,1187428.875,3.0
5702,57,2.0,1125,2586644.75,1222272.5,115.0
5703,65,3.0,1400,2601349.5,1200370.0,241.0
5704,85,3.0,1930,2683461.25,1263582.625,89.0
5705,95,3.0,2280,2607029.5,1272113.875,
5706,100,4.0,2520,2555912.0,1132142.5,15.0
5707,71,4.0,1435,2687557.5,1203754.25,12.0
5708,38,2.0,1340,2497383.5,1119693.875,337.0
5709,87,3.0,1900,2684073.25,1237582.75,64.0
5710,60,3.0,1150,2611510.5,1265962.0,266.0
5711,49,2.0,1320,2609401.0,1268357.625,169.0
5712,12,1.0,990,2678743.75,1248984.875,193.0
5713,36,1.0,1350,2684925.25,1246109.0,321.0
5714,92,3.0,1590,2639850.75,1265499.25,37.0
5715,80,3.0,1590,2748453.75,1256428.375,89.0
5716,71,2.0,1430,2743058.75,1252982.75,18.0
5717,77,3.0,1380,2718765.0,1129131.0,23.0
5718,70,2.0,2400,2689406.25,1251404.875,
5719,20,1.0,1298,2538073.0,1152723.25,140.0
5720,42,2.0,1200,2713667.75,1096743.125,28.0
5721,54,3.0,1100,2721808.75,1078429.25,42.0
5722,45,1.0,1215,2681833.0,1259268.25,115.0
5724,80,3.0,1200,2551627.5,1213426.125,5.0
5725,70,3.0,990,2587199.0,1221327.5,12.0
5726,110,4.0,2000,2705262.75,1113729.25,81.0
5727,125,4.0,3600,2498672.5,1119862.0,40.0
5728,74,3.0,1520,2614283.25,1266786.875,134.0
5729,97,3.0,1400,2625810.0,1230282.25,46.0
5730,39,2.0,1000,2651474.5,1239451.375,16.0
5731,70,3.0,1520,2579046.75,1179026.5,
5732,120,4.0,1640,2724124.5,1078845.75,24.0
5733,31,1.0,950,2602716.5,1199364.125,105.0
5734,70,3.0,1010,2766652.0,1257582.25,35.0
5735,51,2.0,1470,2666127.5,1209932.75,161.0
5736,115,4.0,2550,2754452.75,1225703.375,57.0
5737,54,3.0,975,2594321.0,1245638.5,50.0
5738,43,3.0,880,2736301.5,1263014.5,4.0
5739,96,3.0,2550,2680550.0,1252746.0,235.0
5740,104,4.0,2100,2689213.25,1206498.25,86.0
5741,79,2.0,2136,2692148.0,1231962.125,154.0
5742,28,1.0,990,2535554.25,1152981.125,152.0
5743,105,4.0,1850,2578362.0,1182701.5,137.0
5744,59,2.0,1640,2608760.75,1229852.25,48.0
5745,46,2.0,1440,2612058.5,1268127.75,417.0
5746,85,2.0,1050,2577309.0,1227001.5,53.0
5747,92,4.0,1900,2684975.5,1248133.875,37.0
5748,149,6.0,5275,2500445.75,1121165.875,67.0
5749,300,5.0,12500,2719520.75,1095445.75,13.0
5750,114,4.0,1922,2553591.5,1216948.125,260.0
5752,57,2.0,1610,2611394.75,1260349.25,53.0
5754,82,3.0,1950,2630851.75,1257070.0,53.0
5755,104,3.0,2580,2644311.5,1261839.5,61.0
5756,60,3.0,920,2724585.0,1240410.375,15.0
5757,129,5.0,2290,2751246.25,1212562.25,131.0
5759,68,3.0,1380,2664139.25,1254330.375,108.0
5760,77,2.0,1570,2660872.75,1244409.25,37.0
5761,116,3.0,2240,2696536.75,1244499.75,45.0
5762,60,2.0,2300,2682412.25,1247312.75,
5763,35,1.0,1890,2538694.75,1151448.0,243.0
5764,41,3.0,1750,2494516.0,1120643.125,43.0
5765,91,3.0,3420,2499745.5,1116257.0,279.0
5766,34,1.0,960,2570986.0,1126736.0,13.0
5767,57,3.0,1520,2505731.25,1118141.75,140.0
5768,71,3.0,1800,2582470.25,1148735.375,56.0
5769,73,3.0,1465,2609413.25,1228862.75,79.0
5770,55,2.0,1165,2717777.5,1096458.5,230.0
5771,62,2.0,1540,2622602.75,1259676.5,12.0
5772,32,1.0,1350,2536096.25,1153085.75,205.0
5773,77,3.0,2020,2612022.25,1268749.25,127.0
5774,90,2.0,1590,2718196.5,1177966.125,10.0
5775,70,2.0,2990,2615321.75,1221577.375,7.0
5776,49,2.0,1650,2680233.75,1267870.625,51.0
5777,35,1.0,1500,2708106.75,1235938.875,53.0
5778,60,2.0,1120,2691143.25,1191744.25,129.0
5779,101,4.0,1800,2648512.0,1250329.5,86.0
5780,33,1.0,2000,2681049.25,1245346.0,145.0
5781,59,2.0,1300,2626340.5,1241066.25,88.0
5783,55,2.0,1290,2537415.0,1154493.125,149.0
5784,35,1.0,957,2718403.75,1097187.125,148.0
5785,32,1.0,1650,2678743.75,1248984.875,193.0
5786,102,4.0,2400,2499272.25,1117469.25,233.0
5787,97,4.0,2280,2683619.25,1262174.125,117.0
5788,118,4.0,1000,2709780.25,1096407.25,108.0
5789,75,3.0,1050,2718753.0,1081135.625,40.0
5790,85,3.0,2245,2554289.0,1146222.75,364.0
5791,132,5.0,2428,2669808.5,1211849.75,142.0
5792,110,3.0,2340,2657932.75,1249836.25,20.0
5793,88,4.0,2280,2682035.0,1240233.125,34.0
5794,99,3.0,3150,2665484.0,1211452.75,132.0
5795,88,3.0,800,2708913.5,1093187.125,6.0
5796,85,2.0,2265,2675669.0,1250487.0,260.0
5797,65,3.0,1050,2586208.5,1221484.25,150.0
5798,120,4.0,2300,2561622.25,1125226.625,
5799,75,3.0,1610,2610577.0,1268519.625,277.0
5800,43,1.0,1350,2701140.25,1250221.125,38.0
5801,109,4.0,2390,2678743.75,1248984.875,193.0
5802,65,2.0,2000,2676354.0,1259972.375,24.0
5803,60,3.0,1590,2693125.5,1272262.125,40.0
5804,66,3.0,3280,2501582.0,1117060.5,448.0
5805,120,4.0,3700,2627542.5,1267915.0,115.0
5807,96,3.0,1680,2618783.75,1249555.625,3.0
5808,78,3.0,1150,2605530.25,1207742.25,91.0
5809,90,3.0,1200,2724144.5,1077211.125,
5810,89,4.0,2100,2670166.25,1210443.75,63.0
5811,30,1.0,700,2611786.0,1268320.0,370.0
5812,55,3.0,1200,2635526.25,1244742.875,117.0
5813,21,1.0,770,2539583.5,1181172.875,202.0
5814,152,5.0,2050,2648330.5,1250308.75,38.0
5815,118,4.0,1000,2709780.25,1096407.25,108.0
5816,63,2.0,1500,2759838.5,1249203.5,49.0
5817,82,3.0,1690,2653320.0,1247525.625,
5818,92,3.0,1700,2726949.5,1265669.875,7.0
5819,141,4.0,2100,2728260.25,1121458.125,
5820,215,6.0,3300,2568295.0,1196904.875,37.0
5821,57,2.0,1130,2566794.75,1222430.25,123.0
5822,90,3.0,1200,2716790.0,1095188.0,6.0
5823,75,3.0,2300,2541895.0,1150420.0,
5824,80,3.0,1530,2765143.5,1253546.125,99.0
5825,54,2.0,2000,2680683.75,1248232.5,60.0
5826,56,2.0,1640,2668539.5,1254236.875,78.0
5827,104,3.0,1800,2660641.75,1234616.75,27.0
5828,82,4.0,1650,2603976.0,1200410.375,151.0
5829,35,2.0,1475,2495150.0,1121108.5,299.0
5830,66,2.0,1970,2696515.25,1263820.125,217.0
5831,119,4.0,2550,2536905.75,1152595.375,294.0
5832,130,4.0,2250,2657644.75,1235371.125,34.0
5833,54,2.0,1290,2569872.75,1124526.125,7.0
5834,113,4.0,2540,2709512.0,1268936.875,78.0
5835,67,3.0,1610,2613828.75,1176648.875,90.0
5836,125,5.0,3100,2536743.0,1154410.75,118.0
5837,86,4.0,1270,2726428.25,1269671.625,197.0
5838,40,1.0,1439,2702736.5,1242430.875,232.0
5839,65,2.0,1940,2612361.5,1267139.75,72.0
5840,60,3.0,3300,2501060.25,1117621.875,383.0
5841,115,4.0,3180,2680268.5,1253004.0,330.0
5842,50,2.0,700,2581930.0,1229909.125,84.0
5843,43,2.0,2230,2538014.0,1152688.75,163.0
5844,75,2.0,1450,2764921.0,1253796.125,84.0
5845,66,3.0,1500,2678228.25,1249023.125,207.0
5846,115,4.0,2025,2753833.0,1226600.125,90.0
5848,130,4.0,1950,2605584.75,1229871.0,46.0
5849,104,4.0,2565,2675947.0,1250403.0,
5850,56,2.0,1580,2538010.25,1151947.875,208.0
5851,67,3.0,1420,2746689.0,1256052.25,45.0
5852,70,3.0,1400,2615185.25,1264395.0,215.0
5853,106,4.0,1650,2611437.0,1254681.625,47.0
5854,66,3.0,1578,2599531.0,1198353.5,170.0
5855,94,3.0,2680,2706985.5,1227695.375,168.0
5856,111,4.0,1950,2746190.0,1254180.375,117.0
5857,140,5.0,2250,2611267.25,1226184.0,42.0
5858,108,4.0,1980,2694236.25,1253427.0,129.0
5859,125,4.0,2780,2660449.25,1233780.125,3.0
5860,112,4.0,2400,2559951.75,1204573.75,77.0
5861,87,3.0,2440,2703666.25,1112740.5,27.0
5862,66,3.0,2650,2679400.5,1251245.875,129.0
5863,117,4.0,2400,2631564.0,1243569.75,24.0
5864,82,2.0,2980,2611567.0,1265794.25,298.0
5865,85,3.0,3000,2684671.75,1253097.25,143.0
5866,71,2.0,2490,2612996.0,1266954.625,166.0
5867,44,1.0,1130,2708779.0,1267879.25,51.0
5868,55,2.0,940,2637242.25,1239101.875,107.0
5869,58,2.0,1600,2647485.75,1224587.75,
5870,95,4.0,1530,2607835.25,1220179.0,49.0
5871,84,4.0,1944,2686502.75,1236637.0,18.0
5872,120,4.0,1600,2722001.0,1116806.0,29.0
5873,60,2.0,1090,2689804.25,1284523.375,136.0
5874,40,2.0,1000,2746526.5,1255397.875,45.0
5875,97,4.0,2090,2611632.75,1266395.5,86.0
5876,166,5.0,3030,2711274.75,1115298.375,46.0
5877,74,3.0,2400,2538675.0,1165830.0,87.0
5878,75,3.0,1480,2608247.0,1267129.0,97.0
5879,95,5.0,1650,2744587.0,1253923.25,200.0
5880,43,2.0,1480,2609972.25,1267659.25,388.0
5881,120,4.0,2900,2527113.5,1152060.125,24.0
5882,79,3.0,1590,2554658.5,1217445.375,190.0
5883,72,3.0,1693,2613019.75,1263830.125,41.0
5884,45,3.0,1370,2533982.75,1154952.0,154.0
5885,57,2.0,1835,2533464.0,1153601.0,74.0
5887,57,3.0,2750,2501516.25,1117137.75,307.0
5888,110,4.0,2000,2522439.0,1168708.5,15.0
5889,102,4.0,2060,2709467.0,1268378.0,73.0
5890,169,4.0,4665,2508021.25,1137457.0,23.0
5891,84,3.0,2310,2612158.5,1262440.75,27.0
5892,160,5.0,2700,2577715.5,1190338.5,
5893,58,2.0,1480,2746511.25,1254300.5,156.0
5894,64,3.0,1160,2606631.25,1229533.0,63.0
5895,90,2.0,1290,2530713.75,1175009.625,124.0
5896,120,4.0,2400,2561622.25,1125226.625,
5897,86,4.0,3360,2610069.75,1266591.875,89.0
5898,113,4.0,2480,2711383.75,1236885.375,117.0
5900,91,3.0,1850,2613354.25,1212146.375,59.0
5901,151,5.0,2554,2745396.75,1254300.75,67.0
5902,82,3.0,1600,2677131.5,1253992.125,38.0
5903,60,2.0,1185,2747806.25,1257508.75,85.0
5904,78,3.0,2250,2552952.25,1146937.125,30.0
5905,88,3.0,1700,2645841.75,1246751.875,110.0
5906,144,5.0,2260,2655626.75,1239987.0,12.0
5907,70,2.0,2100,2685799.0,1255098.875,92.0
5908,72,3.0,1370,2561732.0,1185383.0,205.0
5909,123,4.0,2900,2679181.0,1235727.125,70.0
5910,98,4.0,2995,2694744.25,1263093.125,79.0
5911,91,3.0,1400,2633233.25,1127639.75,118.0
5912,80,3.0,1530,2765143.5,1253546.125,99.0
5913,147,4.0,3190,2688542.0,1280002.75,54.0
5914,95,4.0,1820,2736833.75,1275351.375,38.0
5915,80,3.0,2300,2716782.5,1097052.5,12.0
5916,84,3.0,1530,2554092.0,1218031.75,138.0
5917,40,1.0,1290,2562128.0,1122817.5,69.0
5918,97,4.0,1490,2748569.5,1256442.5,158.0
5919,54,2.0,1070,2741910.75,1220662.25,58.0
5920,32,1.0,1650,2678743.75,1248984.875,193.0
5921,50,2.0,1200,2721360.75,1078132.375,18.0
5922,42,1.0,625,2594994.0,1245732.875,66.0
5924,49,2.0,2250,2612809.0,1265982.75,103.0
5925,60,2.0,1000,2723110.75,1119993.0,40.0
5926,93,3.0,3205,2679927.0,1247056.75,214.0
5927,138,5.0,1590,2635317.5,1194163.125,5.0
5928,78,3.0,2050,2533590.0,1155935.875,293.0
5929,92,3.0,2800,2686009.75,1255735.875,23.0
5930,29,1.0,900,2744336.25,1253043.125,82.0
5931,90,3.0,1680,2626609.5,1267202.25,118.0
5932,77,3.0,1130,2626489.0,1228989.125,94.0
5933,138,4.0,2150,2617115.0,1225580.5,29.0
5934,118,4.0,1400,2721459.5,1116483.125,109.0
5935,95,4.0,2630,2532408.25,1151524.125,120.0
5936,71,3.0,2100,2780067.75,1198437.0,25.0
5937,48,3.0,1190,2754364.0,1260586.875,141.0
5938,109,4.0,1740,2739034.25,1267495.375,78.0
5939,85,4.0,950,2582325.0,1243130.875,98.0
5940,56,2.0,1250,2583429.75,1231621.0,48.0
5941,105,4.0,3250,2677855.75,1251141.125,75.0
5942,29,1.0,960,2498787.75,1118340.375,445.0
5943,72,2.0,1580,2691086.5,1191973.375,82.0
5944,88,3.0,1900,2716094.25,1096450.5,249.0
5945,65,2.0,2000,2676354.0,1259972.375,24.0
5946,58,3.0,1120,2553805.75,1218066.0,167.0
5947,129,4.0,2150,2718674.5,1228715.0,25.0
5948,126,4.0,1900,2724749.5,1240156.0,64.0
5950,35,1.0,1200,2538807.25,1152746.375,153.0
5951,31,2.0,1399,2499476.25,1116396.375,199.0
5952,95,3.0,2550,2662236.0,1211953.375,103.0
5953,80,3.0,1100,2722001.0,1116806.0,29.0
5954,52,2.0,1470,2717913.0,1258199.625,46.0
5955,186,4.0,3570,2664681.5,1244090.625,43.0
5956,74,3.0,1390,2746677.0,1258162.75,42.0
5957,115,4.0,1700,2745832.75,1257737.125,45.0
5958,85,3.0,2196,2532375.25,1155329.375,256.0
5959,80,3.0,1690,2585811.5,1221192.375,172.0
5960,91,3.0,2280,2602743.25,1198957.75,19.0
5961,104,3.0,2310,2672898.0,1251391.375,105.0
5962,106,5.0,2500,2535718.25,1152618.875,268.0
5963,94,3.0,2410,2699949.5,1262240.625,342.0
5964,125,4.0,3380,2689004.25,1251169.375,36.0
5965,97,3.0,950,2723179.75,1077410.375,82.0
5966,56,2.0,1300,2652931.75,1251027.75,74.0
5967,98,4.0,2610,2534065.5,1154645.125,173.0
5968,98,4.0,1890,2610879.25,1214560.375,75.0
5969,49,2.0,1490,2665921.0,1210567.0,154.0
5970,191,6.0,4501,2538223.0,1151740.375,109.0
5971,63,2.0,1280,2592496.25,1224649.125,195.0
5972,72,2.0,1870,2682207.75,1263983.875,32.0
5973,48,2.0,1270,2767383.75,1250887.25,112.0
5974,103,4.0,1110,2553145.0,1216573.625,120.0
5975,65,2.0,1600,2686268.0,1220946.125,81.0
5976,80,3.0,3360,2682383.0,1242194.875,
5977,61,3.0,1530,2610152.5,1269078.75,231.0
5978,80,3.0,2528,2539787.0,1153882.5,66.0
5979,14,1.0,820,2676325.75,1261062.625,22.0
5980,70,3.0,1490,2612096.0,1269139.625,
5981,68,1.0,1470,2612158.5,1262440.75,27.0
5982,73,2.0,1525,2693750.0,1263394.875,168.0
5983,79,3.0,1650,2745863.0,1269905.0,110.0
5984,100,3.0,1450,2533517.75,1173434.0,148.0
5985,112,4.0,1930,2635516.5,1244584.75,31.0
5986,125,4.0,2990,2678743.75,1248984.875,193.0
5987,14,1.0,880,2658172.0,1259867.0,21.0
5988,68,3.0,1575,2561920.5,1205366.0,
5989,92,3.0,1960,2622614.25,1259642.5,12.0
5990,110,3.0,1545,2623265.5,1258625.75,77.0
5991,60,2.0,1250,2715349.75,1096337.625,22.0
5992,118,4.0,2445,2611958.5,1269025.5,20.0
5993,40,1.0,910,2590623.0,1117475.5,53.0
5994,126,5.0,2460,2633114.25,1244009.0,99.0
5995,67,2.0,1470,2610097.5,1265033.5,61.0
5996,93,3.0,1950,2668925.75,1216299.125,53.0
5997,127,5.0,3230,2689192.0,1253971.25,127.0
5998,107,4.0,2700,2535887.0,1159354.5,106.0
5999,71,2.0,900,2594994.0,1245732.875,66.0
6000,100,3.0,2290,2609252.25,1262254.25,49.0
6001,109,3.0,1690,2755331.0,1221328.75,67.0
6002,93,3.0,2740,2610055.25,1263586.75,34.0
6003,93,3.0,1690,2637555.75,1239343.125,83.0
6004,81,4.0,868,2573265.25,1252037.5,25.0
6005,80,3.0,2125,2683808.25,1237794.0,145.0
6006,104,4.0,2030,2596142.5,1197553.625,218.0
6007,27,2.0,1600,2500403.75,1118553.125,462.0
6008,100,3.0,1853,2604147.25,1207665.0,73.0
6009,110,3.0,3500,2671880.75,1214386.75,8.0
6010,67,2.0,1140,2648921.25,1258749.125,86.0
6011,97,4.0,1700,2576083.25,1197526.0,98.0
6012,96,3.0,2250,2560538.0,1141295.5,126.0
6013,36,1.0,650,2728643.5,1256397.375,197.0
6014,124,4.0,1600,2720060.5,1264158.5,78.0
6015,71,3.0,1840,2612344.0,1268867.625,545.0
6016,115,4.0,1700,2558280.25,1203896.5,60.0
6018,120,4.0,2860,2645845.5,1250417.375,47.0
6019,88,3.0,2450,2685639.75,1254857.0,96.0
6020,115,4.0,2650,2561008.25,1204518.0,74.0
6021,80,4.0,2750,2684272.75,1246442.625,162.0
6022,160,4.0,2990,2561189.75,1204565.5,132.0
6023,120,4.0,2640,2663316.0,1244537.0,86.0
6024,93,3.0,2750,2504265.0,1132422.75,44.0
6025,106,4.0,2400,2609126.0,1262922.875,132.0
6026,66,2.0,2700,2683378.75,1250002.0,151.0
6027,110,4.0,2700,2684299.75,1252026.375,
6028,139,3.0,2080,2630811.0,1171005.5,74.0
6029,80,3.0,1450,2670686.75,1244742.75,39.0
6030,89,4.0,1540,2746638.0,1258144.875,42.0
6031,95,4.0,2600,2682207.75,1263983.875,32.0
6032,85,4.0,1240,2551139.75,1169137.625,100.0
6034,80,3.0,4200,2502510.75,1117843.375,145.0
6035,79,3.0,2175,2533464.25,1153652.625,74.0
6036,33,1.0,740,2747060.25,1255856.125,157.0
6037,110,5.0,1370,2732447.25,1264879.25,44.0
6038,98,4.0,2510,2533694.0,1155965.0,427.0
6039,79,3.0,2190,2533497.25,1153640.25,74.0
6040,98,4.0,2070,2691759.0,1282099.5,3.0
6041,134,5.0,2690,2746485.75,1254269.75,59.0
6042,95,3.0,2870,2542012.25,1150871.625,21.0
6043,83,3.0,1800,2569015.0,1173450.5,20.0
6045,200,5.0,1990,2736298.0,1261942.875,32.0
6046,74,2.0,1890,2609155.5,1261989.75,111.0
6047,87,3.0,1800,2638566.0,1234507.75,12.0
6048,75,3.0,1400,2611006.0,1265887.125,234.0
6049,64,2.0,780,2738910.25,1249935.125,44.0
6050,107,4.0,1990,2540584.75,1165409.25,27.0
6051,42,2.0,820,2607885.75,1259344.625,105.0
6052,302,7.0,25000,2498352.75,1118165.25,118.0
6053,70,3.0,1650,2563740.5,1206678.125,198.0
6054,78,3.0,1100,2547476.25,1211849.875,96.0
6055,97,4.0,3160,2500829.0,1116455.25,289.0
6056,140,6.0,4320,2669058.5,1212491.375,17.0
6057,65,2.0,1690,2614631.0,1209872.5,31.0
6058,105,3.0,1850,2534300.75,1154376.125,234.0
6059,80,3.0,2000,2535599.75,1152231.375,49.0
6060,70,3.0,1428,2615812.25,1270163.0,94.0
6061,75,3.0,1050,2689451.0,1284002.0,39.0
6062,61,2.0,1500,2539649.25,1151715.125,185.0
6063,95,3.0,1330,2609664.75,1201160.125,53.0
6064,105,3.0,3450,2676944.0,1256467.625,94.0
6065,35,1.0,1400,2539008.5,1154662.75,281.0
6066,70,3.0,1080,2647983.0,1248711.5,148.0
6067,77,3.0,2350,2685898.75,1250842.75,53.0
6068,52,2.0,1870,2688325.0,1238696.625,54.0
6069,65,3.0,1350,2736169.0,1253620.875,88.0
6070,70,2.0,1500,2733031.0,1277436.0,36.0
6071,83,3.0,3020,2694705.5,1229100.0,65.0
6072,146,4.0,3760,2719854.0,1085304.125,16.0
6073,102,4.0,1860,2566621.25,1122106.5,111.0
6074,100,4.0,1950,2559859.0,1171312.375,50.0
6075,110,4.0,2100,2609254.75,1225834.125,37.0
6076,129,4.0,2370,2694708.75,1262486.125,153.0
6077,71,3.0,1800,2582470.25,1148735.375,56.0
6078,59,2.0,1860,2685188.0,1251197.25,226.0
6079,74,3.0,3270,2681854.5,1246745.375,177.0
6080,25,1.0,1490,2682412.25,1247312.75,
6081,38,2.0,1355,2534158.75,1154419.625,248.0
6082,71,3.0,2821,2537844.0,1153439.75,166.0
6083,144,3.0,2200,2609289.25,1263228.375,48.0
6084,120,4.0,1980,2573812.75,1176971.375,7.0
6085,50,2.0,2900,2681569.75,1247078.5,303.0
6086,70,3.0,1250,2613631.5,1266783.125,179.0
6087,100,5.0,1820,2715706.5,1099370.875,40.0
6088,58,2.0,3200,2684272.75,1246442.625,162.0
6089,83,3.0,1120,2553748.5,1217360.875,136.0
6090,90,4.0,1200,2704394.25,1113289.0,126.0
6091,64,2.0,3478,2689069.75,1249423.375,48.0
6092,106,4.0,3550,2682380.25,1240599.25,32.0
6093,95,4.0,1630,2732907.0,1277927.375,109.0
6094,74,2.0,1750,2655541.25,1249058.375,157.0
6095,95,3.0,2395,2700080.25,1260262.25,194.0
6096,97,4.0,1350,2723449.5,1077541.875,58.0
6097,102,2.0,2110,2672864.0,1251381.875,105.0
6098,79,3.0,1685,2609734.75,1263034.375,60.0
6099,60,3.0,1190,2586125.5,1224258.5,26.0
6100,65,3.0,1050,2572566.5,1251791.875,116.0
6101,96,4.0,2090,2578353.75,1180449.75,30.0
6102,18,1.0,2500,2681354.5,1247688.625,231.0
6103,102,2.0,2400,2672864.0,1251381.875,105.0
6104,120,4.0,1200,2614059.25,1245213.5,
6105,83,4.0,1850,2705935.0,1114538.5,109.0
6106,63,3.0,1900,2610069.75,1266591.875,89.0
6107,54,2.0,1060,2585700.75,1221066.875,89.0
6108,100,4.0,2500,2541848.5,1161464.125,96.0
6109,144,5.0,2980,2669291.5,1211569.75,84.0
6110,100,5.0,2150,2540500.0,1187114.125,57.0
6111,62,2.0,1190,2666503.0,1220504.625,87.0
6112,13,1.0,990,2681733.0,1245978.375,3.0
6113,100,5.0,2150,2540500.0,1187114.125,57.0
6114,140,4.0,2200,2722626.75,1078751.5,23.0
6115,65,2.0,1150,2701899.0,1113444.25,48.0
6116,62,2.0,1640,2622602.75,1259676.5,12.0
6117,75,3.0,1430,2588173.25,1221504.0,124.0
6118,129,4.0,2580,2762644.0,1245176.125,20.0
6119,83,3.0,2075,2681031.75,1246718.125,264.0
6120,104,3.0,1429,2664352.5,1254049.25,74.0
6121,40,2.0,1100,2533330.0,1152098.0,19.0
6122,52,1.0,950,2722446.0,1114380.875,15.0
6123,81,3.0,1620,2689685.75,1254954.875,86.0
6124,63,2.0,2650,2501791.5,1116838.875,221.0
6125,105,3.0,1700,2586950.0,1221847.5,74.0
6126,93,3.0,1680,2613001.5,1195368.5,
6127,120,4.0,2500,2602402.5,1127692.375,27.0
6128,41,2.0,1390,2537882.75,1153634.25,257.0
6129,110,5.0,2700,2749269.25,1263822.625,28.0
6130,130,4.0,2495,2612202.0,1258735.375,102.0
6131,123,2.0,5280,2681843.75,1246348.875,53.0
6132,83,3.0,1880,2611969.0,1265797.625,259.0
6133,62,2.0,1150,2688620.25,1283658.625,40.0
6134,64,3.0,880,2739039.25,1249067.375,88.0
6135,80,2.0,2900,2699818.5,1229320.5,20.0
6136,78,3.0,2502,2682509.0,1244378.875,113.0
6137,117,3.0,2400,2758126.0,1190909.125,172.0
6138,70,3.0,1810,2694087.5,1254361.375,96.0
6139,76,3.0,1560,2585293.0,1219541.25,109.0
6140,111,4.0,2025,2636287.75,1240483.0,61.0
6141,89,4.0,2210,2612502.5,1259666.25,
6142,85,3.0,3450,2673531.5,1253172.125,5.0
6144,39,2.0,1200,2604383.5,1207377.5,
6146,89,3.0,2300,2686914.75,1246140.125,130.0
6147,106,4.0,2400,2609126.0,1262922.875,132.0
6148,105,5.0,2850,2539480.25,1153250.75,107.0
6149,85,3.0,2600,2687897.25,1234840.625,77.0
6150,100,2.0,1680,2758744.75,1249564.375,96.0
6151,135,5.0,3150,2684499.75,1252091.625,179.0
6152,89,4.0,2170,2609790.5,1262944.375,75.0
6153,112,3.0,3000,2682395.25,1241866.875,147.0
6154,60,2.0,995,2736306.25,1263024.625,4.0
6155,75,2.0,1200,2628800.0,1248365.875,46.0
6156,50,2.0,950,2690459.0,1283426.0,92.0
6157,159,5.0,2400,2610435.5,1233849.0,27.0
6158,106,4.0,2210,2675843.5,1252247.75,72.0
6159,68,3.0,1120,2547859.5,1212243.0,62.0
6160,83,4.0,1650,2621708.5,1260794.875,90.0
6161,80,3.0,1200,2553547.75,1217558.5,147.0
6162,127,4.0,3060,2688339.0,1205575.0,29.0
6163,40,1.0,800,2562225.0,1124330.5,48.0
6164,85,3.0,1450,2714644.5,1272890.75,49.0
6165,50,1.0,800,2716086.75,1097926.125,12.0
6166,80,3.0,1490,2608954.75,1267313.125,142.0
6167,84,3.0,1640,2754768.75,1260633.75,121.0
6168,115,3.0,1500,2708392.0,1268914.625,72.0
6169,67,3.0,1300,2595065.5,1120592.875,118.0
6171,57,2.0,1490,2601402.25,1201465.5,151.0
6172,87,4.0,1800,2646611.25,1247837.5,82.0
6173,38,1.0,1080,2755447.75,1220446.625,23.0
6174,76,4.0,1590,2618298.0,1205888.75,55.0
6175,60,2.0,1675,2538223.0,1151740.375,109.0
6176,135,5.0,2980,2612324.25,1265310.25,230.0
6177,116,3.0,1900,2578559.75,1183814.875,185.0
6178,165,6.0,1850,2745806.0,1267791.5,41.0
6179,85,3.0,2380,2687728.0,1246208.625,71.0
6180,93,4.0,1940,2736615.75,1253182.25,28.0
6181,100,4.0,1230,2593671.5,1246021.375,157.0
6182,84,3.0,2270,2682745.25,1241577.5,156.0
6183,182,5.0,2590,2532219.5,1156014.875,107.0
6184,50,2.0,1588,2601463.0,1199697.375,196.0
6185,75,3.0,1485,2562651.0,1205249.375,87.0
6186,130,3.0,2950,2676713.25,1251940.375,31.0
6187,120,3.0,1950,2716790.0,1095188.0,6.0
6188,119,4.0,2550,2536905.75,1152595.375,294.0
6189,100,3.0,1600,2716790.0,1095188.0,6.0
6190,115,4.0,2300,2723506.0,1246808.625,67.0
6191,90,3.0,1270,2720116.25,1081371.5,110.0
6192,68,3.0,1275,2706031.75,1255276.625,63.0
6193,27,1.0,785,2732743.25,1252596.375,110.0
6194,57,3.0,1900,2672568.75,1250065.125,103.0
6195,51,1.0,1310,2675157.0,1241708.125,4.0
6196,34,1.0,620,2688320.5,1282048.0,76.0
6197,96,4.0,1850,2588044.25,1119320.875,31.0
6198,20,1.0,900,2610281.75,1268755.125,259.0
6200,56,2.0,1725,2616164.5,1270876.5,53.0
6201,95,3.0,1990,2570539.5,1104451.375,62.0
6202,70,3.0,1150,2755200.0,1260335.125,94.0
6203,65,2.0,1250,2585486.5,1221310.25,114.0
6204,75,4.0,1900,2705660.0,1114575.375,83.0
6205,88,3.0,1755,2730038.75,1271438.25,28.0
6206,123,4.0,2600,2699850.75,1262577.625,166.0
6207,85,3.0,2860,2675792.0,1243211.875,23.0
6208,70,3.0,2801,2684334.25,1251081.625,111.0
6209,30,1.0,780,2627965.0,1113139.125,24.0
6210,46,1.0,2640,2683515.0,1252141.875,227.0
6211,115,4.0,2500,2677336.0,1255782.25,86.0
6212,130,3.0,2400,2611666.25,1257687.625,74.0
6213,93,3.0,2883,2686897.25,1250630.5,138.0
6214,110,4.0,2250,2710063.0,1268117.625,57.0
6215,103,4.0,2220,2622603.75,1259691.125,12.0
6216,108,4.0,2390,2748119.0,1255741.125,144.0
6217,98,3.0,2620,2702473.25,1241726.375,38.0
6218,81,3.0,1269,2720194.0,1230321.625,50.0
6219,82,3.0,930,2596398.25,1226171.75,93.0
6220,152,5.0,3190,2590748.5,1193195.625,
6221,125,4.0,2460,2686423.0,1264137.125,66.0
6224,60,2.0,3100,2683800.5,1248562.125,88.0
6226,30,2.0,1130,2569615.25,1192059.75,66.0
6227,41,2.0,1432,2746002.5,1255329.375,18.0
6228,104,4.0,3190,2539770.75,1154429.875,358.0
6229,122,4.0,2490,2762224.5,1252105.375,46.0
6230,62,3.0,1640,2709549.75,1268604.625,14.0
6231,103,4.0,1850,2565790.75,1163691.5,40.0
6232,60,2.0,800,2558175.25,1185014.75,47.0
6233,62,3.0,1100,2551869.75,1215820.125,74.0
6234,250,4.0,12000,2716790.0,1095188.0,6.0
6235,78,3.0,2050,2533694.0,1155965.0,427.0
6236,96,3.0,2050,2688800.75,1249558.625,97.0
6237,25,1.0,1720,2680142.0,1248532.5,33.0
6238,74,3.0,2890,2681826.25,1246731.625,177.0
6239,90,3.0,1540,2646389.75,1240380.25,81.0
6240,108,3.0,4290,2681798.25,1247614.625,93.0
6241,104,6.0,2964,2500518.5,1118694.0,298.0
6242,50,2.0,1590,2657665.25,1235988.625,35.0
6243,72,4.0,1700,2579836.5,1183337.0,10.0
6244,90,1.0,1890,2682657.0,1248322.25,214.0
6245,57,2.0,1460,2668359.5,1236338.0,57.0
6247,90,3.0,2100,2745270.25,1243557.5,
6248,104,4.0,2620,2615029.5,1269464.625,29.0
6249,134,5.0,2800,2687319.5,1240044.25,42.0
6250,74,3.0,1150,2746795.75,1258220.5,175.0
6251,87,4.0,2550,2500190.75,1115812.625,
6252,46,2.0,890,2642854.0,1130612.0,92.0
6253,51,2.0,1040,2571317.0,1165485.25,71.0
6254,30,1.0,1350,2499432.5,1118546.25,362.0
6255,46,2.0,1400,2718288.25,1097142.75,89.0
6256,87,3.0,1350,2576327.0,1191055.125,86.0
6257,40,1.0,770,2745781.0,1252426.75,26.0
6258,160,5.0,4600,2497171.25,1112999.75,9.0
6260,145,5.0,5300,2527571.25,1151241.875,235.0
6261,75,3.0,1953,2672383.5,1251397.25,153.0
6262,115,3.0,2950,2685627.75,1254867.25,96.0
6263,97,4.0,2000,2683619.25,1262174.125,117.0
6264,62,2.0,950,2562606.25,1122315.25,
6265,75,3.0,2950,2684246.0,1246754.5,55.0
6266,103,4.0,2750,2609638.25,1264876.625,49.0
6267,118,5.0,2050,2624883.75,1258267.0,138.0
6268,52,2.0,2070,2538329.75,1152377.25,23.0
6269,63,2.0,2040,2601705.75,1199556.125,79.0
6270,170,4.0,2650,2715513.25,1279944.0,47.0
6271,56,2.0,2590,2683326.0,1238174.125,37.0
6272,72,4.0,900,2735744.75,1262338.0,66.0
6274,93,4.0,1471,2670757.75,1244658.875,92.0
6275,22,1.0,660,2748701.0,1255356.75,135.0
6276,100,3.0,2820,2502701.5,1128677.875,18.0
6277,91,3.0,1900,2538891.5,1180302.75,112.0
6278,65,3.0,1708,2537575.0,1152075.0,82.0
6279,99,4.0,1910,2605952.0,1255268.875,13.0
6280,60,1.0,2820,2684461.75,1245748.25,96.0
6281,165,4.0,2400,2576572.25,1195526.75,3.0
6282,55,1.0,1490,2684160.75,1240235.625,45.0
6283,58,2.0,1400,2618877.0,1263295.5,44.0
6284,110,4.0,2100,2541761.25,1181793.375,4.0
6286,85,3.0,1700,2719187.25,1098372.125,22.0
6288,56,2.0,2850,2683133.0,1238485.0,101.0
6289,63,3.0,1925,2537950.0,1151975.0,213.0
6290,57,2.0,1700,2609535.0,1267798.625,123.0
6291,37,1.0,1370,2695460.0,1260723.125,148.0
6292,98,4.0,3116,2503246.75,1117695.75,372.0
6293,148,5.0,2144,2553709.25,1177383.0,
6294,141,4.0,2680,2675533.25,1252333.5,74.0
6296,67,2.0,1635,2586191.5,1221226.5,35.0
6297,93,3.0,2689,2681193.5,1242615.25,185.0
6298,130,4.0,2250,2612211.5,1258791.375,102.0
6299,98,3.0,2300,2668452.5,1254109.0,86.0
6300,100,4.0,1550,2748241.25,1255741.875,129.0
6301,76,2.0,2970,2678633.0,1249315.5,158.0
6302,100,3.0,1950,2718288.25,1097142.75,89.0
6303,43,2.0,2190,2611567.0,1265794.25,298.0
6304,71,2.0,1360,2603950.5,1201013.0,225.0
6305,66,3.0,1350,2611776.0,1269201.25,77.0
6306,92,2.0,4150,2684337.0,1248476.125,94.0
6307,85,3.0,1050,2577309.0,1227001.5,53.0
6308,40,1.0,1599,2692034.0,1229381.0,3.0
6309,93,4.0,2190,2620938.25,1261752.625,115.0
6310,115,4.0,1500,2720641.0,1096775.875,63.0
6311,158,4.0,3810,2683073.0,1252026.0,273.0
6312,61,2.0,1520,2624387.5,1257761.625,101.0
6313,87,3.0,2440,2703666.25,1112740.5,27.0
6314,89,3.0,1600,2638825.0,1238754.125,78.0
6315,25,2.0,1520,2501616.25,1117951.5,175.0
6316,91,3.0,1555,2571767.25,1161704.125,153.0
6317,62,3.0,2950,2682526.25,1247545.125,109.0
6318,68,2.0,1590,2612422.25,1268810.875,
6319,78,3.0,1530,2608438.25,1266776.875,148.0
6320,88,3.0,1790,2605267.25,1228736.125,28.0
6321,28,1.0,990,2535554.25,1152981.125,152.0
6322,121,1.0,2000,2722246.5,1116811.75,5.0
6323,44,1.0,1360,2540380.0,1152960.0,14.0
6324,59,2.0,1650,2685188.0,1251197.25,226.0
6325,51,2.0,2440,2681785.25,1246550.125,238.0
6326,96,3.0,2050,2688800.75,1249558.625,97.0
6327,102,4.0,1840,2598350.0,1192584.25,3.0
6328,80,2.0,2810,2679427.0,1251225.875,129.0
6329,40,2.0,870,2742650.25,1252545.5,93.0
6330,230,5.0,4180,2668945.25,1250052.125,
6331,228,8.0,6700,2500985.75,1117685.875,169.0
6332,130,4.0,2300,2752251.75,1252342.625,53.0
6333,106,5.0,2500,2535688.0,1152728.0,40.0
6334,84,3.0,2530,2531877.0,1156769.5,76.0
6335,55,2.0,2250,2682412.25,1247312.75,
6336,130,4.0,1100,2554032.0,1217096.5,118.0
6337,68,3.0,1690,2574914.5,1193685.125,4.0
6338,123,4.0,1800,2710265.0,1265040.25,28.0
6339,115,4.0,1940,2750379.25,1263345.375,83.0
6340,74,3.0,3070,2681826.25,1246731.625,177.0
6341,50,1.0,700,2627760.0,1212763.25,6.0
6342,96,4.0,2120,2672213.0,1250409.625,85.0
6343,32,1.0,1040,2578520.75,1184066.75,25.0
6344,31,1.0,821,2608364.25,1261422.125,149.0
6345,64,2.0,2970,2684018.75,1248285.75,135.0
6346,74,3.0,2000,2675964.0,1250260.625,56.0
6347,107,4.0,2050,2540584.75,1165409.25,27.0
6348,63,2.0,1380,2730190.0,1271670.0,4.0
6349,51,2.0,1380,2538078.25,1154623.625,84.0
6350,115,5.0,2300,2685685.0,1244646.625,77.0
6351,100,5.0,2000,2715349.75,1096337.625,22.0
6352,55,2.0,1165,2723538.25,1078166.625,83.0
6354,350,6.0,7000,2716790.0,1095188.0,6.0
6355,85,2.0,2030,2675669.0,1250487.0,260.0
6358,86,2.0,1900,2611006.5,1267695.5,93.0
6359,72,3.0,2070,2539625.0,1152994.5,196.0
6360,87,4.0,2400,2496042.25,1117640.875,493.0
6361,65,2.0,1850,2539840.5,1153906.875,38.0
6362,53,2.0,1281,2669268.25,1244734.125,63.0
6363,143,4.0,2900,2671466.25,1256905.5,43.0
6364,82,4.0,1320,2638647.75,1246016.0,88.0
6365,81,3.0,2611,2684884.75,1251175.75,24.0
6366,20,1.0,575,2745401.75,1253489.0,36.0
6367,153,5.0,4810,2697656.0,1233678.125,53.0
6368,50,2.0,1823,2678743.75,1248984.875,193.0
6369,100,3.0,1950,2575774.25,1108955.25,
6370,46,3.0,1590,2762578.75,1172511.625,37.0
6371,110,4.0,1950,2578723.75,1184031.25,85.0
6372,110,4.0,2500,2565952.25,1126578.25,38.0
6373,103,4.0,2440,2622603.75,1259691.125,12.0
6374,137,5.0,2750,2610011.5,1177892.625,3.0
6375,104,4.0,2565,2675947.0,1250403.0,
6376,60,2.0,2500,2688691.5,1250502.0,50.0
6377,63,2.0,2500,2688691.5,1250502.0,50.0
6378,60,3.0,2500,2498697.25,1121298.375,141.0
6380,106,4.0,2450,2616042.75,1270214.75,94.0
6381,70,3.0,1300,2677043.25,1283502.0,38.0
6382,71,3.0,1100,2752509.25,1260650.75,150.0
6383,70,3.0,1070,2650901.25,1240824.5,96.0
6384,10,1.0,1130,2682425.5,1248532.75,320.0
6385,50,2.0,675,2597677.25,1227157.125,48.0
6386,27,1.0,850,2602600.0,1199436.5,174.0
6387,106,4.0,2270,2601672.75,1205144.125,17.0
6388,51,2.0,820,2632448.5,1243245.75,76.0
6389,120,4.0,3000,2608195.0,1259218.125,36.0
6390,70,2.0,1710,2610481.0,1268256.625,222.0
6391,25,1.0,650,2551366.25,1168998.25,72.0
6392,90,4.0,1200,2738917.75,1249095.625,59.0
6393,74,3.0,1100,2554124.75,1218062.75,98.0
6394,80,3.0,1960,2535404.75,1153009.875,12.0
6395,74,3.0,1380,2570252.0,1134414.0,28.0
6396,80,3.0,1780,2642599.0,1247067.0,33.0
6397,115,4.0,3000,2600657.75,1125132.25,36.0
6398,20,1.0,1290,2684406.75,1245372.5,157.0
6399,77,3.0,1200,2584870.75,1220080.0,136.0
6400,26,1.0,900,2611240.5,1268389.25,312.0
6401,74,3.0,1950,2681929.5,1239778.25,114.0
6402,75,2.0,2095,2675608.25,1251814.625,9.0
6403,60,2.0,1780,2612206.75,1262430.875,38.0
6404,68,3.0,1100,2728629.75,1256442.375,116.0
6405,97,5.0,2600,2686247.5,1243809.75,71.0
6406,69,3.0,1720,2535050.0,1153215.0,55.0
6407,146,4.0,2300,2641871.75,1129246.0,74.0
6408,104,4.0,1690,2611991.0,1268321.375,201.0
6409,105,4.0,2100,2596663.5,1120213.125,53.0
6410,60,2.0,1590,2577890.0,1183822.5,30.0
6411,63,3.0,1430,2720457.75,1232680.125,31.0
6412,50,2.0,960,2682349.75,1249883.875,154.0
6413,85,4.0,1210,2554663.75,1217284.5,103.0
6414,140,5.0,2000,2739608.5,1268778.0,41.0
6415,49,2.0,1550,2533433.25,1153581.75,247.0
6416,26,1.0,2550,2498637.25,1118288.5,171.0
6417,117,3.0,2900,2765621.75,1256347.75,34.0
6418,90,5.0,1430,2729048.75,1278601.875,122.0
6419,89,4.0,1320,2612604.75,1266900.625,131.0
6420,72,3.0,1200,2588353.75,1221311.875,98.0
6421,85,3.0,1250,2614258.5,1175404.75,55.0
6422,80,4.0,1350,2609451.0,1228903.75,229.0
6423,39,2.0,1130,2611327.75,1269574.5,473.0
6424,40,2.0,1400,2717433.75,1097297.0,177.0
6425,74,2.0,2750,2679709.25,1248990.5,299.0
6426,81,1.0,1990,2684340.0,1251990.0,154.0
6427,39,2.0,930,2565846.25,1222094.375,31.0
6428,105,4.0,1590,2553083.25,1216460.0,140.0
6429,130,3.0,2500,2535133.0,1156101.25,31.0
6431,94,3.0,1670,2638795.25,1266197.0,144.0
6432,170,5.0,1910,2593283.25,1122289.5,55.0
6433,84,3.0,1810,2754740.5,1260421.625,147.0
6434,155,4.0,1690,2724279.75,1245527.375,13.0
6435,67,3.0,2490,2688085.0,1234678.875,148.0
6436,53,2.0,1270,2767383.75,1250887.25,112.0
6437,86,3.0,1427,2593136.25,1246143.875,164.0
6438,52,2.0,1109,2708741.0,1115124.625,91.0
6439,100,4.0,1630,2585734.0,1221094.75,89.0
6441,99,3.0,1800,2593031.5,1245760.875,77.0
6442,50,1.0,1150,2724350.0,1253740.0,45.0
6444,46,2.0,2460,2500125.5,1117607.375,192.0
6445,88,5.0,900,2732293.75,1248533.625,19.0
6446,55,3.0,1100,2597993.25,1227479.5,74.0
6447,84,3.0,1200,2581630.5,1189271.875,156.0
6448,135,4.0,2350,2611165.25,1267420.375,118.0
6449,100,4.0,1665,2553683.75,1165034.0,6.0
6450,64,2.0,3478,2689069.75,1249423.375,48.0
6451,90,3.0,1730,2585346.5,1220268.0,253.0
6452,84,3.0,3210,2684729.5,1251792.5,23.0
6453,260,7.0,2600,2561259.25,1132666.5,48.0
6454,74,3.0,1240,2570199.5,1134407.625,38.0
6455,112,4.0,1370,2603309.0,1202717.375,104.0
6457,67,2.0,1550,2571636.25,1174498.375,5.0
6458,60,3.0,1200,2575582.75,1197134.5,34.0
6459,82,3.0,930,2553146.5,1216575.125,120.0
6460,116,4.0,2960,2691204.75,1233157.375,39.0
6461,56,2.0,990,2613011.0,1268587.625,126.0
6462,75,3.0,1150,2737579.25,1253440.25,152.0
6463,83,4.0,1380,2720892.0,1258859.75,107.0
6464,110,4.0,2178,2551526.0,1169317.5,54.0
6465,75,3.0,990,2581865.5,1229934.875,43.0
6466,75,2.0,2970,2679682.0,1248703.25,243.0
6467,87,3.0,1780,2611336.5,1229772.0,110.0
6468,71,4.0,2200,2494564.0,1114989.0,151.0
6469,105,3.0,2050,2723983.0,1211295.0,105.0
6470,55,2.0,1720,2689201.5,1246551.25,64.0
6471,100,4.0,2300,2717346.0,1081244.75,20.0
6472,105,3.0,2570,2672830.5,1251561.375,337.0
6473,80,3.0,1800,2705474.0,1114370.5,6.0
6474,60,3.0,1790,2538632.25,1153204.125,92.0
6475,85,4.0,1940,2705446.75,1231451.75,70.0
6476,170,5.0,2000,2719982.25,1088335.25,6.0
6477,82,3.0,1750,2734269.5,1180246.5,5.0
6480,105,4.0,2330,2668659.25,1235645.0,77.0
6481,109,4.0,1607,2593062.5,1246172.0,3.0
6482,75,3.0,1190,2553758.0,1217495.625,148.0
6483,53,2.0,1310,2730190.0,1271670.0,4.0
6484,53,2.0,1000,2721576.25,1256124.75,109.0
6485,49,2.0,1005,2749791.5,1264073.25,128.0
6486,72,3.0,1650,2562463.0,1122973.75,102.0
6487,36,2.0,770,2721555.25,1256598.125,49.0
6488,92,3.0,2100,2658200.0,1235260.0,21.0
6489,104,4.0,3125,2682808.0,1251060.5,24.0
6490,67,3.0,1370,2689891.25,1284747.625,159.0
6491,82,2.0,1050,2544178.25,1210097.5,9.0
6492,119,5.0,2539,2600647.75,1205624.25,62.0
6493,66,2.0,2070,2682528.5,1252234.125,74.0
6494,40,1.0,1700,2666587.25,1210514.25,163.0
6495,104,3.0,2175,2686994.5,1245815.375,98.0
6496,74,2.0,2980,2687824.5,1250213.25,402.0
6497,60,3.0,1200,2553341.25,1115083.625,5.0
6498,24,1.0,976,2497353.25,1116444.5,92.0
6499,45,2.0,800,2576528.25,1232409.75,3.0
6501,160,6.0,2400,2656514.5,1185995.125,
6502,100,4.0,2060,2670106.25,1229315.625,94.0
6503,43,2.0,1180,2648468.75,1246724.5,98.0
6504,78,3.0,1560,2627550.0,1241388.0,6.0
6505,130,3.0,1520,2593283.25,1122289.5,55.0
6506,88,3.0,2450,2685639.75,1254857.0,96.0
6507,75,4.0,3450,2499895.25,1117970.25,48.0
6508,60,3.0,1150,2716790.0,1095188.0,6.0
6509,31,1.0,835,2744574.25,1253861.0,177.0
6510,46,2.0,780,2585106.5,1226979.375,40.0
6511,106,4.0,2750,2509542.5,1141749.0,119.0
6512,90,4.0,1700,2578899.0,1206421.125,33.0
6513,87,4.0,1800,2646611.25,1247837.5,82.0
6514,120,4.0,1640,2723393.5,1077874.0,35.0
6515,137,4.0,2050,2695573.0,1289234.875,22.0
6517,54,1.0,1230,2721361.25,1258424.875,102.0
6518,30,2.0,900,2540742.75,1165387.5,62.0
6519,80,3.0,3230,2683018.75,1248814.625,153.0
6520,70,3.0,1000,2745998.5,1269743.125,144.0
6521,65,3.0,1650,2610712.5,1266179.75,136.0
6522,45,1.0,1890,2675947.0,1250403.0,
6523,85,3.0,1850,2680651.0,1258896.0,6.0
6524,105,4.0,2070,2692001.0,1282206.0,55.0
6525,60,3.0,1716,2665638.5,1210335.125,
6526,81,3.0,2550,2696473.0,1252495.0,35.0
6527,80,4.0,2450,2681569.75,1247078.5,303.0
6528,29,2.0,870,2765677.5,1254065.5,12.0
6529,60,3.0,1470,2561128.75,1158155.125,30.0
6530,64,3.0,1100,2585734.0,1220210.375,43.0
6531,125,4.0,1780,2579741.25,1204159.125,5.0
6532,130,4.0,3000,2714531.25,1093306.875,47.0
6533,78,3.0,1870,2574711.5,1196469.25,49.0
6535,68,3.0,1880,2701522.5,1242503.125,3.0
6536,79,3.0,1210,2553651.75,1216661.375,29.0
6537,39,2.0,1098,2578450.0,1183858.75,85.0
6538,71,3.0,1290,2679096.0,1282878.5,53.0
6539,66,1.0,1185,2705829.0,1114405.0,64.0
6540,88,3.0,1755,2730038.75,1271438.25,28.0
6541,131,4.0,2250,2578776.0,1183840.75,142.0
6542,74,4.0,1345,2717115.5,1258044.625,72.0
6543,70,2.0,800,2732281.0,1248512.875,19.0
6544,107,3.0,3190,2673813.0,1204391.75,63.0
6545,85,3.0,1900,2577704.25,1193116.5,4.0
6546,54,2.0,1675,2540050.75,1152631.625,136.0
6547,120,4.0,3050,2679989.75,1232323.625,
6548,140,4.0,2700,2666003.0,1246694.5,23.0
6549,91,3.0,2200,2662667.25,1211160.625,357.0
6550,68,2.0,1670,2540111.0,1181142.0,11.0
6551,48,2.0,944,2539308.75,1153739.0,128.0
6552,107,4.0,1945,2638313.75,1237168.25,127.0
6554,40,1.0,950,2562225.0,1124330.5,48.0
6555,30,1.0,990,2745828.25,1253856.375,148.0
6556,92,3.0,2790,2539950.75,1181092.0,92.0
6557,80,3.0,1650,2758511.5,1261282.25,24.0
6558,51,2.0,1450,2744905.75,1253626.75,145.0
6559,88,3.0,1670,2718404.25,1098008.625,72.0
6561,118,3.0,3320,2609132.0,1265717.5,24.0
6562,22,1.0,1140,2538475.75,1152778.125,242.0
6563,70,2.0,2990,2681049.25,1245346.0,145.0
6564,105,4.0,1850,2578391.5,1182753.875,137.0
6565,94,3.0,2080,2699944.0,1268068.625,70.0
6566,81,4.0,868,2572980.0,1252065.125,15.0
6567,113,6.0,3000,2540503.25,1151169.625,66.0
6568,148,4.0,3320,2699778.25,1262609.25,97.0
6569,26,1.0,1250,2690459.0,1283426.0,92.0
6570,30,1.0,880,2604733.5,1252374.0,78.0
6571,74,3.0,1151,2641133.0,1241732.875,61.0
6572,105,4.0,2880,2603541.0,1197840.0,8.0
6573,45,2.0,1580,2495045.0,1121376.375,319.0
6574,104,3.0,3311,2681591.75,1243742.375,119.0
6576,113,4.0,3250,2690212.25,1253150.0,82.0
6577,117,4.0,3695,2690950.25,1245136.25,79.0
6578,48,2.0,2000,2691487.0,1236096.0,12.0
6579,58,2.0,3372,2689069.75,1249423.375,48.0
6580,69,3.0,1700,2586971.75,1222572.625,86.0
6581,62,3.0,1040,2731272.5,1278550.375,92.0
6582,58,3.0,1120,2553895.25,1218109.0,108.0
6583,64,2.0,1800,2584488.5,1198891.0,4.0
6584,64,3.0,1780,2623920.5,1128646.125,
6585,24,1.0,680,2610428.0,1268344.5,283.0
6586,53,2.0,1980,2611011.25,1266224.0,121.0
6587,39,2.0,1098,2578453.0,1183886.0,85.0
6588,70,2.0,1550,2722712.5,1118225.125,21.0
6589,105,4.0,1590,2553083.25,1216460.0,140.0
6590,83,4.0,1650,2706017.25,1114616.0,91.0
6591,125,4.0,2330,2726698.25,1258212.125,
6593,89,3.0,1330,2750107.0,1264415.0,81.0
6594,84,3.0,2220,2559803.5,1204548.875,51.0
6595,160,6.0,2265,2529804.75,1182872.125,11.0
6596,50,2.0,1290,2577795.75,1183357.375,223.0
6597,100,4.0,2160,2642389.75,1260719.25,37.0
6598,90,4.0,1890,2694634.5,1229276.25,43.0
6599,80,2.0,1650,2613245.0,1259039.0,58.0
6600,135,4.0,2000,2611785.0,1258792.25,
6601,118,4.0,2260,2536891.0,1181090.375,48.0
6602,70,3.0,1630,2694470.0,1253159.125,143.0
6603,74,3.0,1440,2627014.0,1241069.0,89.0
6604,100,3.0,1450,2533653.5,1174084.875,192.0
6605,74,3.0,1279,2641022.25,1241801.375,65.0
6606,92,3.0,1980,2711274.75,1115298.375,46.0
6607,68,3.0,3500,2500125.25,1118573.375,220.0
6608,70,3.0,1780,2536111.75,1153125.625,
6609,147,3.0,1650,2593430.75,1245820.0,257.0
6610,130,4.0,4800,2673531.5,1253172.125,5.0
6611,51,2.0,710,2553083.25,1216460.0,140.0
6613,70,3.0,1150,2718741.0,1081046.625,45.0
6614,78,4.0,1750,2561557.25,1205348.25,104.0
6615,100,3.0,1850,2525387.0,1176064.5,18.0
6616,78,3.0,1540,2714745.25,1109245.875,95.0
6617,112,4.0,1980,2628832.5,1232747.75,34.0
6618,28,1.0,1035,2538128.0,1152656.25,227.0
6620,90,3.0,2050,2606762.0,1251940.75,
6621,1211,,1650,2561352.0,1205063.375,149.0
6622,35,2.0,710,2745310.75,1253151.125,54.0
6623,50,1.0,1200,2657666.5,1175043.375,47.0
6624,72,4.0,1500,2723730.25,1217753.5,102.0
6626,70,3.0,1900,2604114.5,1128355.875,6.0
6627,98,3.0,2070,2604058.75,1207656.625,118.0
6628,80,2.0,1810,2610256.25,1266305.5,86.0
6629,92,5.0,3043,2494649.25,1121095.875,303.0
6630,33,1.0,995,2537996.0,1153722.625,212.0
6631,62,3.0,1100,2551869.75,1215820.125,74.0
6632,110,4.0,2500,2565853.5,1127323.25,51.0
6633,91,3.0,1900,2540945.75,1181038.875,11.0
6634,114,4.0,1990,2562007.75,1173917.25,25.0
6635,65,2.0,1645,2586191.5,1221226.5,35.0
6636,35,1.0,1300,2538807.25,1152746.375,153.0
6637,84,3.0,1100,2723318.25,1077315.25,113.0
6638,100,4.0,1995,2578606.25,1104376.0,
6639,86,4.0,2850,2689845.0,1236562.75,79.0
6640,55,2.0,2050,2501368.5,1116546.0,255.0
6641,73,2.0,1450,2728426.0,1255255.5,18.0
6642,120,5.0,1850,2533770.0,1181728.875,41.0
6643,71,3.0,1733,2686907.0,1245746.375,100.0
6644,80,3.0,2100,2688919.75,1250717.0,106.0
6645,61,2.0,1600,2608910.75,1267159.75,106.0
6646,70,2.0,950,2601969.0,1128501.625,59.0
6647,102,4.0,1330,2603284.25,1202713.0,44.0
6648,54,2.0,1450,2558374.0,1145961.375,83.0
6649,34,1.0,1450,2680112.5,1248547.375,33.0
6650,95,4.0,1750,2560203.25,1159876.5,7.0
6651,225,6.0,2950,2584963.5,1220798.5,155.0
6652,87,3.0,2055,2696052.0,1261313.625,18.0
6653,64,3.0,2700,2501223.75,1117583.125,281.0
6654,97,3.0,3489,2516623.5,1147956.625,5.0
6655,130,3.0,2900,2712372.5,1092898.5,
6656,66,2.0,1360,2744797.5,1217752.875,46.0
6657,107,4.0,2650,2612375.5,1268816.625,545.0
6658,104,3.0,2990,2500765.0,1116918.25,159.0
6659,100,4.0,3095,2540355.5,1155125.625,119.0
6660,98,4.0,3053,2684184.25,1252797.25,82.0
6662,105,4.0,1760,2589353.75,1218523.75,95.0
6663,43,2.0,1320,2576778.0,1184763.125,85.0
6665,71,3.0,914,2595161.25,1225536.75,59.0
6666,50,2.0,1200,2613259.25,1263978.125,71.0
6667,40,1.0,1140,2665550.75,1212082.375,124.0
6668,38,1.0,625,2593223.75,1246028.875,42.0
6669,139,6.0,3475,2601286.0,1198969.0,93.0
6670,80,3.0,1520,2612929.25,1267915.75,27.0
6671,60,3.0,1560,2746013.5,1254236.0,70.0
6672,140,6.0,4320,2665638.5,1210335.125,
6673,60,3.0,1180,2752423.5,1212217.125,106.0
6675,110,4.0,1650,2634459.5,1126277.5,18.0
6676,140,5.0,2950,2523408.5,1155153.625,11.0
6677,36,1.0,940,2601003.25,1198779.125,65.0
6678,40,3.0,900,2705775.75,1096390.25,3.0
6679,140,3.0,5000,2716790.0,1095188.0,6.0
6680,136,4.0,1960,2753773.25,1224988.625,43.0
6681,40,2.0,1400,2506353.5,1124383.125,208.0
6682,93,3.0,2859,2692502.0,1249006.0,80.0
6683,100,4.0,1270,2753519.25,1260289.875,147.0
6684,90,3.0,2100,2554405.0,1147861.25,43.0
6685,24,1.0,700,2577555.75,1183528.875,189.0
6686,79,3.0,1210,2553651.75,1216661.375,29.0
6687,64,2.0,2800,2499736.75,1115833.125,166.0
6688,30,1.0,1020,2568200.0,1114400.0,30.0
6689,93,3.0,1350,2618298.0,1205888.75,55.0
6691,193,5.0,2450,2635065.0,1260449.25,5.0
6692,96,3.0,2320,2601958.25,1198896.25,70.0
6693,85,3.0,2300,2671475.0,1255134.25,36.0
6694,120,4.0,3600,2506460.75,1138344.875,221.0
6695,94,4.0,2470,2602172.75,1199055.5,68.0
6696,65,2.0,1060,2603309.0,1202717.375,104.0
6698,69,3.0,1280,2610469.25,1268779.25,305.0
6699,66,3.0,1250,2587710.0,1210276.5,42.0
6700,50,2.0,2600,2503014.0,1117875.375,166.0
6701,98,4.0,2610,2534065.5,1154645.125,173.0
6702,112,4.0,3600,2540852.0,1152712.625,165.0
6703,101,4.0,1890,2671970.0,1253413.375,137.0
6704,56,2.0,1390,2540020.5,1155110.75,174.0
6705,81,2.0,2890,2683861.25,1253155.0,87.0
6706,159,4.0,1170,2614673.25,1264600.125,213.0
6707,48,2.0,944,2539234.25,1153776.0,199.0
6709,58,2.0,1340,2730190.0,1271670.0,4.0
6710,56,2.0,1590,2754332.0,1260279.0,136.0
6711,84,4.0,1001,2553788.5,1217344.375,136.0
6712,115,4.0,2080,2641211.25,1229349.75,90.0
6713,33,1.0,800,2612860.75,1268805.625,69.0
6714,116,4.0,3300,2691204.75,1233157.375,39.0
6715,78,3.0,1690,2677237.25,1245064.75,62.0
6716,100,4.0,1900,2715349.75,1096337.625,22.0
6717,75,3.0,1615,2611747.5,1268836.5,284.0
6718,74,3.0,2890,2681826.25,1246731.625,177.0
6719,126,3.0,2600,2612233.25,1266180.625,125.0
6720,130,3.0,2900,2712372.5,1092898.5,
6721,76,3.0,2350,2682204.75,1245548.625,157.0
6722,67,2.0,2490,2679935.0,1246891.75,4.0
6723,105,4.0,2450,2709493.0,1232327.0,25.0
6724,75,4.0,2100,2505777.75,1117959.625,192.0
6725,117,4.0,2100,2621965.5,1264831.625,156.0
6726,25,1.0,720,2732735.0,1252641.5,53.0
6727,61,3.0,1280,2714586.75,1258021.25,108.0
6729,90,3.0,1460,2750005.0,1263892.0,140.0
6730,95,4.0,1240,2747751.25,1257930.625,78.0
6731,46,2.0,1400,2718288.25,1097142.75,89.0
6732,22,1.0,772,2598481.25,1196378.375,75.0
6733,105,4.0,1760,2607725.25,1228213.875,77.0
6734,29,1.0,740,2745586.5,1253796.125,123.0
6735,100,3.0,1950,2718288.25,1097142.75,89.0
6736,61,3.0,1850,2499692.0,1116233.125,383.0
6737,72,3.0,1170,2718148.75,1134248.25,141.0
6738,70,2.0,2990,2681049.25,1245346.0,145.0
6740,26,1.0,800,2587249.0,1221655.625,170.0
6741,140,4.0,2500,2745270.25,1243557.5,
6742,50,2.0,2299,2673109.5,1251215.125,50.0
6743,92,4.0,1280,2762705.25,1245320.875,31.0
6744,138,4.0,2150,2765937.25,1257716.875,76.0
6745,83,3.0,1587,2695614.25,1267317.125,6.0
6746,72,3.0,1650,2562066.25,1123168.75,122.0
6747,63,2.0,1287,2593474.5,1119897.0,107.0
6748,17,1.0,650,2741522.75,1188908.125,15.0
6749,75,4.0,1650,2663176.75,1214156.25,92.0
6750,76,3.0,1875,2679320.0,1259455.0,68.0
6753,56,2.0,1735,2696109.75,1245872.875,140.0
6754,25,1.0,720,2598888.0,1200439.625,102.0
6755,95,4.0,1780,2593091.5,1246185.5,3.0
6756,43,1.0,1710,2688325.0,1238696.625,54.0
6757,46,2.0,870,2554044.25,1218026.625,138.0
6758,80,3.0,910,2552802.75,1216223.5,114.0
6759,80,3.0,2125,2683808.25,1237794.0,145.0
6760,58,2.0,1460,2745974.0,1270533.875,80.0
6761,68,3.0,1300,2600174.25,1200852.875,64.0
6762,131,4.0,3120,2534980.0,1153490.0,252.0
6763,34,1.0,1015,2538632.25,1153204.125,92.0
6764,50,2.0,1370,2614182.0,1266853.0,171.0
6765,45,2.0,2200,2681234.25,1248469.5,300.0
6766,72,3.0,1785,2698787.25,1262719.875,70.0
6767,95,4.0,1940,2646807.75,1249085.125,69.0
6768,92,3.0,2100,2657498.0,1234976.25,31.0
6769,72,4.0,800,2547487.5,1212241.5,27.0
6770,105,4.0,3250,2535831.25,1153318.125,
6771,532,,895,2560985.5,1204776.875,267.0
6772,36,2.0,1300,2538136.0,1153351.625,142.0
6773,136,4.0,2800,2514311.5,1145718.25,93.0
6774,85,3.0,1320,2586967.5,1222504.625,86.0
6775,80,4.0,952,2611978.25,1252371.0,60.0
6776,102,2.0,2050,2539038.0,1181175.875,121.0
6777,90,4.0,1800,2604478.0,1197793.25,42.0
6778,82,3.0,980,2552915.5,1215996.375,110.0
6780,122,5.0,3415,2707468.25,1234809.25,50.0
6781,103,3.0,2283,2696052.0,1261313.625,18.0
6782,70,3.0,1090,2646831.25,1203432.125,22.0
6783,104,4.0,1900,2578166.0,1183073.75,261.0
6784,109,2.0,2400,2717702.25,1096195.375,83.0
6785,70,3.0,1490,2579838.5,1185009.0,132.0
6787,25,1.0,2100,2683764.75,1246466.75,74.0
6788,90,3.0,2960,2563549.5,1205795.25,44.0
6789,84,4.0,1050,2554647.25,1217155.75,79.0
6790,134,5.0,2820,2590742.75,1213862.375,76.0
6791,104,4.0,1980,2716742.0,1102721.0,
6792,25,1.0,1160,2499443.75,1119544.25,6.0
6793,49,2.0,2100,2610463.25,1267918.375,220.0
6794,110,4.0,1980,2578509.25,1183837.5,185.0
6795,44,2.0,950,2562096.75,1123158.75,122.0
6796,51,2.0,1800,2596147.0,1226676.875,28.0
6797,68,3.0,740,2566908.75,1222880.0,83.0
6798,62,2.0,1200,2593031.5,1245760.875,77.0
6799,26,1.0,870,2746491.5,1254478.125,83.0
6800,59,2.0,1710,2600671.0,1200900.125,135.0
6801,71,3.0,2150,2538320.5,1152344.0,23.0
6802,55,2.0,1432,2610217.5,1265479.125,113.0
6803,100,4.0,1750,2593136.25,1246143.875,164.0
6804,68,3.0,2039,2686743.25,1240701.0,51.0
6806,120,5.0,1750,2559175.25,1203503.375,84.0
6807,140,5.0,2950,2523408.5,1155153.625,11.0
6808,115,5.0,2440,2578253.0,1180560.0,
6809,90,3.0,2150,2721353.75,1259161.125,47.0
6810,101,4.0,1740,2627340.75,1241210.875,68.0
6811,99,4.0,1865,2612204.5,1257360.875,44.0
6812,62,4.0,1800,2677637.0,1253509.75,182.0
6815,140,5.0,4600,2498989.5,1113634.875,160.0
6816,65,1.0,1650,2682109.25,1245443.0,166.0
6817,95,3.0,2650,2684647.0,1253080.625,143.0
6818,66,2.0,1715,2526737.5,1151709.125,117.0
6819,80,4.0,1500,2627370.0,1266808.625,119.0
6820,92,3.0,1950,2749593.0,1185165.0,21.0
6821,127,4.0,2950,2613539.75,1177056.125,150.0
6822,107,4.0,2564,2677745.75,1269202.875,39.0
6824,15,1.0,700,2719754.0,1080954.25,105.0
6825,67,2.0,1150,2626444.0,1228995.875,94.0
6826,131,4.0,3120,2534980.0,1153490.0,252.0
6827,89,4.0,2500,2538940.0,1152780.0,85.0
6828,86,3.0,1610,2680424.5,1267587.875,87.0
6829,76,3.0,1870,2746961.5,1255226.25,
6830,95,4.0,3040,2503157.0,1117555.5,271.0
6831,110,3.0,2000,2615619.25,1194774.625,11.0
6832,75,2.0,1350,2563713.75,1187055.75,38.0
6833,82,3.0,2020,2679937.0,1248569.5,212.0
6834,81,4.0,2090,2686034.25,1256179.25,186.0
6835,70,3.0,845,2553853.0,1218028.75,167.0
6836,72,3.0,1950,2559873.25,1142536.625,238.0
6837,75,3.0,1200,2568768.5,1220517.5,5.0
6839,85,4.0,1440,2609279.25,1267218.0,85.0
6840,25,1.0,820,2758607.75,1249264.5,46.0
6841,90,4.0,1240,2590960.0,1222322.5,35.0
6842,60,2.0,1330,2595037.25,1245806.875,19.0
6843,73,4.0,2740,2499339.75,1118741.625,320.0
6844,60,2.0,750,2722202.25,1121668.0,27.0
6845,80,4.0,1100,2763809.0,1254934.125,44.0
6846,67,3.0,1590,2746802.5,1255605.875,103.0
6847,60,2.0,1550,2602004.75,1199528.75,44.0
6848,100,4.0,1760,2589460.25,1119254.375,37.0
6849,93,3.0,2150,2677458.5,1256187.0,68.0
6850,58,2.0,1490,2748141.0,1255742.25,144.0
6851,94,4.0,1740,2748540.25,1256596.25,124.0
6852,48,2.0,800,2553797.0,1200440.625,160.0
6853,51,2.0,2415,2681251.75,1247761.5,346.0
6854,40,2.0,1280,2538383.25,1152509.375,110.0
6855,90,3.0,1720,2750000.25,1263921.125,221.0
6856,120,4.0,2750,2550538.0,1185500.25,30.0
6857,50,3.0,2275,2781687.25,1185293.375,24.0
6858,48,2.0,1140,2586390.5,1220410.375,29.0
6859,121,4.0,3150,2609418.75,1261407.875,15.0
6860,46,1.0,1280,2656058.75,1248198.625,91.0
6862,32,2.0,1100,2717405.0,1096732.625,110.0
6863,105,3.0,1700,2599899.5,1198669.75,137.0
6864,82,4.0,1300,2721558.5,1079029.875,63.0
6865,92,4.0,3010,2498532.75,1118210.875,387.0
6866,27,1.0,975,2588767.0,1114765.25,22.0
6867,60,2.0,3110,2684514.25,1248491.0,67.0
6868,51,2.0,1150,2683064.5,1263566.875,70.0
6869,55,2.0,1000,2623951.5,1242544.0,14.0
6870,55,2.0,1250,2622505.25,1259121.875,25.0
6871,94,3.0,3000,2680611.5,1252962.5,99.0
6872,95,4.0,1865,2665044.75,1257937.875,48.0
6873,13,1.0,760,2665615.0,1258965.0,71.0
6874,104,3.0,2800,2716722.5,1094443.375,145.0
6875,108,2.0,1600,2638298.25,1245057.75,54.0
6876,56,2.0,1250,2747321.75,1255460.375,31.0
6877,130,4.0,1600,2722022.0,1101954.0,
6879,66,3.0,1699,2527072.0,1151909.125,127.0
6880,163,5.0,4000,2678180.5,1243605.25,71.0
6881,82,3.0,2600,2622109.5,1258577.5,55.0
6882,100,4.0,3500,2499490.25,1118455.0,188.0
6883,51,2.0,1458,2683584.25,1249468.5,136.0
6884,80,4.0,1677,2627683.0,1267472.875,153.0
6885,91,3.0,1630,2627446.5,1257845.0,100.0
6886,100,4.0,2760,2682412.25,1247312.75,
6887,125,3.0,2640,2515826.5,1146305.25,25.0
6888,86,3.0,2395,2688020.5,1250228.875,73.0
6889,138,4.0,2320,2539854.5,1154744.125,5.0
6890,79,3.0,2350,2694175.25,1236288.75,24.0
6891,130,4.0,2830,2620938.25,1261752.625,115.0
6892,103,4.0,1820,2592143.25,1224656.625,44.0
6893,64,3.0,1850,2600553.25,1202284.125,56.0
6894,72,2.0,3300,2682221.0,1245976.5,237.0
6895,85,3.0,3300,2681178.0,1248025.75,232.0
6896,97,3.0,1800,2633926.75,1244264.0,49.0
6898,52,2.0,1950,2686029.75,1251107.5,70.0
6899,101,2.0,3550,2502650.25,1128872.75,4.0
6900,78,3.0,1100,2637996.75,1196594.125,51.0
6901,96,3.0,3500,2681967.5,1247561.625,256.0
6902,125,5.0,3200,2611517.75,1269700.625,107.0
6903,92,,2790,2539950.75,1181092.0,92.0
6904,130,4.0,2200,2716823.0,1090403.0,53.0
6905,114,3.0,4300,2678743.75,1248984.875,193.0
6906,53,2.0,1350,2748454.25,1263661.375,96.0
6907,103,3.0,3109,2538255.75,1152256.25,28.0
6909,49,2.0,950,2600420.5,1223528.5,
6910,63,2.0,1990,2607029.5,1272113.875,
6911,122,4.0,3210,2681993.75,1241804.0,137.0
6912,76,2.0,2120,2602884.0,1200416.25,
6913,105,3.0,1650,2719886.0,1088622.75,41.0
6914,57,2.0,2200,2716790.0,1095188.0,6.0
6915,90,4.0,1090,2713912.75,1114752.375,63.0
6916,92,3.0,2310,2671432.25,1256428.125,139.0
6917,71,2.0,2695,2612943.75,1266823.375,128.0
6918,165,4.0,1650,2661907.75,1269467.5,24.0
6919,93,3.0,1570,2613170.25,1211299.25,47.0
6920,80,3.0,2400,2680681.25,1262392.375,25.0
6921,67,3.0,1280,2633431.0,1239550.25,224.0
6922,89,3.0,1950,2578337.0,1180511.875,
6923,52,2.0,3305,2689069.75,1249423.375,48.0
6924,205,6.0,4800,2604000.25,1201761.25,
6925,61,2.0,1230,2637522.25,1237028.625,96.0
6926,47,2.0,2140,2683971.0,1251039.625,114.0
6927,86,3.0,1990,2747468.25,1255149.5,92.0
6928,126,4.0,5220,2498352.75,1118165.25,118.0
6929,87,4.0,2550,2500158.5,1115448.5,208.0
6930,108,4.0,2100,2578253.0,1180560.0,
6931,55,2.0,1290,2716301.5,1094354.75,76.0
6932,52,2.0,1345,2611664.5,1270153.75,284.0
6933,94,3.0,1750,2621173.0,1261602.5,60.0
6934,61,2.0,1150,2610536.0,1268721.375,370.0
6935,60,3.0,2312,2499758.25,1117437.125,195.0
6936,38,1.0,750,2702903.25,1112546.5,61.0
6938,120,3.0,1200,2595226.25,1245493.875,32.0
6939,65,2.0,1750,2673858.0,1251815.75,109.0
6940,93,2.0,1930,2675680.25,1250220.625,110.0
6941,111,4.0,1800,2649205.75,1246117.625,97.0
6942,35,1.0,940,2501060.25,1117621.875,383.0
6943,121,5.0,3469,2505080.0,1142890.0,51.0
6944,30,2.0,900,2569794.75,1124501.75,24.0
6945,60,2.0,1315,2571006.25,1163212.875,176.0
6946,150,4.0,1450,2553714.75,1217186.25,147.0
6947,102,4.0,2100,2554454.5,1189016.25,3.0
6948,78,4.0,1300,2584937.5,1194283.625,126.0
6949,72,4.0,820,2735744.75,1262338.0,66.0
6950,91,3.0,1600,2606774.25,1261775.75,23.0
6951,150,5.0,3500,2697478.0,1228509.0,56.0
6952,102,4.0,2020,2625540.0,1199264.0,70.0
6953,114,3.0,2030,2617157.0,1234191.0,25.0
6954,60,2.0,815,2765569.0,1258124.75,232.0
6955,160,6.0,3460,2699778.25,1262609.25,97.0
6956,46,2.0,1050,2642939.75,1130652.75,145.0
6957,76,3.0,1180,2578652.0,1180459.0,3.0
6958,30,1.0,1470,2666034.5,1212518.625,197.0
6959,65,3.0,900,2582136.5,1230513.625,35.0
6960,70,2.0,3144,2687824.5,1250213.25,402.0
6961,72,3.0,2290,2614553.75,1266468.0,
6964,100,2.0,3000,2602674.5,1199516.875,150.0
6965,65,3.0,1090,2553826.25,1218151.625,108.0
6966,107,4.0,1785,2626637.25,1226751.625,70.0
6967,55,2.0,1150,2589987.25,1214166.0,70.0
6968,27,2.0,1600,2500224.25,1118679.125,351.0
6969,18,1.0,825,2559175.25,1203503.375,84.0
6970,124,4.0,3500,2664558.75,1260581.625,8.0
6971,130,4.0,2350,2718827.75,1097444.25,28.0
6972,61,3.0,1100,2763563.25,1170040.125,34.0
6973,100,3.0,3500,2509107.25,1141810.75,133.0
6974,168,6.0,2150,2619827.5,1226747.25,39.0
6975,191,7.0,6850,2501101.25,1117137.875,68.0
6976,49,2.0,1500,2599420.5,1200531.5,158.0
6977,100,4.0,1350,2561115.0,1185740.0,23.0
6978,104,3.0,1750,2637555.75,1239343.125,83.0
6979,53,2.0,1350,2709665.75,1268544.375,97.0
6980,46,2.0,1300,2610229.25,1268733.125,259.0
6981,26,1.0,710,2539836.25,1153556.0,142.0
6982,127,5.0,2000,2574834.5,1196635.75,41.0
6983,53,2.0,1690,2657281.25,1259353.75,20.0
6984,71,3.0,1370,2627960.0,1266959.0,
6985,80,3.0,710,2713737.75,1137108.75,40.0
6986,130,5.0,1400,2641269.5,1210853.0,6.0
6987,80,3.0,1850,2548691.75,1149244.75,103.0
6988,102,3.0,2590,2650116.0,1227596.625,
6989,48,2.0,1150,2602762.75,1252557.625,37.0
6990,64,2.0,1650,2605081.25,1189602.625,6.0
6991,54,2.0,1445,2611585.0,1265893.875,226.0
6993,100,3.0,2050,2661776.0,1191151.0,6.0
6994,90,4.0,1730,2683907.5,1242164.5,56.0
6995,84,4.0,1525,2630635.0,1256994.0,60.0
6996,112,4.0,3550,2495691.25,1120208.25,
6998,186,6.0,2400,2633047.5,1257646.875,18.0
6999,70,2.0,3121,2687796.75,1250258.0,203.0
7000,45,2.0,1080,2718416.75,1096116.375,161.0
7001,75,1.0,4300,2502328.5,1118733.0,
7002,196,4.0,1800,2658400.0,1225449.5,30.0
7003,89,4.0,1890,2677975.75,1233394.0,88.0
7004,90,3.0,2000,2572763.0,1250771.0,3.0
7005,52,1.0,900,2745373.25,1253956.875,98.0
7006,100,4.0,1650,2738138.5,1253625.125,140.0
7007,97,3.0,3240,2688693.75,1250637.375,71.0
7008,32,1.0,1150,2683471.5,1251486.0,51.0
7009,42,2.0,1890,2499758.25,1117437.125,195.0
7011,60,3.0,1200,2716914.25,1096364.875,49.0
7012,71,3.0,2100,2780067.75,1198437.0,25.0
7013,54,2.0,1360,2509780.5,1142488.125,217.0
7014,77,4.0,1980,2747251.75,1254632.75,55.0
7015,93,4.0,1590,2696981.25,1261865.875,
7016,150,6.0,3550,2544095.0,1170972.625,14.0
7017,82,3.0,1850,2710061.0,1268748.375,159.0
7018,65,3.0,1170,2753234.5,1259995.875,87.0
7019,61,3.0,2340,2680265.75,1247493.125,163.0
7020,65,3.0,1290,2737031.0,1252901.125,63.0
7021,60,2.0,1350,2716236.75,1096331.875,200.0
7022,130,4.0,1550,2719901.0,1115760.375,107.0
7023,57,3.0,1470,2619109.75,1263084.875,48.0
7024,70,2.0,1510,2657089.0,1232308.75,8.0
7025,71,3.0,1681,2686822.75,1245875.875,73.0
7026,83,4.0,1834,2613585.25,1267085.25,141.0
7027,35,1.0,900,2611583.25,1229658.5,73.0
7028,40,1.0,800,2602988.25,1128855.75,50.0
7029,42,2.0,830,2559279.75,1212244.125,98.0
7030,135,4.0,2070,2562493.0,1124631.25,64.0
7031,30,1.0,880,2566229.0,1123079.625,50.0
7032,39,1.0,1600,2506453.5,1138448.25,125.0
7033,80,3.0,2890,2524424.5,1152407.25,14.0
7034,91,3.0,2450,2694328.5,1217307.125,47.0
7035,30,1.0,2385,2689069.75,1249423.375,48.0
7036,76,4.0,1750,2746526.5,1255397.875,45.0
7037,67,2.0,1040,2721467.5,1116522.125,27.0
7038,138,4.0,2880,2539931.5,1154126.875,211.0
7039,135,5.0,2930,2664874.25,1209949.125,57.0
7040,67,2.0,3334,2683808.5,1246635.875,60.0
7041,51,2.0,1150,2571316.5,1163637.25,88.0
7042,75,3.0,1038,2548858.5,1160500.5,52.0
7043,58,2.0,1900,2665776.75,1211575.875,90.0
7044,40,1.0,950,2765681.75,1255560.375,53.0
7045,88,3.0,2530,2686889.75,1250934.75,121.0
7046,93,3.0,1320,2578154.25,1181536.5,85.0
7047,122,5.0,2150,2568023.25,1191092.75,4.0
7048,63,3.0,1400,2630430.75,1242435.75,20.0
7049,82,3.0,850,2626350.0,1228680.375,36.0
7050,55,2.0,1550,2578298.75,1180659.875,127.0
7051,54,2.0,2090,2683011.75,1249344.25,260.0
7052,106,4.0,1165,2553859.0,1217643.625,54.0
7053,48,2.0,1160,2730459.75,1278418.5,75.0
7054,88,3.0,1670,2580676.0,1200498.25,48.0
7055,45,1.0,750,2752698.5,1252753.625,27.0
7056,51,2.0,1030,2554182.0,1217171.125,147.0
7058,106,4.0,2055,2585624.0,1220569.5,54.0
7059,88,2.0,1880,2699639.5,1264105.375,35.0
7060,114,4.0,1550,2738706.5,1185138.5,48.0
7061,110,3.0,1755,2587259.25,1210258.25,71.0
7063,72,2.0,1740,2699739.0,1262219.25,262.0
7064,128,5.0,2600,2724147.25,1180674.375,21.0
7065,74,3.0,2780,2679529.5,1247956.125,143.0
7066,38,1.0,2950,2612319.75,1267137.625,72.0
7067,126,4.0,2350,2720192.75,1081631.5,63.0
7068,78,3.0,2750,2666395.25,1204024.875,37.0
7069,84,3.0,2680,2665127.0,1258820.875,143.0
7070,165,5.0,2750,2613484.25,1187523.625,6.0
7071,36,2.0,1300,2538182.0,1153229.375,137.0
7072,112,3.0,1740,2611214.0,1229585.5,80.0
7073,22,1.0,790,2716469.75,1094250.875,78.0
7074,77,4.0,1395,2636379.75,1266205.75,87.0
7075,71,3.0,1100,2731175.0,1252734.0,107.0
7076,140,4.0,3140,2526836.0,1150538.875,28.0
7077,146,4.0,3590,2504915.0,1139540.0,
7078,39,1.0,790,2746813.5,1254518.75,138.0
7079,44,1.0,1560,2506437.25,1138425.75,125.0
7080,55,2.0,2050,2501368.5,1116546.0,255.0
7082,72,2.0,3450,2682221.0,1245976.5,237.0
7083,89,3.0,1550,2590512.5,1119109.875,46.0
7084,145,5.0,2150,2635677.75,1127479.25,31.0
7085,91,3.0,1650,2648208.0,1249665.375,34.0
7086,85,4.0,1013,2749635.75,1265090.625,130.0
7088,79,4.0,1700,2736941.5,1252723.75,42.0
7089,122,4.0,3060,2699654.0,1262702.75,104.0
7090,43,2.0,1055,2579960.25,1184251.625,128.0
7091,15,1.0,700,2652091.75,1250731.375,86.0
7092,60,2.0,1000,2619126.5,1235779.625,37.0
7093,73,2.0,2250,2575955.0,1129736.0,
7094,53,3.0,570,2547422.75,1212114.375,12.0
7095,61,3.0,3500,2611498.0,1267795.25,5.0
7096,65,2.0,1950,2714271.0,1094406.125,
7097,48,2.0,1160,2730452.75,1278486.625,75.0
7098,50,2.0,1388,2509538.5,1142241.375,124.0
7099,65,2.0,1420,2759996.75,1250342.5,66.0
7100,22,1.0,780,2641035.75,1129563.75,
7101,66,2.0,1630,2713715.25,1263137.625,3.0
7102,80,3.0,1150,2596888.5,1226091.25,67.0
7103,79,1.0,2500,2682526.25,1247545.125,109.0
7104,93,3.0,2990,2682142.0,1245845.375,204.0
7105,42,2.0,1148,2613815.5,1267137.375,24.0
7106,127,5.0,2310,2574711.5,1196469.25,49.0
7107,90,4.0,1715,2578750.5,1181044.25,17.0
7108,43,1.0,1375,2688567.0,1281745.75,197.0
7109,176,4.0,2200,2604677.0,1252478.375,120.0
7110,47,2.0,730,2592727.5,1245986.5,11.0
7111,87,4.0,3500,2499741.5,1117501.875,188.0
7112,46,2.0,1530,2685105.25,1238062.5,155.0
7113,86,3.0,1600,2606540.25,1126663.25,28.0
7114,90,3.0,3125,2615321.75,1221577.375,7.0
7115,47,2.0,1000,2613799.25,1211339.875,46.0
7116,70,4.0,1360,2625729.75,1198812.875,56.0
7117,133,4.0,2290,2608716.25,1260943.0,131.0
7118,90,4.0,1810,2677918.5,1262933.0,68.0
7119,81,3.0,1560,2556209.25,1152977.25,22.0
7120,75,3.0,790,2713499.75,1137514.75,
7121,14,1.0,700,2719754.0,1080954.25,105.0
7122,92,1.0,1660,2602900.5,1202767.875,16.0
7123,65,3.0,1309,2692606.0,1228738.5,6.0
7124,44,2.0,1500,2716085.0,1092528.75,42.0
7125,97,4.0,1750,2560281.0,1204663.625,158.0
7126,50,2.0,885,2572660.75,1251603.625,101.0
7127,90,4.0,1370,2609802.75,1225259.625,45.0
7128,40,2.0,1251,2710143.25,1268853.375,62.0
7129,110,4.0,2700,2684299.75,1252026.375,
7130,97,3.0,1800,2518427.0,1173989.125,52.0
7131,115,4.0,2300,2574491.25,1181970.75,
7132,42,1.0,740,2553451.75,1216779.0,105.0
7133,63,3.0,1350,2590587.0,1193359.375,39.0
7134,103,4.0,2950,2786014.5,1194600.625,10.0
7135,26,1.0,820,2765406.25,1258115.625,55.0
7136,49,3.0,1200,2745401.75,1253489.0,36.0
7137,56,2.0,1170,2563100.75,1129925.125,148.0
7138,60,2.0,1050,2553287.5,1202653.875,
7139,115,4.0,3500,2504271.5,1133979.0,5.0
7140,90,4.0,1390,2635853.0,1246577.375,85.0
7141,84,3.0,2120,2622167.75,1259602.0,24.0
7142,53,2.0,1000,2724102.25,1077304.5,
7143,134,5.0,3300,2690736.0,1215024.0,12.0
7144,60,3.0,1103,2610426.25,1224382.0,97.0
7145,80,2.0,1500,2686432.75,1243075.375,74.0
7146,50,1.0,750,2718083.5,1134601.375,115.0
7147,130,4.0,4500,2673531.5,1253172.125,5.0
7148,124,5.0,2800,2691489.5,1236779.125,29.0
7149,46,3.0,1920,2501520.75,1117669.75,323.0
7150,100,3.0,2820,2620745.5,1264975.0,44.0
7151,75,3.0,1550,2571093.25,1165511.5,30.0
7152,71,3.0,1640,2611200.75,1268329.25,312.0
7153,38,1.0,2280,2665421.0,1259092.0,
7154,105,4.0,1100,2593982.5,1236279.375,94.0
7155,65,2.0,3150,2507927.75,1137475.5,278.0
7156,54,2.0,1100,2607812.75,1259071.0,54.0
7157,55,2.0,1170,2765619.75,1258360.0,81.0
7158,80,4.0,2100,2641570.75,1224648.25,138.0
7159,65,2.0,1600,2686268.0,1220946.125,81.0
7160,61,2.0,1270,2716968.5,1257982.375,71.0
7161,32,1.0,1400,2612029.75,1266307.25,39.0
7162,38,1.0,1369,2682338.5,1240680.0,144.0
7163,19,1.0,720,2745097.75,1218262.125,
7165,100,4.0,1840,2752849.25,1188783.125,102.0
7166,75,3.0,1960,2734844.75,1182120.625,73.0
7167,97,3.0,930,2553904.25,1217030.25,73.0
7168,60,3.0,1290,2593243.75,1245766.25,70.0
7169,70,2.0,3400,2682221.0,1245976.5,237.0
7170,48,2.0,1000,2576511.25,1191294.75,60.0
7171,52,1.0,1000,2609798.75,1265966.125,73.0
7172,140,4.0,2690,2749377.25,1186396.625,67.0
7173,61,3.0,2750,2536263.0,1152510.75,206.0
7175,47,1.0,780,2730716.75,1122090.125,29.0
7176,85,3.0,2300,2532210.5,1151414.125,111.0
7177,79,3.0,1500,2738044.25,1249146.75,121.0
7178,106,3.0,1790,2592143.25,1224656.625,44.0
7179,21,1.0,610,2614432.5,1212097.75,57.0
7180,58,2.0,1380,2745974.0,1270533.875,80.0
7181,70,3.0,1460,2656260.75,1234171.625,24.0
7182,150,6.0,5300,2504129.75,1116268.25,20.0
7183,70,3.0,1450,2620185.75,1263474.25,130.0
7184,80,3.0,2890,2524178.75,1152119.875,22.0
7185,76,3.0,3170,2679345.25,1227807.375,94.0
7186,82,3.0,1470,2721573.5,1116458.125,70.0
7187,100,3.0,3750,2716790.0,1095188.0,6.0
7188,65,2.0,2010,2610712.5,1266179.75,136.0
7189,90,4.0,1800,2754396.0,1225137.25,24.0
7190,85,3.0,1770,2738953.75,1274143.625,23.0
7191,90,3.0,1610,2722749.0,1118052.125,218.0
7192,44,1.0,1220,2758002.5,1190957.25,
7193,82,4.0,1455,2761681.75,1200331.125,55.0
7194,128,5.0,2600,2724147.25,1180674.375,21.0
7195,85,2.0,1600,2722372.25,1259382.125,43.0
7196,92,3.0,1780,2728805.5,1278628.875,105.0
7197,80,3.0,1450,2754432.25,1224950.125,114.0
7198,28,2.0,1000,2739249.75,1186194.75,13.0
7199,113,4.0,1610,2736694.5,1256254.875,28.0
7200,40,2.0,2400,2499849.5,1115468.0,93.0
7201,83,4.0,1065,2754506.5,1260589.625,125.0
7202,90,5.0,1430,2728988.75,1278535.5,96.0
7203,92,3.0,1620,2693994.75,1263037.625,93.0
7204,66,3.0,800,2575161.5,1230456.75,36.0
7205,80,4.0,1720,2571176.25,1163032.625,991.0
7206,92,4.0,1485,2561030.25,1184963.125,344.0
7207,35,2.0,590,2566440.0,1222360.125,154.0
7208,121,5.0,2250,2620460.25,1195076.125,25.0
7210,95,3.0,1800,2742450.5,1220531.25,132.0
7211,65,3.0,1350,2596932.0,1199128.375,141.0
7212,70,2.0,1440,2721833.75,1258143.625,107.0
7213,60,2.0,1280,2746282.0,1254865.0,32.0
7214,113,3.0,1600,2634237.75,1126679.125,112.0
7215,165,4.0,2150,2513976.5,1169128.125,25.0
7216,62,3.0,970,2731092.0,1278764.5,18.0
7217,127,4.0,2100,2642065.5,1130151.5,108.0
7218,40,1.0,985,2595768.25,1119830.125,115.0
7219,46,2.0,1850,2544622.0,1149909.5,21.0
7220,80,4.0,1790,2706066.75,1232219.125,120.0
7221,50,2.0,1450,2646727.0,1248851.125,
7222,64,3.0,1810,2623920.5,1128646.125,
7223,60,3.0,1450,2663304.25,1214227.25,159.0
7224,47,2.0,1768,2534462.0,1152607.0,
7225,62,2.0,1095,2595762.5,1119833.5,115.0
7226,17,1.0,950,2670090.75,1252493.625,59.0
7227,84,3.0,1340,2554092.0,1218031.75,138.0
7228,52,2.0,880,2554663.75,1217284.5,103.0
7229,60,3.0,1690,2612090.5,1266409.25,157.0
7230,120,4.0,1800,2513011.0,1151518.125,145.0
7231,113,4.0,2280,2730188.0,1279365.0,56.0
7233,90,4.0,1000,2566816.25,1222505.0,125.0
7234,49,2.0,950,2723745.0,1118993.375,87.0
7235,70,2.0,940,2761215.0,1260514.125,37.0
7237,55,1.0,1180,2685998.75,1283569.875,34.0
7238,29,1.0,980,2563925.25,1206185.625,48.0
7239,137,4.0,1895,2634214.75,1244360.75,39.0
7240,80,3.0,1185,2553904.25,1217030.25,73.0
7241,60,3.0,1150,2719628.75,1101341.375,115.0
7242,80,3.0,600,2553832.25,1216888.75,38.0
7243,67,1.0,1300,2713075.75,1095019.125,11.0
7245,74,3.0,1740,2745935.25,1270091.375,168.0
7246,109,5.0,1810,2553896.5,1200722.375,56.0
7247,28,1.0,720,2721555.25,1256598.125,49.0
7249,66,3.0,3460,2501522.5,1117069.625,448.0
7250,92,3.0,3100,2680423.75,1248406.875,39.0
7251,120,4.0,3400,2716790.0,1095188.0,6.0
7252,105,4.0,1870,2578415.75,1183036.25,
7253,68,3.0,1000,2756529.0,1258001.875,12.0
7254,60,2.0,590,2554364.5,1217068.375,69.0
7255,65,2.0,1520,2667257.0,1218115.0,
7256,138,5.0,2400,2746540.0,1255662.0,32.0
7257,90,3.0,750,2713499.75,1137514.75,
7258,115,3.0,1770,2708392.0,1268914.625,72.0
7259,90,2.0,3095,2681854.5,1246183.875,280.0
7260,28,1.0,690,2643164.25,1247409.125,72.0
7261,43,2.0,1250,2561940.0,1185643.625,130.0
7262,29,1.0,875,2579838.5,1185009.0,132.0
7263,75,3.0,1835,2709692.0,1115738.0,25.0
7264,56,2.0,1350,2571432.75,1163802.125,90.0
7265,65,1.0,1250,2547145.5,1196281.0,
7266,16,1.0,1000,2537418.0,1153051.25,457.0
7267,24,1.0,1500,2610101.25,1268209.625,119.0
7268,21,1.0,1045,2665435.75,1211521.0,11.0
7270,55,2.0,1180,2570301.0,1163910.75,21.0
7271,48,2.0,740,2573665.25,1212767.75,106.0
7272,63,3.0,1870,2613190.5,1267048.875,202.0
7273,108,4.0,4250,2545700.0,1150900.0,4.0
7274,113,4.0,2380,2730190.0,1271670.0,4.0
7275,70,3.0,1133,2580982.75,1176986.5,76.0
7276,53,2.0,1980,2539085.5,1152622.75,133.0
7277,95,3.0,2640,2666301.75,1204444.75,70.0
7278,72,2.0,3230,2682221.0,1245976.5,237.0
7279,36,2.0,1020,2745321.0,1253139.375,54.0
7280,52,2.0,990,2765406.25,1258115.625,55.0
7281,70,2.0,1740,2664833.5,1208422.375,68.0
7282,76,3.0,2105,2539625.0,1153042.0,231.0
7283,60,3.0,1790,2686264.5,1257639.375,129.0
7284,56,3.0,800,2718153.25,1135012.875,
7285,97,4.0,1480,2637553.75,1237311.875,62.0
7286,60,2.0,950,2691143.25,1191744.25,129.0
7287,49,2.0,1560,2676828.5,1236846.75,109.0
7288,54,2.0,1350,2698734.5,1282789.75,31.0
7289,50,2.0,1100,2719492.25,1115808.25,43.0
7291,71,3.0,1550,2771548.0,1183312.125,36.0
7293,125,4.0,2000,2602337.5,1199221.875,68.0
7294,51,2.0,1545,2599639.0,1199131.75,145.0
7295,89,3.0,1600,2638717.0,1238685.875,64.0
7296,100,3.0,3000,2541895.0,1150420.0,
7297,80,3.0,2400,2723297.75,1281356.875,33.0
7298,138,5.0,2255,2606025.5,1230211.625,75.0
7299,86,4.0,1700,2746124.0,1270369.375,62.0
7300,140,4.0,1550,2595145.75,1245715.375,79.0
7301,99,3.0,3150,2665508.25,1211467.5,97.0
7302,63,3.0,910,2579618.75,1184264.375,92.0
7303,46,2.0,1280,2615430.25,1264745.125,115.0
7304,54,2.0,2000,2611853.75,1269837.875,
7305,93,3.0,2630,2537648.75,1153601.25,35.0
7306,50,2.0,730,2554663.75,1217284.5,103.0
7307,80,2.0,1100,2682129.0,1290977.0,3.0
7308,68,3.0,1400,2574914.5,1193685.125,4.0
7309,121,5.0,2090,2640550.25,1226847.125,15.0
7310,53,1.0,3120,2682884.25,1248371.25,211.0
7311,88,3.0,1625,2732604.5,1255729.625,55.0
7312,84,4.0,1150,2730168.5,1278853.5,189.0
7313,68,3.0,1506,2688496.5,1249998.75,64.0
7314,111,4.0,2390,2693821.75,1247500.0,212.0
7315,52,1.0,1555,2696290.75,1261336.875,304.0
7316,72,3.0,2160,2559873.25,1142536.625,238.0
7317,72,3.0,1020,2608906.5,1200331.5,73.0
7318,80,3.0,1250,2715052.0,1101838.875,102.0
7319,80,3.0,850,2710569.5,1140133.0,25.0
7320,88,3.0,2190,2683157.25,1263441.5,132.0
7322,53,2.0,2390,2759780.25,1190999.25,139.0
7323,68,2.0,1505,2571694.75,1174539.625,
7324,93,3.0,1587,2614471.0,1178196.125,124.0
7325,55,2.0,1150,2751582.25,1212662.375,64.0
7326,130,4.0,3400,2515710.0,1145935.0,
7327,25,1.0,850,2695073.5,1239012.5,65.0
7328,97,3.0,1390,2602977.5,1198398.625,23.0
7329,130,4.0,3450,2694562.0,1239951.375,38.0
7330,90,3.0,1980,2518455.0,1173855.0,38.0
7331,88,5.0,2500,2504993.25,1116456.5,126.0
7332,60,2.0,1300,2611786.0,1268320.0,370.0
7333,40,2.0,1050,2743051.5,1220842.75,44.0
7334,54,2.0,1410,2598355.25,1199487.125,140.0
7335,55,2.0,1282,2610221.0,1265513.375,50.0
7336,67,3.0,1825,2540015.25,1154313.125,255.0
7337,52,2.0,1059,2563322.5,1205934.5,109.0
7338,69,3.0,2290,2510539.75,1141217.125,150.0
7339,40,1.0,1580,2666617.25,1210529.5,16.0
7340,85,2.0,3180,2679430.25,1248097.25,285.0
7341,52,2.0,1200,2610192.25,1268780.625,260.0
7342,65,2.0,1190,2561828.25,1185318.625,102.0
7343,95,4.0,1695,2587547.0,1222967.875,117.0
7344,130,2.0,3400,2515710.0,1145935.0,
7345,84,3.0,1240,2609262.75,1227931.75,124.0
7346,85,4.0,1150,2728432.5,1236750.75,
7347,34,1.0,995,2765073.75,1253513.25,90.0
7348,90,4.0,1755,2594850.25,1191816.375,24.0
7349,150,4.0,4000,2716565.0,1095783.25,72.0
7350,32,1.0,1090,2745294.5,1253218.25,99.0
7351,65,2.0,1850,2595387.0,1209296.0,6.0
7352,104,3.0,1880,2699433.5,1220400.75,199.0
7353,68,3.0,1110,2624615.75,1266427.5,143.0
7354,48,2.0,1690,2665421.0,1259092.0,
7355,79,3.0,2200,2533505.25,1153588.375,66.0
7356,115,6.0,4500,2499892.25,1118209.25,141.0
7357,81,3.0,2240,2688660.75,1250643.0,71.0
7358,85,3.0,2350,2554318.75,1146260.0,327.0
7359,94,4.0,2050,2601175.75,1208090.625,164.0
7360,79,3.0,1240,2553083.25,1216460.0,140.0
7361,55,2.0,1620,2633887.75,1127563.25,
7362,150,5.0,3220,2540097.5,1151279.125,108.0
7363,32,1.0,1030,2610310.25,1265989.75,64.0
7364,72,3.0,1300,2739028.0,1185777.25,27.0
7365,65,2.0,1300,2612562.25,1267870.5,126.0
7366,105,3.0,1700,2586950.0,1221847.5,74.0
7367,28,1.0,990,2745774.5,1253970.125,29.0
7368,21,1.0,620,2585106.75,1218598.125,31.0
7369,85,3.0,1530,2666027.75,1235823.375,17.0
7371,85,3.0,1350,2593606.5,1245831.125,60.0
7372,54,2.0,1840,2610712.5,1266179.75,136.0
7373,33,2.0,650,2593531.25,1245789.5,16.0
7374,70,3.0,2410,2499665.5,1116505.5,126.0
7375,77,2.0,750,2554194.25,1217573.75,
7376,53,3.0,1810,2539631.0,1153130.5,145.0
7377,91,4.0,2200,2605460.0,1126228.0,
7378,64,3.0,1440,2621203.0,1237637.125,91.0
7379,48,2.0,1850,2665351.75,1258989.375,46.0
7380,71,3.0,1620,2613924.5,1211081.125,72.0
7381,35,1.0,540,2552487.75,1215913.75,131.0
7382,108,4.0,4150,2545700.0,1150900.0,4.0
7383,28,1.0,850,2610994.75,1265867.5,157.0
7384,95,2.0,1860,2758394.5,1191196.75,126.0
7385,56,2.0,1130,2741134.5,1217182.625,3.0
7387,44,1.0,820,2609400.25,1268053.5,233.0
7388,51,2.0,1167,2611922.0,1268602.25,136.0
7389,67,2.0,1400,2612250.0,1266995.75,124.0
7390,128,4.0,1890,2765937.25,1257716.875,76.0
7391,91,3.0,1170,2582384.75,1242648.625,20.0
7392,98,4.0,2650,2665273.25,1211599.125,87.0
7393,68,3.0,1300,2605130.75,1252714.5,25.0
7394,66,2.0,1560,2612341.0,1268538.375,128.0
7395,71,3.0,1570,2613369.0,1268810.0,23.0
7396,93,3.0,2310,2668157.25,1244393.125,78.0
7397,113,6.0,3000,2540503.25,1151169.625,66.0
7398,99,3.0,4900,2683808.5,1246635.875,60.0
7399,94,3.0,1600,2721467.5,1116522.125,27.0
7400,55,3.0,750,2595087.0,1248530.625,
7401,65,3.0,800,2553826.25,1218151.625,108.0
7402,49,2.0,1060,2745586.5,1253796.125,123.0
7403,145,4.0,3500,2717562.25,1096462.875,126.0
7404,65,2.0,1305,2714363.75,1257081.5,31.0
7405,63,3.0,1060,2755605.25,1260024.75,90.0
7406,78,3.0,970,2588783.25,1229726.375,
7407,70,3.0,1100,2690139.0,1133264.75,23.0
7408,126,4.0,1710,2553591.5,1216948.125,260.0
7409,63,3.0,1690,2608024.25,1266923.25,24.0
7410,80,2.0,3000,2521791.5,1147012.125,27.0
7411,25,1.0,2500,2682217.75,1226466.0,15.0
7412,65,3.0,1231,2745586.5,1253796.125,123.0
7413,41,1.0,1660,2688060.5,1234915.875,89.0
7414,74,3.0,1730,2509384.5,1149927.375,56.0
7415,101,4.0,1380,2737929.0,1251185.875,75.0
7416,99,3.0,2021,2688913.0,1205598.875,51.0
7417,45,3.0,950,2511790.25,1145198.375,63.0
7418,30,1.0,1750,2501423.75,1117865.375,399.0
7419,70,4.0,2400,2499909.75,1118124.375,219.0
7420,86,4.0,2450,2527962.5,1151617.875,232.0
7421,50,2.0,1050,2716613.5,1099364.375,26.0
7422,86,3.0,2550,2532444.25,1151545.125,120.0
7423,45,2.0,1530,2576778.0,1184763.125,85.0
7424,78,3.0,1780,2604827.0,1208185.375,138.0
7425,80,4.0,1400,2610677.5,1214622.125,90.0
7426,86,3.0,1700,2691810.25,1286728.5,63.0
7427,108,5.0,2040,2495326.0,1121592.125,180.0
7428,117,4.0,2700,2665730.25,1210539.375,162.0
7429,66,3.0,1100,2626293.0,1227389.125,57.0
7430,38,1.0,1260,2626208.75,1266776.375,76.0
7431,30,1.0,970,2578278.75,1180662.5,127.0
7432,56,3.0,1280,2604227.25,1200373.875,144.0
7433,84,3.0,2145,2611493.0,1268123.125,125.0
7434,25,2.0,1890,2682210.25,1256280.875,102.0
7435,65,3.0,800,2592771.25,1232374.125,42.0
7436,114,4.0,1430,2560891.25,1166942.5,55.0
7437,82,3.0,2300,2557701.75,1143631.125,280.0
7438,57,2.0,1720,2702142.25,1256227.75,94.0
7439,71,3.0,1770,2655611.0,1249157.5,170.0
7440,80,2.0,1410,2718591.5,1098198.0,154.0
7441,59,3.0,990,2748658.75,1255700.5,175.0
7442,85,4.0,1543,2690925.5,1245155.125,79.0
7443,86,3.0,2200,2530305.0,1169350.0,
7444,35,1.0,1900,2684246.0,1246754.5,55.0
7445,120,4.0,2050,2597076.5,1123157.25,7.0
7446,70,2.0,1400,2615013.25,1195459.125,29.0
7447,75,3.0,3800,2498352.75,1118165.25,118.0
7448,130,3.0,4570,2683530.5,1247425.125,262.0
7449,67,3.0,2400,2499299.0,1119028.375,113.0
7450,144,5.0,2466,2687454.75,1245512.875,135.0
7451,70,3.0,1100,2765937.25,1257716.875,76.0
7452,102,4.0,1953,2513011.0,1151518.125,145.0
7453,50,2.0,800,2731065.0,1267435.0,67.0
7454,126,3.0,3490,2674651.0,1246562.0,
7455,50,2.0,1400,2660575.25,1226834.5,24.0
7456,74,3.0,2400,2538675.0,1165830.0,87.0
7458,86,3.0,2045,2586191.5,1221226.5,35.0
7459,113,4.0,2550,2557110.5,1203381.5,27.0
7460,70,3.0,1100,2690139.0,1133264.75,23.0
7461,48,2.0,1560,2600423.25,1197821.0,107.0
7462,74,3.0,1300,2595688.75,1197463.375,97.0
7463,69,2.0,1600,2716790.0,1095188.0,6.0
7464,165,6.0,1490,2747744.25,1257504.375,112.0
7465,62,2.0,1120,2732890.0,1265211.875,97.0
7466,86,4.0,1380,2586204.25,1220421.0,90.0
7467,94,3.0,3290,2679345.25,1227807.375,94.0
7468,137,4.0,3310,2690212.25,1253150.0,82.0
7469,30,1.0,700,2753177.25,1256312.75,34.0
7470,40,1.0,640,2553129.5,1217009.25,139.0
7472,65,2.0,1300,2735840.75,1262174.125,34.0
7473,85,3.0,1860,2644311.5,1261839.5,61.0
7474,74,4.0,1530,2753687.5,1226432.375,37.0
7475,54,2.0,3980,2682535.25,1247575.875,109.0
7476,92,4.0,2150,2572031.75,1106244.375,78.0
7477,64,2.0,1300,2608006.25,1258555.75,32.0
7478,67,3.0,1500,2719037.0,1096512.125,29.0
7479,70,5.0,2450,2499649.75,1117015.25,428.0
7480,30,1.0,975,2555013.25,1146181.25,90.0
7481,60,3.0,1716,2664904.0,1210316.0,29.0
7482,47,3.0,1270,2746619.25,1254459.0,231.0
7483,60,2.0,880,2534692.5,1194928.875,35.0
7484,82,3.0,2100,2555497.5,1201834.0,90.0
7485,66,3.0,1600,2613318.75,1263882.125,102.0
7486,25,1.0,900,2601938.5,1128522.0,59.0
7487,77,2.0,2170,2662236.0,1211953.375,103.0
7488,58,2.0,1300,2711821.75,1236468.75,84.0
7489,53,2.0,1290,2614236.5,1266853.875,139.0
7490,69,3.0,1420,2621832.75,1259479.125,39.0
7491,105,4.0,3000,2536269.5,1152232.0,98.0
7492,75,3.0,1050,2689451.0,1284002.0,39.0
7493,79,3.0,1780,2734489.5,1181722.5,35.0
7494,126,4.0,2350,2720192.75,1081631.5,63.0
7495,58,2.0,1200,2595503.0,1226259.0,167.0
7496,83,3.0,1690,2722762.25,1118070.25,218.0
7497,52,2.0,1950,2521641.0,1152551.0,54.0
7498,78,4.0,1470,2618415.25,1171238.0,11.0
7499,110,4.0,4590,2539920.0,1151295.0,44.0
7500,93,4.0,1830,2667418.25,1210120.25,173.0
7501,61,2.0,1350,2734489.5,1181722.5,35.0
7502,70,2.0,3440,2682141.5,1246033.5,142.0
7503,64,2.0,3300,2681376.5,1225037.75,63.0
7505,161,1.0,3940,2682916.5,1252240.875,396.0
7506,69,3.0,1500,2578020.0,1183401.25,63.0
7507,89,4.0,1860,2613715.5,1264258.75,46.0
7508,153,6.0,5150,2500442.0,1121370.75,129.0
7509,89,3.0,1700,2703007.0,1112309.75,52.0
7510,71,3.0,1110,2752602.5,1260651.625,100.0
7511,78,2.0,2086,2614128.5,1268003.25,90.0
7513,102,4.0,1870,2586424.25,1220530.25,81.0
7514,42,2.0,1440,2766353.0,1257811.875,83.0
7515,196,196.0,10760,2500269.75,1118953.375,382.0
7516,42,2.0,1100,2663613.25,1209425.875,105.0
7517,68,2.0,1825,2611392.25,1266144.625,
7518,66,1.0,2870,2681800.5,1246567.0,215.0
7519,100,3.0,2820,2620745.5,1264975.0,44.0
7520,53,2.0,1250,2710245.5,1268837.0,148.0
7521,88,3.0,1300,2611150.5,1227097.375,98.0
7522,51,3.0,1920,2500384.25,1118416.5,384.0
7523,87,2.0,2300,2531608.25,1154369.125,48.0
7524,87,4.0,2050,2723706.5,1280759.875,24.0
7525,95,4.0,1975,2625540.0,1199264.0,70.0
7526,16,1.0,900,2708696.25,1254661.875,15.0
7527,50,3.0,2275,2781584.0,1185356.0,26.0
7528,90,3.0,1550,2717435.25,1102773.25,30.0
7529,105,4.0,1670,2663025.5,1243988.125,108.0
7530,75,3.0,1980,2677114.0,1230949.875,34.0
7531,79,3.0,1490,2702945.0,1113303.875,82.0
7532,40,2.0,1200,2499554.25,1116243.875,364.0
7533,95,4.0,1840,2751293.75,1253049.625,44.0
7535,78,2.0,2750,2683091.75,1249463.75,239.0
7536,124,4.0,2610,2765575.25,1252918.375,18.0
7538,74,3.0,878,2585359.75,1226912.75,24.0
7539,135,4.0,2473,2682506.0,1243206.375,127.0
7540,123,4.0,1815,2692140.0,1208330.75,76.0
7541,60,2.0,900,2689451.0,1284002.0,39.0
7542,32,2.0,997,2561089.0,1204830.125,83.0
7543,68,2.0,1256,2624781.25,1266273.0,189.0
7546,52,1.0,2310,2682412.25,1247312.75,
7547,12,1.0,950,2682195.25,1240718.25,106.0
7548,90,4.0,1290,2761818.75,1251983.5,71.0
7549,90,3.0,2300,2717615.25,1096713.75,201.0
7550,90,4.0,1100,2547412.25,1211950.0,98.0
7551,37,2.0,1100,2742915.25,1252462.875,104.0
7552,80,4.0,900,2746019.5,1270215.375,5.0
7553,36,1.0,630,2731932.25,1252177.25,38.0
7555,52,2.0,690,2547711.5,1212041.375,93.0
7556,70,4.0,1440,2618554.75,1263227.0,81.0
7557,55,2.0,1600,2530557.0,1174845.875,37.0
7558,139,5.0,2780,2611440.5,1268762.625,248.0
7559,110,4.0,1650,2664331.5,1271129.375,149.0
7560,88,3.0,2045,2694252.5,1262684.5,71.0
7562,64,3.0,1060,2586191.5,1221226.5,35.0
7563,80,3.0,890,2553785.25,1217635.125,108.0
7565,40,2.0,2250,2610758.25,1266828.25,123.0
7566,73,3.0,750,2595404.75,1243152.125,36.0
7567,45,2.0,1690,2611493.0,1268123.125,125.0
7568,67,3.0,1920,2595267.0,1199481.125,148.0
7569,50,2.0,1100,2724124.5,1078845.75,24.0
7570,94,4.0,1700,2675465.75,1256707.25,75.0
7571,25,1.0,1500,2609739.5,1266570.625,91.0
7572,60,3.0,1200,2727945.25,1255541.5,54.0
7573,118,5.0,2400,2668865.5,1216131.75,11.0
7574,92,3.0,1790,2745836.25,1269596.25,69.0
7575,69,3.0,1670,2667888.75,1244179.5,18.0
7576,79,3.0,2175,2533550.0,1153567.375,66.0
7577,100,3.0,4750,2500036.0,1116275.125,378.0
7578,73,3.0,1530,2689657.25,1285096.5,33.0
7579,63,3.0,1220,2625673.0,1228366.625,105.0
7581,14,1.0,1050,2685740.0,1251407.0,124.0
7582,72,3.0,1680,2549651.0,1158062.25,40.0
7583,90,3.0,1860,2578013.0,1183205.5,167.0
7584,84,3.0,2210,2611493.0,1268123.125,125.0
7585,82,3.0,1700,2586805.75,1221696.5,134.0
7586,71,2.0,1270,2660422.75,1269049.75,107.0
7587,60,3.0,2650,2498627.25,1121142.625,162.0
7588,65,3.0,2350,2538329.75,1152377.25,23.0
7589,60,2.0,1615,2559175.25,1203503.375,84.0
7590,95,1.0,1590,2702606.0,1246916.5,31.0
7592,88,3.0,1450,2734592.0,1268362.75,20.0
7593,45,2.0,600,2593976.25,1236228.0,94.0
7594,104,4.0,1580,2717702.25,1260693.875,26.0
7595,165,4.0,2400,2576572.25,1195526.75,3.0
7596,180,4.0,2170,2584017.0,1212204.625,14.0
7597,60,2.0,1300,2584794.25,1194635.0,34.0
7598,42,2.0,1930,2683362.0,1248572.625,61.0
7599,42,2.0,690,2552516.25,1215644.375,12.0
7600,26,1.0,1250,2781665.25,1184764.5,28.0
7601,114,4.0,2120,2745576.0,1269936.0,219.0
7602,110,4.0,1900,2634459.5,1126277.5,18.0
7603,63,3.0,1290,2613629.0,1261926.25,116.0
7604,59,3.0,2350,2502000.5,1127014.5,11.0
7605,33,1.0,810,2765019.25,1253460.875,57.0
7606,45,2.0,1180,2608992.5,1266389.25,126.0
7607,88,3.0,1945,2612202.0,1258735.375,102.0
7608,49,2.0,960,2704014.75,1113775.25,212.0
7609,80,3.0,1590,2754332.0,1260279.0,136.0
7610,92,4.0,1700,2641928.25,1245720.75,106.0
7611,30,1.0,1030,2611781.5,1265556.25,309.0
7612,94,3.0,2005,2610194.5,1268644.25,30.0
7613,65,2.0,1450,2713318.5,1270309.625,101.0
7614,95,4.0,1020,2727335.75,1236207.875,79.0
7616,40,2.0,1850,2501595.5,1117090.625,448.0
7617,120,4.0,1790,2593124.25,1245529.0,11.0
7618,80,3.0,1780,2693709.5,1235746.75,49.0
7619,65,3.0,880,2553813.75,1218139.75,108.0
7620,60,3.0,1180,2751772.75,1212535.625,97.0
7621,70,3.0,990,2587199.0,1221327.5,12.0
7622,52,2.0,3304,2689069.75,1249423.375,48.0
7623,57,3.0,1540,2749898.25,1264410.5,46.0
7624,45,2.0,870,2519039.0,1173873.375,67.0
7625,72,3.0,2270,2747095.5,1255910.375,58.0
7626,60,3.0,1690,2746013.5,1254236.0,70.0
7627,76,3.0,1870,2599802.75,1198407.75,208.0
7628,60,3.0,1150,2568183.0,1206764.0,11.0
7629,94,3.0,1550,2725853.5,1238434.0,69.0
7630,85,3.0,1670,2615544.5,1264381.875,58.0
7631,81,3.0,1495,2737607.25,1268721.0,94.0
7632,52,2.0,1890,2538329.75,1152377.25,23.0
7633,78,4.0,730,2547334.0,1211777.625,50.0
7634,80,3.0,1800,2667476.5,1238480.25,3.0
7635,60,3.0,850,2587212.75,1221167.125,83.0
7636,83,3.0,2140,2604752.25,1208358.875,40.0
7637,32,1.0,729,2720194.0,1230321.625,50.0
7638,62,3.0,1440,2586390.5,1220410.375,29.0
7639,93,4.0,1822,2614345.5,1178172.25,103.0
7640,96,3.0,1895,2612849.5,1260230.375,85.0
7641,140,6.0,4330,2498810.25,1117912.875,190.0
7643,34,1.0,1200,2534500.0,1153100.0,265.0
7644,87,3.0,1290,2552807.5,1216357.125,66.0
7645,72,3.0,990,2552775.25,1216727.25,74.0
7646,77,4.0,1700,2638877.75,1266183.75,191.0
7647,82,2.0,2600,2680768.0,1225353.25,9.0
7648,84,3.0,1636,2659823.25,1259374.125,137.0
7649,50,3.0,2275,2781584.0,1185356.0,26.0
7651,40,2.0,1250,2690459.0,1283426.0,92.0
7652,114,4.0,2150,2619489.25,1263081.875,83.0
7653,87,3.0,1500,2638094.5,1237850.5,43.0
7654,64,2.0,1350,2690362.25,1285569.25,202.0
7655,93,3.0,1620,2609641.75,1228492.25,60.0
7656,46,2.0,1370,2610152.5,1269078.75,231.0
7657,110,5.0,980,2714680.5,1148850.5,24.0
7658,52,2.0,640,2596510.0,1227151.375,144.0
7659,114,3.0,3500,2537950.0,1151975.0,213.0
7660,76,3.0,1870,2747448.25,1255422.75,168.0
7661,71,3.0,2821,2537844.0,1153439.75,166.0
7662,88,4.0,1390,2738450.75,1249789.5,38.0
7663,41,2.0,1330,2576778.0,1184763.125,85.0
7664,178,5.0,4890,2555497.25,1144576.5,7.0
7665,51,2.0,1550,2536578.0,1153239.5,131.0
7666,104,4.0,2265,2718792.75,1097668.125,94.0
7667,42,2.0,1570,2579669.75,1184230.125,92.0
7668,91,3.0,1520,2584778.25,1219220.5,83.0
7669,86,4.0,1770,2679692.0,1282615.625,30.0
7670,158,5.0,2560,2718379.5,1228753.625,43.0
7671,71,3.0,1090,2587922.5,1219059.125,42.0
7672,35,1.0,800,2533653.5,1174084.875,192.0
7673,53,3.0,920,2558181.25,1203883.125,49.0
7674,22,1.0,800,2738693.75,1185494.0,40.0
7675,47,3.0,2030,2499895.25,1117970.25,48.0
7677,112,,1830,2564000.0,1206319.875,31.0
7678,125,3.0,3550,2746707.25,1256176.75,36.0
7679,53,2.0,1225,2578763.75,1183910.625,165.0
7680,154,5.0,4478,2684650.75,1253843.875,134.0
7681,41,2.0,1350,2614187.25,1267174.5,75.0
7682,16,1.0,750,2655020.25,1255661.0,52.0
7683,78,3.0,2090,2610188.75,1264241.625,84.0
7684,102,5.0,1990,2625540.0,1199264.0,70.0
7685,68,2.0,2010,2665151.75,1210129.75,
7686,126,4.0,3333,2692057.25,1232049.125,273.0
7688,66,3.0,1350,2580009.5,1110403.75,43.0
7689,57,3.0,1130,2566794.75,1222430.25,123.0
7691,76,2.0,1300,2734335.5,1265172.75,3.0
7692,90,2.0,1450,2702495.0,1246960.625,22.0
7693,30,1.0,2500,2682217.75,1226466.0,15.0
7694,56,2.0,1090,2755504.0,1221059.5,40.0
7695,34,1.0,880,2636411.75,1243965.125,174.0
7696,131,5.0,1728,2612745.25,1266942.875,101.0
7697,82,3.0,990,2574380.0,1230415.75,28.0
7698,25,1.0,2250,2539631.0,1153130.5,145.0
7699,82,3.0,1970,2622630.5,1259673.0,12.0
7700,58,2.0,1025,2600013.0,1207728.25,179.0
7701,100,3.0,1130,2571595.5,1211575.375,38.0
7702,39,1.0,940,2765549.0,1258144.625,232.0
7703,55,2.0,970,2708526.75,1173760.75,24.0
7704,120,4.0,2830,2694892.75,1262700.875,131.0
7705,53,1.0,1250,2581787.0,1198926.875,14.0
7706,93,4.0,1450,2585879.0,1219350.875,267.0
7707,28,1.0,1510,2498352.75,1118165.25,118.0
7708,101,4.0,2000,2634063.75,1127432.5,113.0
7709,36,1.0,910,2671507.0,1256682.5,139.0
7710,56,2.0,1735,2696109.75,1245872.875,140.0
7711,60,3.0,2312,2499758.25,1117437.125,195.0
7712,72,3.0,900,2583847.5,1231566.0,105.0
7713,30,1.0,1500,2610194.0,1267957.5,233.0
7714,86,4.0,2140,2595252.5,1199513.125,130.0
7715,32,1.0,750,2594796.25,1114282.125,3.0
7716,65,2.0,1100,2720321.25,1115761.625,62.0
7717,130,2.0,2400,2715981.5,1095847.75,21.0
7718,81,3.0,1600,2613095.75,1269041.75,155.0
7719,21,1.0,980,2539513.0,1153452.875,307.0
7720,57,2.0,1260,2752608.0,1213134.0,31.0
7721,92,4.0,1990,2634764.5,1244680.75,90.0
7722,69,3.0,1410,2608133.5,1267084.5,108.0
7723,105,3.0,1441,2596974.0,1226857.125,104.0
7724,66,3.0,1570,2746264.5,1253822.875,65.0
7725,110,4.0,3500,2604730.0,1129117.875,29.0
7726,63,3.0,1450,2598941.5,1200509.625,142.0
7727,62,2.0,1630,2613476.75,1261802.75,69.0
7728,78,3.0,1980,2611677.75,1265842.125,230.0
7729,82,2.0,1900,2705887.75,1115119.75,16.0
7730,79,3.0,1380,2625414.0,1238676.125,62.0
7731,127,4.0,1700,2717148.0,1090339.125,23.0
7732,112,4.0,1680,2721940.0,1123541.25,61.0
7733,130,5.0,3750,2506434.25,1117907.5,3.0
7734,114,5.0,3345,2502197.0,1125783.75,52.0
7735,150,5.0,5800,2498352.75,1118165.25,118.0
7736,83,3.0,3240,2683855.75,1246640.125,60.0
7737,124,5.0,2170,2691086.5,1191973.375,82.0
7738,70,2.0,3050,2686446.5,1256093.75,21.0
7740,97,4.0,1995,2614657.75,1212551.0,260.0
7741,182,7.0,4300,2498443.25,1112345.25,13.0
7742,52,2.0,740,2547782.75,1211439.75,110.0
7743,78,3.0,1730,2577393.5,1182367.5,54.0
7744,56,3.0,1860,2676503.0,1236551.25,104.0
7745,160,5.0,5740,2500692.25,1116079.5,175.0
7746,92,3.0,1900,2754130.5,1225868.0,97.0
7747,48,2.0,790,2762999.75,1257880.0,17.0
7748,56,2.0,1150,2611005.25,1267159.75,73.0
7749,137,5.0,2660,2740633.75,1268160.125,97.0
7750,142,4.0,2210,2638265.75,1237805.0,137.0
7751,65,3.0,995,2754580.25,1260311.5,25.0
7752,51,2.0,1018,2561790.75,1185383.625,205.0
7753,95,4.0,1460,2575707.5,1197992.5,27.0
7754,70,2.0,1150,2718742.75,1086995.625,
7755,154,4.0,2500,2586039.5,1117647.0,131.0
7756,130,4.0,2230,2758159.75,1257037.5,24.0
7757,83,3.0,3500,2527755.25,1151390.125,77.0
7758,37,1.0,900,2638959.75,1244677.375,27.0
7759,39,1.0,660,2613294.0,1249317.375,34.0
7760,90,3.0,1790,2646371.0,1240384.0,81.0
7761,108,4.0,2085,2558478.75,1166527.25,32.0
7762,125,4.0,2780,2660449.25,1233780.125,3.0
7763,99,4.0,2200,2558626.0,1203991.625,129.0
7764,86,3.0,2050,2727495.0,1269480.0,
7765,19,1.0,1200,2696598.5,1244791.75,60.0
7766,51,3.0,2150,2500384.25,1118416.5,384.0
7767,90,4.0,1450,2588234.0,1242475.75,6.0
7768,48,2.0,1400,2767620.0,1251177.0,29.0
7769,59,2.0,1450,2570417.5,1173320.125,47.0
7770,76,3.0,1502,2704880.75,1113580.5,120.0
7771,190,5.0,1700,2638052.75,1218539.125,3.0
7772,62,2.0,1980,2677517.75,1255990.25,125.0
7773,130,4.0,3554,2538586.25,1152157.75,40.0
7774,85,4.0,1440,2611807.0,1261636.0,63.0
7775,26,1.0,880,2610194.5,1268644.25,30.0
7776,90,3.0,1390,2728160.25,1256026.875,
7777,196,4.0,1900,2658400.0,1225449.5,30.0
7778,80,4.0,2145,2699014.0,1262208.625,161.0
7779,80,3.0,2000,2651891.75,1231427.375,3.0
7780,40,2.0,2100,2501565.0,1117143.625,307.0
7781,71,2.0,1115,2594791.25,1119949.75,124.0
7782,90,3.0,1810,2613717.0,1263460.375,60.0
7783,62,2.0,1203,2611887.5,1267696.0,325.0
7784,115,4.0,2020,2754605.5,1189413.625,
7785,75,3.0,1879,2633295.0,1127574.0,120.0
7787,47,2.0,3400,2680323.0,1248966.0,78.0
7789,103,4.0,1250,2739891.25,1267940.75,19.0
7790,60,2.0,1750,2641230.75,1241518.5,3.0
7791,77,4.0,1350,2662923.0,1251486.25,32.0
7792,38,1.0,625,2593223.75,1246028.875,42.0
7793,136,4.0,3820,2682395.25,1241866.875,147.0
7794,142,4.0,2650,2614273.75,1211101.25,34.0
7795,86,3.0,1590,2704643.0,1113460.125,150.0
7796,92,4.0,1490,2733789.5,1267521.75,36.0
7797,80,3.0,1300,2573735.0,1208175.75,
7799,99,3.0,2700,2561472.25,1204475.125,40.0
7800,140,4.0,4500,2500269.25,1112765.75,5.0
7801,103,4.0,1650,2619270.75,1235588.125,26.0
7802,21,1.0,980,2539513.0,1153452.875,307.0
7803,32,1.0,950,2609779.25,1224340.625,93.0
7804,96,4.0,1570,2668449.25,1261551.5,35.0
7805,90,1.0,1750,2665640.0,1258296.125,6.0
7806,63,3.0,1400,2630430.75,1242435.75,20.0
7807,120,3.0,7490,2684554.0,1246037.375,63.0
7808,27,1.0,850,2602664.5,1199199.5,
7810,64,3.0,740,2588014.75,1231439.625,25.0
7811,120,5.0,2677,2602417.0,1199462.375,89.0
7812,72,3.0,1185,2625527.0,1229716.625,62.0
7813,77,3.0,2352,2676107.75,1236367.875,
7814,52,2.0,1080,2608238.5,1267030.25,123.0
7816,64,3.0,1100,2613015.75,1258287.375,88.0
7817,85,3.0,1350,2716790.0,1095188.0,6.0
7818,79,3.0,1250,2571507.25,1181472.75,41.0
7819,66,3.0,1944,2527072.0,1151909.125,127.0
7820,65,3.0,1620,2559175.25,1203503.375,84.0
7821,85,5.0,3975,2499555.25,1115949.625,165.0
7822,80,3.0,950,2723261.25,1077514.0,85.0
7823,35,1.0,1000,2715083.25,1258212.125,26.0
7824,285,8.0,3800,2559432.5,1143123.25,41.0
7825,100,5.0,1750,2569528.25,1211183.0,24.0
7826,70,4.0,920,2552937.0,1217061.125,94.0
7827,16,1.0,758,2714969.5,1231690.375,120.0
7828,79,3.0,1670,2722734.25,1118027.625,218.0
7829,95,4.0,1170,2630440.0,1196981.875,51.0
7831,98,3.0,1740,2661944.0,1209185.75,144.0
7832,75,3.0,1050,2716231.0,1096875.875,49.0
7833,58,3.0,680,2553639.25,1217663.875,96.0
7834,120,5.0,2300,2559207.75,1166025.5,7.0
7835,45,2.0,685,2597295.25,1227595.625,111.0
7836,105,4.0,2150,2716822.75,1096562.625,115.0
7837,84,4.0,1370,2620730.0,1226312.25,38.0
7838,68,3.0,1360,2688794.25,1282424.0,81.0
7839,60,2.0,1550,2538745.0,1181577.125,92.0
7840,40,2.0,1718,2693640.0,1230083.125,11.0
7841,82,3.0,1490,2608771.75,1267440.0,107.0
7842,129,4.0,1750,2722045.5,1116508.125,61.0
7843,70,4.0,1810,2591910.0,1119193.875,116.0
7844,110,5.0,2760,2610948.75,1268166.5,59.0
7845,52,2.0,950,2579904.75,1111087.75,63.0
7846,86,4.0,2000,2700323.25,1260167.625,73.0
7847,58,2.0,1740,2535878.0,1153992.0,134.0
7848,45,1.0,1200,2610194.5,1268644.25,30.0
7849,54,2.0,1170,2612095.5,1268458.375,118.0
7850,101,4.0,1460,2723106.0,1078996.625,96.0
7852,50,2.0,1730,2537930.75,1152651.125,85.0
7853,97,4.0,3900,2503621.5,1119037.375,90.0
7854,45,2.0,1070,2721582.75,1116074.25,36.0
7855,92,3.0,2310,2687845.0,1250758.5,3.0
7856,105,4.0,2110,2627602.5,1257783.625,34.0
7857,85,3.0,1740,2703780.0,1243584.5,123.0
7858,30,1.0,950,2614302.75,1267005.375,73.0
7859,47,2.0,1465,2579669.75,1184230.125,92.0
7860,47,1.0,800,2745461.75,1268958.0,55.0
7861,96,4.0,1370,2762999.75,1257880.0,17.0
7862,71,3.0,1507,2745512.0,1253123.625,39.0
7863,126,5.0,3020,2682748.5,1264587.375,401.0
7864,122,,2250,2610128.75,1267761.625,288.0
7865,67,3.0,1681,2683912.5,1249389.75,77.0
7866,77,2.0,1720,2571694.75,1174539.625,
7867,60,3.0,1700,2559531.75,1142416.25,213.0
7869,17,1.0,700,2611287.75,1268360.375,312.0
7870,78,4.0,1305,2638104.5,1237751.75,55.0
7871,70,3.0,1200,2737985.75,1249604.375,9.0
7872,27,1.0,920,2645356.75,1248730.625,14.0
7873,50,1.0,1500,2609951.25,1267812.5,312.0
7874,64,3.0,2800,2500269.75,1118953.375,382.0
7875,95,4.0,1170,2630440.0,1196981.875,51.0
7876,105,4.0,2115,2753197.25,1261033.125,30.0
7877,62,3.0,2900,2498352.75,1118165.25,118.0
7878,30,1.0,1200,2601351.0,1199596.5,84.0
7879,84,3.0,1340,2554092.0,1218031.75,138.0
7880,92,3.0,1720,2766089.25,1253635.0,51.0
7881,26,1.0,820,2765405.0,1258102.625,55.0
7883,91,3.0,1760,2584778.25,1219220.5,83.0
7884,108,4.0,1700,2638281.5,1237552.5,24.0
7885,77,3.0,1648,2577418.75,1182798.125,272.0
7886,83,4.0,1260,2752509.25,1260650.75,150.0
7887,42,2.0,2250,2500580.25,1118807.375,515.0
7888,71,3.0,1100,2731175.0,1252734.0,107.0
7889,69,3.0,1080,2587275.5,1221656.5,170.0
7890,95,4.0,1150,2552223.25,1216117.125,238.0
7891,86,2.0,3770,2681795.0,1248108.125,199.0
7893,58,3.0,950,2704622.25,1113575.875,133.0
7894,74,3.0,1190,2625840.25,1199099.5,49.0
7895,59,2.0,1270,2608576.5,1250953.0,31.0
7896,45,2.0,1410,2611517.75,1269700.625,107.0
7897,89,4.0,1290,2746795.75,1258220.5,175.0
7898,84,3.0,1750,2719571.25,1273479.875,3.0
7899,16,1.0,850,2612444.25,1268174.75,83.0
7900,55,2.0,1050,2586076.0,1221670.375,34.0
7901,70,3.0,1200,2610150.5,1267931.875,233.0
7902,64,3.0,1790,2499895.25,1117970.25,48.0
7903,70,3.0,675,2546955.75,1211384.375,140.0
7904,93,3.0,2220,2662907.0,1209624.5,63.0
7905,86,3.0,2650,2611223.0,1268633.875,297.0
7906,28,1.0,1150,2541399.75,1150701.625,119.0
7907,84,4.0,1850,2663844.5,1255963.25,108.0
7908,106,4.0,2040,2645787.0,1246468.25,58.0
7909,45,2.0,1550,2576778.0,1184763.125,85.0
7910,29,1.0,600,2553457.0,1216850.625,132.0
7911,68,3.0,1240,2747280.5,1254927.5,174.0
7912,87,3.0,2200,2676311.5,1239210.75,123.0
7913,62,1.0,1050,2637185.75,1236856.75,102.0
7915,59,2.0,1375,2538450.0,1165643.625,107.0
7916,62,3.0,1720,2612774.5,1263890.0,132.0
7917,95,3.0,1730,2709133.25,1115327.0,82.0
7918,87,3.0,3550,2678743.75,1248984.875,193.0
7919,63,2.0,1250,2729848.75,1271276.0,18.0
7920,100,3.0,1900,2657089.0,1232308.75,8.0
7921,69,2.0,1200,2642501.25,1244486.375,15.0
7922,87,3.0,3750,2681250.25,1250245.875,70.0
7923,98,4.0,1390,2746747.5,1255486.0,107.0
7924,115,3.0,800,2574028.25,1230291.25,72.0
7925,85,3.0,1800,2641781.0,1129168.0,91.0
7926,43,1.0,1894,2531530.25,1154015.875,51.0
7927,90,3.0,1485,2673175.25,1215944.5,70.0
7928,105,3.0,2365,2686596.75,1255993.25,131.0
7929,58,2.0,750,2572412.75,1252016.375,97.0
7930,103,3.0,2270,2682820.25,1262941.875,185.0
7931,126,4.0,2100,2578412.0,1110139.625,8.0
7932,95,3.0,1500,2585533.75,1219702.875,41.0
7933,250,7.0,3800,2505425.0,1143730.0,4.0
7934,80,2.0,2690,2507489.25,1137587.5,131.0
7935,60,3.0,2700,2501270.5,1117988.25,283.0
7936,64,3.0,1900,2609279.25,1267218.0,85.0
7938,78,3.0,1510,2699813.25,1268262.25,25.0
7939,70,3.0,1400,2622109.5,1258577.5,55.0
7940,85,2.0,1421,2737908.0,1251176.25,75.0
7941,80,3.0,940,2723195.75,1077528.0,79.0
7943,65,2.0,1285,2613889.0,1192270.625,23.0
7944,85,3.0,1150,2596841.75,1226965.125,185.0
7946,36,1.0,2100,2695460.0,1260723.125,148.0
7947,45,2.0,1320,2602674.5,1199516.875,150.0
7948,985,,1457,2560472.75,1205704.375,
7949,112,4.0,1770,2577525.5,1182779.75,238.0
7950,120,4.0,900,2689612.5,1153617.0,39.0
7951,63,2.0,1560,2662413.25,1246124.125,22.0
7952,29,1.0,935,2579838.5,1185009.0,132.0
7953,88,3.0,3290,2680738.75,1249516.75,149.0
7954,85,4.0,1500,2561895.5,1185390.125,102.0
7956,70,4.0,1310,2578312.75,1183971.875,145.0
7957,100,4.0,1860,2689570.0,1253284.0,86.0
7958,40,2.0,1800,2501573.75,1116978.75,281.0
7959,90,3.0,1300,2754616.0,1259971.625,140.0
7961,45,1.0,1000,2711758.0,1175068.125,6.0
7962,84,3.0,1240,2609247.0,1227926.625,124.0
7963,97,3.0,4970,2684667.0,1246501.25,125.0
7964,44,2.0,1600,2531882.5,1155673.25,120.0
7965,72,3.0,770,2722835.25,1077192.625,124.0
7966,77,3.0,2900,2681721.25,1247946.0,377.0
7967,97,4.0,1200,2746831.75,1258781.75,45.0
7968,112,4.0,1930,2577772.0,1183030.5,
7969,80,3.0,2350,2703324.0,1112059.0,17.0
7971,86,3.0,2395,2688020.5,1250228.875,73.0
7972,80,3.0,1000,2720183.75,1101904.875,89.0
7973,44,2.0,1800,2762130.5,1176658.0,31.0
7974,69,3.0,1180,2613614.75,1267122.0,164.0
7975,34,2.0,910,2746083.5,1254625.0,116.0
7976,78,3.0,1550,2604882.0,1208198.25,138.0
7977,137,3.0,1900,2626563.25,1229238.25,10.0
7978,110,3.0,2484,2598665.0,1198088.875,89.0
7979,41,2.0,1500,2537184.0,1154081.5,49.0
7980,89,4.0,1780,2602244.25,1198810.25,170.0
7981,64,3.0,920,2554226.25,1218135.75,108.0
7982,60,3.0,2250,2499006.0,1119624.625,187.0
7983,50,2.0,1630,2556011.5,1145160.75,90.0
7984,61,2.0,1580,2610352.75,1265113.375,97.0
7986,79,3.0,1280,2747245.0,1256120.75,147.0
7987,105,4.0,2380,2730190.0,1271670.0,4.0
7989,110,5.0,1600,2748847.75,1263874.625,163.0
7990,95,3.0,2988,2611587.0,1270470.375,20.0
7991,53,3.0,1600,2539667.25,1152922.25,196.0
7992,50,2.0,1080,2604490.0,1259559.125,97.0
7993,65,2.0,940,2755958.5,1260486.375,49.0
7994,86,3.0,1890,2717780.75,1097576.625,204.0
7995,70,2.0,2490,2601463.0,1199697.375,196.0
7996,90,3.0,1688,2563478.25,1129713.875,139.0
7997,125,3.0,2180,2668487.25,1236446.5,70.0
7998,100,4.0,2050,2737403.5,1269243.375,15.0
7999,45,1.0,2610,2683025.25,1249507.0,151.0
8000,43,1.0,3960,2681747.75,1247277.0,234.0
8002,53,2.0,1370,2612185.75,1268534.375,232.0
8003,102,3.0,1930,2665604.75,1250302.875,109.0
8004,67,2.0,1400,2744829.0,1269827.375,28.0
8005,124,4.0,4200,2500614.75,1116952.875,35.0
8006,51,2.0,2820,2684023.5,1246289.625,114.0
8007,55,2.0,1400,2783411.25,1187337.25,73.0
8008,110,3.0,1455,2587259.25,1210258.25,71.0
8009,50,2.0,1200,2721360.75,1078132.375,18.0
8011,90,3.0,1390,2553014.75,1216548.625,94.0
8012,35,1.0,885,2613863.25,1210572.5,114.0
8013,135,5.0,1350,2626750.75,1226531.75,89.0
8014,70,3.0,1100,2581485.5,1202654.875,72.0
8015,95,3.0,1700,2588237.5,1221566.625,185.0
8016,76,3.0,2190,2665273.25,1211599.125,87.0
8017,30,2.0,1220,2738980.25,1249287.75,103.0
8018,68,3.0,1940,2498352.75,1118165.25,118.0
8019,107,5.0,3100,2499712.25,1116994.0,369.0
8020,135,4.0,2600,2663615.5,1208251.0,5.0
8021,115,4.0,2250,2610871.75,1266891.125,104.0
8022,89,3.0,5500,2681784.5,1225792.875,50.0
8023,55,2.0,1890,2682839.75,1205197.25,25.0
8024,84,4.0,1440,2642696.25,1247095.5,27.0
8025,109,3.0,1950,2714531.25,1093306.875,47.0
8026,27,1.0,1000,2588767.0,1114765.25,22.0
8027,83,4.0,2500,2697174.25,1236777.5,24.0
8028,206,4.0,2500,2564898.25,1197051.75,11.0
8029,73,2.0,1900,2676618.0,1238613.0,44.0
8030,65,2.0,1100,2717405.0,1096732.625,110.0
8031,43,2.0,695,2553534.25,1216791.625,93.0
8032,27,1.0,1304,2533761.25,1155630.5,130.0
8033,22,1.0,1650,2673491.5,1251312.875,
8034,50,2.0,925,2554431.5,1218203.25,81.0
8035,65,2.0,1950,2714581.75,1092759.625,9.0
8036,36,1.0,1140,2634895.0,1242020.0,104.0
8037,48,2.0,1550,2717510.5,1096848.5,89.0
8038,74,4.0,2755,2498352.75,1118165.25,118.0
8039,80,3.0,1970,2679777.25,1259531.875,208.0
8040,104,4.0,1650,2676098.0,1260109.375,62.0
8042,30,1.0,2500,2682217.75,1226466.0,15.0
8043,68,3.0,1680,2576778.0,1184763.125,85.0
8044,88,3.0,1395,2553825.25,1199653.75,78.0
8045,99,3.0,2200,2746781.5,1259180.0,61.0
8046,59,2.0,1350,2746006.25,1254976.625,53.0
8047,95,4.0,1995,2625540.0,1199264.0,70.0
8048,80,3.0,1100,2596194.75,1227965.375,37.0
8049,20,1.0,1050,2690558.25,1209381.5,123.0
8050,70,3.0,2801,2684334.25,1251081.625,111.0
8051,70,3.0,2500,2499313.0,1119031.25,566.0
8052,77,3.0,1560,2616060.5,1270958.0,43.0
8053,109,3.0,3690,2604730.0,1129117.875,29.0
8054,135,3.0,2000,2581934.75,1218657.5,23.0
8056,50,2.0,1160,2642972.5,1130613.25,145.0
8057,84,4.0,2450,2500090.75,1116938.25,440.0
8058,35,2.0,770,2720383.25,1080997.5,82.0
8059,85,3.0,1500,2642934.0,1246549.75,29.0
8060,92,2.0,1870,2711274.75,1115298.375,46.0
8061,130,3.0,1300,2555917.75,1215276.875,
8062,79,3.0,2100,2539778.25,1154494.375,358.0
8063,76,3.0,1350,2655638.25,1250615.0,38.0
8064,78,3.0,1480,2626806.0,1267244.5,83.0
8065,53,2.0,1520,2612807.5,1266059.125,294.0
8066,54,3.0,1980,2666454.0,1209575.625,130.0
8067,90,3.0,1780,2657746.5,1254889.0,121.0
8068,85,3.0,1580,2666437.75,1239437.375,116.0
8069,82,4.0,1460,2589522.5,1213980.375,63.0
8071,111,4.0,1770,2748842.5,1264033.375,110.0
8072,90,4.0,1650,2609020.5,1267354.0,113.0
8073,55,2.0,1490,2646949.75,1249189.0,137.0
8074,65,3.0,1460,2610097.0,1263740.75,91.0
8075,142,4.0,2650,2614273.75,1211101.25,34.0
8076,164,6.0,7000,2500233.25,1124523.125,33.0
8077,137,6.0,4880,2502197.0,1125783.75,52.0
8078,85,3.0,1550,2689597.25,1246368.875,40.0
8079,105,4.0,1690,2728109.0,1255257.375,101.0
8080,64,2.0,1510,2686573.5,1235593.625,48.0
8081,102,2.0,4850,2680906.25,1249506.375,79.0
8083,58,2.0,1200,2595503.0,1226259.0,167.0
8084,95,3.0,1494,2596683.5,1227366.0,124.0
8085,58,2.0,660,2594596.75,1236370.125,61.0
8086,71,3.0,1150,2596912.0,1226977.125,133.0
8087,102,5.0,1890,2578317.5,1184540.25,
8088,92,3.0,2900,2545700.0,1150900.0,4.0
8089,58,2.0,1290,2560109.25,1204587.125,153.0
8090,90,2.0,2940,2610837.75,1268301.75,98.0
8091,66,2.0,1500,2719037.0,1096512.125,29.0
8092,45,2.0,1100,2747372.25,1255762.375,78.0
8093,126,3.0,4200,2611184.0,1264998.125,70.0
8094,79,4.0,1450,2690459.0,1283426.0,92.0
8096,143,6.0,3350,2699778.25,1262609.25,97.0
8097,89,4.0,1780,2602244.25,1198810.25,170.0
8098,120,4.0,1650,2720890.25,1104352.75,30.0
8099,65,3.0,1900,2560787.0,1140921.5,90.0
8100,57,2.0,1040,2616849.5,1270881.125,59.0
8101,85,4.0,1870,2598869.25,1197483.5,116.0
8102,86,5.0,1050,2592019.5,1232093.125,20.0
8103,59,2.0,1900,2716914.25,1096364.875,49.0
8104,32,1.0,680,2719200.0,1080175.5,74.0
8106,159,5.0,2750,2610435.5,1233849.0,27.0
8107,80,3.0,1900,2717095.0,1102166.0,54.0
8108,120,4.0,2000,2718640.75,1090229.375,18.0
8109,95,3.0,2500,2604138.75,1187428.875,3.0
8110,141,5.0,3500,2525513.25,1153091.5,13.0
8111,15,1.0,650,2719754.0,1080954.25,105.0
8112,76,3.0,1860,2612020.25,1258784.375,89.0
8113,71,3.0,1475,2718137.0,1096740.625,134.0
8114,65,4.0,2117,2499613.5,1116505.5,126.0
8115,209,5.0,2450,2748310.75,1255325.375,24.0
8116,76,2.0,2620,2720378.25,1101413.125,32.0
8117,69,2.0,1490,2738682.25,1267800.5,12.0
8118,36,1.0,1150,2748048.5,1255708.875,121.0
8119,97,4.0,2200,2604440.25,1207666.625,9.0
8120,109,4.0,2630,2701102.0,1247303.5,52.0
8121,120,4.0,1690,2593057.25,1245511.25,118.0
8122,47,2.0,1075,2560078.5,1204759.5,134.0
8123,55,2.0,1150,2683109.75,1205413.875,
8124,160,4.0,2050,2589148.25,1216862.75,62.0
8125,75,3.0,1255,2586557.0,1220169.875,60.0
8126,29,1.0,584,2614835.0,1264453.0,119.0
8127,58,3.0,1550,2539345.0,1154101.25,82.0
8128,101,6.0,4446,2500614.25,1118652.25,483.0
8129,80,3.0,890,2553001.25,1216056.0,60.0
8130,26,1.0,1130,2610636.25,1266467.5,68.0
8131,129,4.0,2250,2627245.0,1240873.625,55.0
8132,65,3.0,1360,2722918.0,1117858.375,163.0
8133,110,4.0,2100,2713075.75,1095019.125,11.0
8134,25,1.0,1500,2542184.0,1156347.375,64.0
8136,56,3.0,910,2586457.75,1220454.25,132.0
8137,75,4.0,1150,2765473.75,1253438.375,161.0
8138,94,3.0,3300,2515662.75,1146235.125,104.0
8139,137,4.0,1900,2587357.75,1221687.0,225.0
8140,125,4.0,2100,2579519.5,1111262.25,62.0
8141,110,4.0,1540,2730415.5,1278831.75,10.0
8142,100,4.0,1600,2692529.0,1192429.25,92.0
8143,56,3.0,2355,2499524.75,1118478.375,443.0
8144,55,3.0,925,2555430.5,1199328.25,56.0
8145,106,3.0,1871,2689344.0,1249965.625,88.0
8147,33,1.0,850,2549694.75,1157688.375,55.0
8148,49,2.0,1248,2610712.5,1266179.75,136.0
8149,90,3.0,1425,2613905.75,1210616.875,93.0
8150,77,2.0,1500,2545159.0,1189035.5,38.0
8151,95,4.0,1780,2753257.25,1174539.5,84.0
8152,26,1.0,775,2596643.5,1227283.125,171.0
8153,51,2.0,1320,2745373.25,1253956.875,98.0
8154,66,3.0,2650,2679400.5,1251245.875,129.0
8155,100,3.0,4950,2681703.25,1247282.125,234.0
8156,20,1.0,1006,2537445.25,1153060.0,457.0
8157,108,4.0,2100,2748181.5,1254016.0,3.0
8158,96,4.0,1990,2603895.0,1198170.25,164.0
8159,18,1.0,1100,2684114.5,1247122.0,143.0
8160,53,2.0,1430,2695898.0,1245585.375,38.0
8161,92,4.0,1545,2640951.75,1244980.125,61.0
8162,32,1.0,775,2642014.0,1245588.625,63.0
8163,28,1.0,820,2579542.25,1184041.5,40.0
8164,68,2.0,2200,2683384.0,1253733.25,250.0
8165,65,2.0,1610,2561692.0,1204984.75,99.0
8166,87,3.0,1530,2596239.5,1227541.375,59.0
8167,79,3.0,1700,2598172.5,1195444.0,78.0
8168,87,3.0,1890,2589112.5,1118750.125,39.0
8169,102,4.0,1000,2712963.25,1137695.125,43.0
8170,66,3.0,1316,2562471.0,1205721.875,101.0
8171,196,4.0,1900,2658340.25,1226359.5,6.0
8172,60,3.0,900,2718065.75,1133949.125,71.0
8173,85,2.0,1250,2595857.25,1245446.375,75.0
8174,109,4.0,2400,2612202.0,1258735.375,102.0
8175,75,3.0,1437,2610235.25,1267751.375,102.0
8176,90,3.0,1680,2585350.75,1220277.0,253.0
8177,62,2.0,1200,2595768.25,1119830.125,115.0
8178,50,2.0,1900,2507865.0,1144215.0,
8179,61,2.0,1097,2592681.0,1246113.25,33.0
8180,77,4.0,1620,2620085.25,1263507.375,48.0
8181,36,2.0,770,2721629.0,1256638.0,95.0
8182,44,2.0,1005,2753520.5,1188962.5,97.0
8183,133,5.0,2051,2662829.75,1229326.25,31.0
8184,68,2.0,1650,2747468.25,1255149.5,92.0
8185,87,2.0,1620,2642207.0,1130180.0,88.0
8186,65,3.0,1100,2611267.25,1226184.0,42.0
8187,60,2.0,2000,2601395.5,1200665.25,166.0
8188,49,2.0,1090,2553702.75,1216992.75,105.0
8189,62,2.0,1250,2765706.0,1252913.875,165.0
8190,73,3.0,1560,2613657.25,1264575.5,
8191,17,1.0,650,2739249.75,1186194.75,13.0
8192,68,3.0,1865,2576778.0,1184763.125,85.0
8193,47,2.0,900,2761090.25,1254294.125,11.0
8194,50,2.0,1430,2610530.75,1267984.25,189.0
8195,41,2.0,1150,2579867.5,1116024.375,7.0
8196,42,2.0,860,2685104.0,1283740.875,86.0
8197,39,2.0,1430,2619287.5,1263920.75,128.0
8198,42,1.0,940,2661461.5,1269606.375,69.0
8199,55,2.0,1450,2530557.0,1174845.875,37.0
8200,89,3.0,1390,2663366.5,1244490.625,109.0
8201,100,4.0,1980,2614316.0,1142324.0,
8202,105,4.0,1600,2715028.0,1108589.875,124.0
8203,93,3.0,1900,2550580.0,1163675.0,19.0
8204,151,5.0,2190,2590916.5,1243321.75,93.0
8205,59,2.0,1200,2665543.75,1258203.375,25.0
8206,80,4.0,1500,2731373.5,1240280.25,23.0
8207,160,6.0,2250,2553608.75,1218896.125,
8208,88,3.0,2085,2694719.5,1264221.25,39.0
8209,48,2.0,1590,2717510.5,1096848.5,89.0
8210,88,3.0,1580,2656451.75,1232980.75,136.0
8211,111,3.0,1540,2568071.0,1176383.75,39.0
8212,80,3.0,1950,2571073.5,1162365.25,59.0
8213,111,3.0,1950,2619982.0,1253258.75,26.0
8214,73,2.0,2515,2696109.5,1245812.625,140.0
8215,90,3.0,2780,2536191.5,1153868.75,175.0
8216,48,2.0,2745,2681679.0,1246860.875,186.0
8217,80,2.0,2340,2681588.0,1253222.125,79.0
8218,60,2.0,1380,2565440.0,1192639.375,
8219,80,4.0,1400,2678319.5,1243051.5,64.0
8220,83,3.0,960,2732921.0,1248661.625,34.0
8221,60,2.0,1610,2661585.75,1194115.375,86.0
8222,57,2.0,1400,2752608.0,1213134.0,31.0
8223,70,2.0,2290,2563955.75,1206055.125,
8224,25,1.0,1050,2535972.0,1157261.5,77.0
8225,33,1.0,1570,2673531.5,1253172.125,5.0
8226,315,7.0,10000,2498352.75,1118165.25,118.0
8227,195,6.0,5960,2679176.0,1235642.125,62.0
8228,65,2.0,1950,2666067.5,1212529.625,197.0
8229,97,3.0,2250,2559553.0,1143189.375,98.0
8230,48,2.0,1300,2663718.25,1213934.375,186.0
8231,78,4.0,730,2547334.0,1211777.625,50.0
8232,80,3.0,1121,2697658.0,1233379.75,94.0
8233,34,1.0,900,2613715.25,1249250.625,25.0
8236,102,4.0,3800,2552686.0,1146811.125,41.0
8237,50,2.0,3145,2683665.5,1249562.625,67.0
8238,53,3.0,570,2547422.75,1212114.375,12.0
8239,55,2.0,1500,2689787.75,1254862.875,101.0
8241,81,2.0,3280,2682069.0,1245657.25,24.0
8242,118,5.0,2050,2598303.5,1197375.875,102.0
8243,50,2.0,1400,2614336.5,1175711.875,44.0
8244,71,3.0,1610,2754641.0,1224872.375,164.0
8245,27,1.0,900,2602600.0,1199436.5,174.0
8246,47,2.0,790,2741814.5,1217919.875,12.0
8247,75,3.0,1910,2594953.25,1197283.875,61.0
8248,55,2.0,1000,2709895.75,1096761.25,13.0
8249,64,3.0,990,2528503.5,1186248.125,70.0
8250,44,1.0,1260,2615917.25,1270270.0,54.0
8251,133,4.0,2050,2642080.0,1130306.0,147.0
8252,92,3.0,748,2552933.75,1216334.75,60.0
8253,70,3.0,1850,2619416.0,1167702.125,
8254,90,3.0,3700,2500125.5,1117607.375,192.0
8255,87,3.0,1220,2755664.75,1259918.375,91.0
8256,137,4.0,3680,2708409.0,1111187.625,31.0
8257,68,3.0,1090,2747313.5,1256028.875,136.0
8258,65,3.0,950,2552807.5,1216357.125,66.0
8259,120,4.0,2300,2754952.25,1224324.625,97.0
8260,70,3.0,1600,2716805.0,1096676.0,90.0
8261,81,4.0,1600,2650955.0,1224120.875,
8262,90,2.0,1520,2595538.25,1120002.375,140.0
8263,74,3.0,1220,2731325.5,1277920.5,117.0
8264,34,2.0,940,2621936.25,1260172.0,105.0
8265,60,3.0,2329,2499313.0,1119031.25,566.0
8266,50,2.0,980,2635404.25,1242865.875,58.0
8267,60,2.0,1950,2716072.0,1094584.125,69.0
8268,39,2.0,1395,2747095.5,1255910.375,58.0
8269,50,2.0,1300,2717780.75,1097576.625,204.0
8270,100,4.0,1390,2719520.25,1081056.125,83.0
8271,35,1.0,885,2613879.75,1210603.125,149.0
8272,80,4.0,1930,2598300.0,1195444.0,8.0
8273,73,3.0,1500,2608619.75,1261303.0,11.0
8274,90,3.0,3100,2685709.5,1242957.25,17.0
8275,70,2.0,1650,2525155.0,1171808.125,52.0
8276,40,2.0,930,2763226.75,1257808.25,30.0
8277,97,3.0,2310,2727759.25,1255319.5,134.0
8278,86,3.0,3200,2499080.5,1120116.875,134.0
8279,87,3.0,2650,2706206.0,1239780.0,52.0
8280,57,2.0,600,2547511.75,1211939.875,118.0
8281,152,5.0,1210,2583788.0,1239142.125,34.0
8282,26,1.0,770,2539836.25,1153556.0,142.0
8283,155,6.0,4650,2499563.5,1115723.625,197.0
8284,93,3.0,1990,2585593.25,1220400.375,33.0
8285,85,4.0,1100,2566251.25,1233927.0,35.0
8286,85,4.0,1690,2609279.25,1267218.0,85.0
8287,68,3.0,980,2619999.0,1240870.75,60.0
8288,38,2.0,1150,2699224.0,1110865.0,11.0
8289,63,2.0,1330,2727149.5,1254661.625,60.0
8290,80,4.0,1100,2753979.25,1260808.875,36.0
8291,80,4.0,1400,2718695.25,1080975.5,42.0
8293,28,2.0,2200,2681909.5,1247447.25,181.0
8294,34,1.0,860,2619315.75,1239406.375,19.0
8295,80,4.0,670,2600087.0,1236838.875,14.0
8296,47,2.0,790,2741814.5,1217919.875,12.0
8298,77,3.0,2140,2561570.5,1204819.375,35.0
8299,69,3.0,1500,2722146.0,1221255.0,3.0
8300,98,4.0,1590,2621300.5,1237605.0,108.0
8301,132,5.0,6190,2500380.25,1118128.375,14.0
8302,78,2.0,1350,2601806.0,1196796.125,192.0
8303,21,1.0,1100,2538568.5,1152706.5,229.0
8304,38,2.0,1070,2657264.5,1234884.0,27.0
8305,64,2.0,2950,2682431.25,1251513.25,70.0
8306,90,3.0,1998,2628569.25,1258959.875,
8307,59,2.0,1370,2604039.5,1200845.625,186.0
8308,124,4.0,1630,2553559.5,1216917.75,260.0
8309,45,2.0,4500,2681067.0,1249932.0,80.0
8310,56,2.0,1200,2702982.0,1112459.375,142.0
8311,58,2.0,1260,2587678.25,1221515.625,138.0
8312,52,2.0,1890,2538320.5,1152344.0,23.0
8313,51,2.0,1260,2713968.75,1231654.625,73.0
8314,79,2.0,1775,2734854.5,1182094.0,71.0
8315,64,2.0,1237,2748841.25,1256496.625,70.0
8316,74,4.0,850,2596688.0,1226021.125,51.0
8317,84,3.0,1485,2594994.0,1236449.625,88.0
8318,18,1.0,760,2538442.0,1152488.75,177.0
8319,101,4.0,1850,2753828.75,1226711.75,92.0
8320,128,5.0,3540,2704480.75,1231668.125,158.0
8321,62,3.0,1240,2586113.5,1118122.125,37.0
8322,66,2.0,1250,2736504.75,1260353.0,59.0
8323,47,2.0,1460,2613757.0,1266551.75,143.0
8324,111,1.0,2520,2684360.0,1251991.375,154.0
8325,170,5.0,2600,2592975.25,1225127.375,55.0
8326,89,3.0,1990,2727662.75,1255874.125,109.0
8327,80,3.0,1340,2558604.5,1226356.875,3.0
8328,122,3.0,2350,2723983.0,1211295.0,105.0
8329,181,7.0,2900,2623249.0,1259200.25,55.0
8330,63,3.0,1440,2539468.75,1180851.75,81.0
8331,124,4.0,1260,2628849.5,1231931.75,20.0
8332,70,3.0,1270,2573454.0,1212411.5,34.0
8333,70,2.0,1250,2585172.5,1221089.25,7.0
8334,87,3.0,1360,2755480.0,1221718.75,33.0
8335,80,3.0,1720,2630002.0,1242203.5,29.0
8336,65,3.0,1050,2554146.5,1216942.5,84.0
8337,40,1.0,620,2731446.75,1267303.125,11.0
8338,65,2.0,1610,2561692.0,1204984.75,99.0
8339,32,1.0,1020,2589344.75,1118983.125,146.0
8340,81,3.0,1240,2594437.5,1236723.5,13.0
8341,79,3.0,2868,2602692.0,1198710.5,23.0
8342,30,1.0,1138,2738739.5,1274476.875,22.0
8343,115,4.0,2350,2601455.75,1205523.625,25.0
8344,65,2.0,2110,2682518.5,1241831.5,121.0
8345,58,2.0,1070,2723997.5,1076896.625,9.0
8346,16,1.0,942,2664253.25,1213834.5,149.0
8347,94,3.0,1500,2595339.0,1155656.0,
8348,60,2.0,1400,2723242.25,1118114.25,38.0
8349,89,3.0,1800,2542242.75,1181489.875,3.0
8350,50,2.0,830,2755385.5,1204525.375,8.0
8351,100,4.0,1750,2720729.0,1096698.875,
8353,48,2.0,1300,2611531.75,1268711.875,297.0
8354,50,2.0,810,2554320.75,1216669.5,87.0
8355,95,3.0,2600,2684668.25,1253067.875,143.0
8356,39,1.0,830,2559175.25,1203503.375,84.0
8357,28,1.0,2000,2609739.5,1266570.625,91.0
8358,53,2.0,1250,2565440.0,1192639.375,
8359,34,1.0,1080,2765043.5,1253553.5,90.0
8360,84,3.0,1610,2630442.25,1269583.0,19.0
8361,65,2.0,1690,2603294.5,1203043.375,40.0
8362,43,2.0,1350,2576778.0,1184763.125,85.0
8363,170,5.0,3900,2785674.5,1195260.0,16.0
8364,70,3.0,1190,2558807.5,1204146.5,81.0
8366,60,2.0,1220,2721384.75,1258197.875,55.0
8367,66,2.0,1270,2589247.5,1193806.75,84.0
8368,87,3.0,1740,2642166.75,1256644.875,6.0
8369,48,3.0,1300,2702422.5,1113700.75,65.0
8370,31,1.0,910,2710446.25,1115303.375,105.0
8371,139,2.0,2700,2760773.25,1189216.625,4.0
8372,160,6.0,4540,2611734.0,1268036.5,102.0
8373,61,2.0,1520,2624292.5,1257821.75,72.0
8374,79,4.0,1370,2736733.75,1252719.0,34.0
8375,107,5.0,2400,2558387.0,1204321.625,107.0
8376,11,1.0,800,2602677.5,1127585.875,51.0
8377,99,4.0,1480,2634585.75,1126948.125,157.0
8378,71,1.0,1015,2632380.75,1242992.875,80.0
8379,54,2.0,1460,2626792.5,1267211.0,125.0
8380,125,5.0,3200,2628182.75,1256680.75,93.0
8381,100,4.0,1930,2722065.5,1258317.625,47.0
8382,75,2.0,1350,2723372.0,1077990.5,47.0
8383,96,5.0,1730,2753959.0,1226138.875,10.0
8384,81,4.0,1450,2744079.0,1255662.75,42.0
8385,110,4.0,1300,2699740.5,1115752.5,46.0
8386,128,4.0,2450,2509500.25,1142010.75,209.0
8387,59,2.0,1430,2577985.25,1185522.25,65.0
8388,100,3.0,3000,2543390.0,1151950.0,35.0
8390,71,2.0,1600,2687879.0,1245064.75,19.0
8391,61,2.0,1680,2535645.5,1152254.125,334.0
8392,66,2.0,1370,2727287.0,1254821.5,82.0
8393,48,2.0,1420,2537497.75,1154634.25,194.0
8394,44,2.0,1870,2600835.75,1199767.25,299.0
8395,106,5.0,2430,2527350.0,1152000.0,23.0
8396,25,2.0,1290,2695078.0,1245010.625,119.0
8397,100,4.0,1840,2614345.5,1178172.25,103.0
8398,49,2.0,1110,2606940.0,1126232.0,96.0
8399,70,4.0,1590,2706929.25,1236042.875,37.0
8401,105,4.0,2075,2707107.25,1232068.0,57.0
8402,111,4.0,2035,2710730.5,1269152.25,22.0
8403,158,4.0,5400,2503014.0,1117875.375,166.0
8404,75,3.0,1680,2614171.5,1266377.375,113.0
8405,90,3.0,1580,2613701.5,1263607.875,
8406,90,3.0,1980,2655480.25,1185156.25,
8407,81,3.0,1480,2598484.5,1227614.0,74.0
8408,115,4.0,2300,2579669.75,1184230.125,92.0
8409,102,4.0,3450,2501410.0,1115208.625,
8410,130,4.0,2300,2590547.75,1121864.625,40.0
8411,23,1.0,1860,2500948.0,1117400.125,110.0
8412,55,2.0,990,2610085.5,1267541.875,211.0
8413,100,3.0,1650,2575518.75,1182209.125,14.0
8414,107,5.0,2480,2555983.75,1144694.625,101.0
8415,114,4.0,1967,2558531.5,1204298.625,81.0
8416,73,4.0,1590,2562328.25,1185947.375,114.0
8418,66,3.0,1400,2597779.5,1199165.875,45.0
8419,63,2.0,950,2553803.0,1200600.375,282.0
8420,38,1.0,1610,2685488.75,1238515.5,146.0
8421,170,5.0,2450,2717574.75,1259622.75,62.0
8422,72,3.0,1150,2718765.0,1129131.0,23.0
8423,40,2.0,850,2709627.75,1115441.5,80.0
8424,115,4.0,1950,2723463.25,1246495.625,46.0
8425,90,3.0,1300,2566738.25,1222411.125,123.0
8426,65,2.0,940,2761215.0,1260514.125,37.0
8427,90,3.0,5400,2703324.0,1112059.0,17.0
8428,50,2.0,1050,2714319.25,1176164.5,22.0
8429,81,3.0,1400,2746618.5,1254444.0,231.0
8430,76,3.0,2720,2697307.5,1261811.75,46.0
8431,60,3.0,830,2754165.75,1260358.0,76.0
8432,70,2.0,1200,2593772.25,1120076.125,45.0
8433,48,3.0,1390,2563033.25,1129885.125,119.0
8434,66,3.0,1735,2579669.75,1184230.125,92.0
8435,40,1.0,1688,2692034.0,1229381.0,3.0
8436,108,4.0,2130,2696151.0,1269956.375,50.0
8437,180,6.0,4997,2604138.75,1187428.875,3.0
8438,96,4.0,1670,2669485.0,1255032.5,72.0
8439,85,3.0,1445,2558332.0,1178934.5,64.0
8440,94,4.0,1450,2748244.0,1256326.75,97.0
8441,124,4.0,2055,2722367.5,1258374.25,173.0
8442,25,1.0,750,2629461.75,1260455.0,32.0
8443,103,4.0,950,2566751.25,1249200.375,
8444,81,2.0,3700,2681027.5,1247158.125,283.0
8445,147,5.0,3660,2602884.0,1200416.25,
8447,80,4.0,1086,2739921.75,1250399.0,101.0
8448,120,4.0,2900,2527134.5,1152139.875,31.0
8449,86,3.0,1690,2606290.5,1126330.875,96.0
8450,97,4.0,2380,2665675.0,1211143.75,152.0
8451,84,4.0,1510,2726428.25,1269671.625,197.0
8452,80,3.0,1190,2718153.25,1135012.875,
8453,42,3.0,1832,2500224.25,1118679.125,351.0
8455,68,3.0,1900,2555266.25,1136873.875,10.0
8456,59,2.0,1250,2630034.75,1234549.25,42.0
8457,80,3.0,2600,2680681.25,1262392.375,25.0
8458,60,3.0,2100,2499313.0,1119031.25,566.0
8459,60,2.0,1050,2689786.0,1153724.75,78.0
8460,50,2.0,1250,2560125.0,1204717.625,70.0
8461,91,3.0,1550,2614660.0,1136928.875,15.0
8462,128,3.0,2700,2559432.5,1143123.25,41.0
8463,33,1.0,2900,2499433.5,1116164.625,381.0
8464,62,3.0,1230,2563351.0,1206007.875,32.0
8465,51,2.0,1330,2620337.0,1263544.25,200.0
8466,50,2.0,625,2548057.5,1211451.125,68.0
8467,24,1.0,1503,2496897.25,1119501.375,
8468,30,1.0,800,2781804.0,1185270.375,17.0
8469,88,4.0,1670,2743913.5,1217292.375,29.0
8471,76,3.0,1870,2612032.25,1266707.625,50.0
8472,48,2.0,1695,2538329.75,1152377.25,23.0
8473,58,2.0,2680,2679025.25,1248576.5,54.0
8474,41,1.0,1400,2660886.0,1244376.125,82.0
8475,85,3.0,2045,2507587.25,1138630.0,135.0
8477,106,3.0,1980,2686387.75,1264139.625,42.0
8478,70,2.0,1340,2634642.0,1216098.375,
8479,49,2.0,1515,2717580.0,1259827.0,94.0
8480,132,4.0,2410,2635382.0,1239632.375,8.0
8481,60,2.0,1250,2531708.5,1151740.125,116.0
8482,89,3.0,1325,2613697.25,1263534.875,183.0
8483,62,2.0,1550,2616761.75,1263877.75,117.0
8484,82,2.0,1140,2756007.75,1259866.25,25.0
8485,129,4.0,1750,2562054.0,1124560.625,95.0
8486,55,2.0,1100,2734999.0,1276697.0,7.0
8487,55,2.0,885,2574125.25,1161402.625,15.0
8488,93,3.0,2830,2542060.25,1150448.75,117.0
8489,109,4.0,2900,2602692.0,1198710.5,23.0
8490,73,4.0,2112,2496373.25,1112714.75,37.0
8491,80,3.0,1320,2706466.0,1114912.25,106.0
8492,115,4.0,1990,2753359.25,1260701.0,86.0
8493,106,3.0,2200,2752185.75,1212407.375,30.0
8494,84,3.0,1430,2581594.75,1189312.125,28.0
8495,87,3.0,2175,2759838.75,1190802.375,106.0
8496,40,2.0,1150,2747383.5,1255368.75,124.0
8497,105,4.0,1610,2626930.0,1240467.125,6.0
8498,70,3.0,1260,2585404.0,1219237.75,88.0
8499,50,2.0,1230,2615244.25,1269221.125,87.0
8500,91,3.0,1140,2635175.75,1251959.125,47.0
8501,32,1.0,1160,2704926.0,1113692.25,269.0
8502,50,2.0,1200,2647039.0,1225840.375,23.0
8503,52,3.0,1480,2740970.25,1217032.625,3.0
8504,84,3.0,1400,2719952.0,1259960.625,126.0
8505,104,4.0,1620,2685773.25,1265390.125,120.0
8506,75,3.0,1990,2717142.0,1279937.25,
8507,100,4.0,1730,2662184.75,1260775.5,195.0
8508,99,4.0,1510,2714745.25,1109245.875,95.0
8509,85,3.0,1499,2614860.75,1268445.625,49.0
8511,92,3.0,1495,2595096.25,1226303.5,
8512,64,3.0,1540,2608192.25,1261232.5,116.0
8513,107,4.0,1950,2590510.0,1213795.0,49.0
8514,69,2.0,1500,2601453.0,1200427.25,168.0
8515,75,3.0,1600,2818550.0,1187007.5,29.0
8516,42,1.0,1522,2702727.0,1242403.625,232.0
8517,95,3.0,1650,2531215.0,1175330.0,5.0
8518,61,3.0,1500,2613019.75,1263830.125,41.0
8519,120,4.0,10714,2602402.5,1127692.375,27.0
8520,230,5.0,5500,2500339.25,1115618.75,246.0
8522,146,5.0,5600,2498352.75,1118165.25,118.0
8523,150,6.0,5300,2504357.5,1116484.125,119.0
8524,90,3.0,2680,2691660.75,1233335.875,
8526,99,2.0,3930,2686054.5,1245325.0,91.0
8527,120,3.0,4100,2682371.25,1251517.625,64.0
8530,15,1.0,1000,2696389.5,1262294.25,89.0
8531,102,4.0,2135,2575083.25,1182450.75,79.0
8532,64,2.0,1340,2755326.25,1221494.625,62.0
8533,104,4.0,1950,2745873.75,1254064.25,27.0
8534,77,3.0,1950,2554018.5,1146007.25,187.0
8535,61,3.0,2090,2680265.75,1247493.125,163.0
8536,17,1.0,700,2622354.5,1259498.625,169.0
8537,215,4.0,6500,2714531.25,1093306.875,47.0
8538,40,2.0,1410,2496799.25,1119122.75,
8539,43,2.0,1340,2576778.0,1184763.125,85.0
8540,48,1.0,1140,2746747.5,1255486.0,107.0
8541,110,4.0,2300,2668735.25,1231459.5,19.0
8542,71,3.0,1510,2578020.0,1183401.25,63.0
8543,125,4.0,2030,2701217.5,1262269.75,64.0
8544,120,4.0,4250,2536025.0,1157074.0,30.0
8545,51,2.0,760,2552807.5,1216357.125,66.0
8547,55,2.0,1090,2722604.5,1118136.125,89.0
8548,104,4.0,3000,2665312.25,1211487.125,206.0
8549,87,4.0,1210,2585098.25,1226974.75,55.0
8550,62,2.0,1000,2552857.0,1216221.0,114.0
8551,25,1.0,1681,2499758.25,1117437.125,195.0
8552,80,3.0,2450,2525413.5,1151287.5,38.0
8553,109,4.0,2660,2662652.0,1211215.125,141.0
8554,38,1.0,1310,2610229.25,1268733.125,259.0
8555,35,2.0,1170,2664442.5,1212145.125,29.0
8556,154,6.0,5000,2500285.0,1118981.625,382.0
8557,75,2.0,1280,2593529.5,1245797.25,16.0
8558,71,4.0,1240,2746747.5,1255486.0,107.0
8559,140,5.0,3000,2553563.75,1147451.0,37.0
8560,91,3.0,1290,2723106.0,1078996.625,96.0
8561,97,3.0,1800,2518427.0,1173989.125,52.0
8562,57,2.0,1210,2668256.25,1236400.375,22.0
8563,77,2.0,1750,2635037.75,1245565.125,55.0
8565,83,2.0,3000,2685266.25,1252152.625,146.0
8566,62,3.0,980,2552044.5,1215956.625,141.0
8567,33,1.0,790,2730858.25,1278506.375,62.0
8568,63,3.0,1450,2612708.5,1263802.25,132.0
8569,75,3.0,1370,2706362.0,1114651.0,95.0
8570,45,3.0,980,2699549.75,1111123.875,39.0
8571,78,3.0,1070,2616412.25,1207369.875,36.0
8572,26,1.0,840,2561247.0,1204382.125,27.0
8573,85,3.0,755,2546685.0,1211038.625,56.0
8574,72,2.0,1345,2635676.5,1243542.0,62.0
8575,60,3.0,1200,2612825.0,1239750.0,10.0
8576,20,2.0,1200,2556889.0,1203495.0,54.0
8577,70,4.0,1000,2572763.0,1250771.0,3.0
8578,102,4.0,1590,2561174.75,1204698.5,183.0
8579,48,2.0,980,2592725.75,1246010.625,123.0
8581,43,2.0,1000,2754235.0,1260761.75,121.0
8582,90,3.0,1090,2706620.25,1279885.375,112.0
8583,48,2.0,1800,2666357.5,1208048.625,152.0
8584,61,3.0,2750,2536471.75,1152372.75,57.0
8585,45,2.0,1175,2536372.75,1153993.5,242.0
8587,68,3.0,1250,2590420.0,1213245.625,81.0
8588,14,1.0,950,2696052.0,1261313.625,18.0
8589,55,2.0,1240,2653416.0,1254360.375,44.0
8590,24,1.0,800,2610428.0,1268344.5,283.0
8591,122,4.0,3100,2538271.25,1154304.5,270.0
8592,89,3.0,1330,2559077.5,1203899.375,109.0
8593,56,2.0,1180,2620246.75,1263506.875,86.0
8595,60,2.0,1100,2719410.5,1100510.0,26.0
8596,64,3.0,1600,2537930.75,1153635.625,287.0
8597,40,2.0,1800,2501456.5,1117291.0,246.0
8598,104,3.0,1700,2667370.0,1255411.875,65.0
8599,60,2.0,1300,2571701.75,1211650.625,64.0
8601,93,3.0,2170,2699219.75,1220253.625,94.0
8602,70,3.0,1260,2730649.25,1254809.75,
8604,53,1.0,990,2626745.75,1267141.25,226.0
8605,75,4.0,1023,2554080.25,1217300.875,110.0
8606,112,3.0,1650,2571667.25,1214665.625,43.0
8607,53,2.0,2900,2538225.5,1152120.5,174.0
8608,25,1.0,2250,2539631.0,1153130.5,145.0
8609,75,2.0,2150,2601463.0,1199697.375,196.0
8610,56,2.0,990,2766650.25,1257457.75,132.0
8611,60,2.0,1240,2757429.5,1257304.0,75.0
8612,120,4.0,1390,2608093.5,1249521.75,10.0
8613,106,4.0,2270,2753863.75,1189011.75,45.0
8614,50,2.0,1200,2571081.75,1162479.25,119.0
8615,120,5.0,4900,2498641.25,1119398.625,307.0
8616,84,3.0,1915,2665730.5,1256752.125,
8617,75,3.0,1440,2562829.25,1205894.5,57.0
8618,54,2.0,1100,2720929.75,1126550.625,29.0
8619,105,5.0,2900,2602256.0,1198718.5,99.0
8620,162,6.0,5850,2499313.0,1119031.25,566.0
8621,79,2.0,1525,2734489.5,1181722.5,35.0
8622,72,3.0,7500,2503552.25,1116946.625,72.0
8623,64,3.0,1120,2528400.5,1186130.875,43.0
8625,52,3.0,800,2764042.0,1256983.625,9.0
8626,30,1.0,900,2618894.5,1262905.25,129.0
8627,40,2.0,1300,2495794.0,1119242.25,119.0
8628,25,1.0,1440,2683331.5,1261324.25,7.0
8629,68,3.0,1386,2624615.75,1266427.5,143.0
8630,81,3.0,4490,2681417.0,1247623.875,250.0
8631,53,2.0,900,2722723.25,1077660.75,33.0
8632,76,3.0,690,2547290.75,1211684.375,27.0
8634,100,4.0,2030,2612700.0,1263841.0,132.0
8635,14,1.0,700,2719754.0,1080954.25,105.0
8636,129,4.0,2900,2538416.0,1152724.5,242.0
8637,109,3.0,2700,2607812.25,1264264.75,
8638,200,6.0,6800,2499758.25,1117437.125,195.0
8639,155,5.0,3275,2538673.25,1152172.5,115.0
8640,95,4.0,1200,2660467.25,1273621.875,18.0
8641,80,4.0,1650,2620916.0,1261672.125,135.0
8642,81,3.0,1700,2600657.75,1125132.25,36.0
8643,50,2.0,1350,2607075.5,1228589.625,44.0
8644,40,2.0,870,2726037.0,1121214.875,56.0
8645,80,3.0,2790,2515437.0,1146093.125,39.0
8646,64,2.0,1020,2765292.5,1253888.75,101.0
8647,79,3.0,2170,2699413.25,1262733.5,67.0
8648,110,3.0,1625,2609263.5,1228393.5,65.0
8649,110,4.0,3700,2699593.75,1229046.0,53.0
8650,75,3.0,2520,2666617.25,1210529.5,16.0
8651,123,4.0,2900,2646854.5,1250018.875,166.0
8652,104,4.0,4300,2683038.25,1249625.375,165.0
8653,93,3.0,1900,2590038.75,1120238.875,12.0
8654,74,3.0,850,2536923.0,1195732.875,31.0
8655,40,2.0,1020,2554546.25,1199337.25,78.0
8656,97,4.0,2050,2664533.5,1210927.0,93.0
8657,97,3.0,4200,2681510.75,1249074.375,
8658,115,3.0,1600,2713277.25,1097299.25,
8659,35,1.0,850,2761816.5,1259105.625,6.0
8660,103,3.0,2060,2662260.5,1211475.5,17.0
8661,110,4.0,1862,2581736.75,1188232.125,98.0
8662,72,3.0,1328,2724202.75,1240712.125,89.0
8663,45,2.0,1590,2604510.75,1129736.25,9.0
8664,51,3.0,2020,2499467.25,1118258.25,354.0
8665,112,3.0,1500,2693529.75,1279703.125,
8667,68,3.0,1200,2756080.5,1257505.625,28.0
8668,96,3.0,2030,2571694.75,1174539.625,
8669,90,3.0,1750,2657767.25,1254870.375,121.0
8670,94,4.0,1380,2746747.5,1255486.0,107.0
8671,64,3.0,1200,2633812.0,1246311.125,40.0
8672,62,2.0,1790,2676241.5,1236515.0,34.0
8673,59,2.0,1670,2745284.5,1253322.125,128.0
8675,100,3.0,2519,2686993.75,1245887.875,98.0
8676,32,1.0,1100,2682926.25,1251127.375,53.0
8677,73,3.0,1090,2701934.5,1113924.5,49.0
8678,42,1.0,850,2753338.75,1188327.25,75.0
8679,125,4.0,2700,2693889.75,1231208.375,43.0
8680,110,3.0,1545,2623265.5,1258625.75,77.0
8681,20,1.0,1050,2699687.25,1248939.75,149.0
8683,65,2.0,800,2623890.0,1257879.5,87.0
8684,30,1.0,1050,2579812.75,1116163.25,27.0
8685,58,3.0,775,2592951.0,1245902.75,114.0
8686,110,5.0,1950,2661907.75,1269467.5,24.0
8687,73,3.0,1300,2766611.5,1257613.375,91.0
8689,40,1.0,900,2717800.5,1097431.375,282.0
8690,60,2.0,1780,2603498.5,1129364.125,51.0
8691,100,4.0,1627,2656647.25,1241189.25,55.0
8692,86,1.0,1600,2769008.25,1188545.0,20.0
8693,28,1.0,750,2580472.75,1113525.75,19.0
8695,160,4.0,3000,2578750.5,1181044.25,17.0
8696,82,3.0,1950,2561477.5,1205167.625,305.0
8698,52,2.0,1630,2502783.5,1139590.625,59.0
8699,99,4.0,2687,2536620.25,1152898.625,171.0
8700,94,3.0,2045,2754507.75,1189337.625,68.0
8701,100,3.0,1500,2613497.25,1212286.75,15.0
8702,93,4.0,1400,2568081.75,1190992.5,150.0
8704,102,4.0,2330,2610857.5,1267224.5,169.0
8705,142,3.0,2385,2677955.5,1233232.375,56.0
8706,109,4.0,2735,2670533.0,1252679.125,176.0
8707,91,4.0,2966,2495465.25,1121290.75,216.0
8708,100,3.0,3950,2536025.0,1157074.0,30.0
8709,88,3.0,2045,2694229.25,1262802.75,43.0
8710,58,3.0,1550,2539345.0,1154101.25,82.0
8711,55,2.0,1470,2595769.25,1199655.5,3.0
8712,90,3.0,1670,2707651.75,1115302.625,35.0
8713,71,2.0,1745,2688711.25,1249705.125,142.0
8714,68,3.0,1210,2633138.0,1239206.25,83.0
8715,91,3.0,955,2574684.5,1230417.0,16.0
8716,61,2.0,1315,2614054.0,1179207.625,85.0
8717,75,4.0,1300,2554541.75,1200290.75,129.0
8718,140,6.0,4900,2500285.5,1123725.875,7.0
8719,32,1.0,970,2560836.0,1205028.75,120.0
8720,93,3.0,975,2553205.0,1217020.125,119.0
8721,65,2.0,1500,2615726.25,1270232.5,80.0
8723,79,3.0,1190,2585853.5,1220163.5,131.0
8724,54,2.0,1200,2544481.25,1213290.875,18.0
8725,84,3.0,1630,2658798.0,1248696.5,6.0
8726,110,4.0,1700,2722926.75,1213131.125,51.0
8727,65,3.0,850,2553473.0,1200386.5,100.0
8728,105,4.0,2200,2555531.25,1146052.625,77.0
8730,52,2.0,1420,2576778.0,1184763.125,85.0
8731,45,1.0,900,2752304.25,1252417.875,62.0
8732,75,3.0,1240,2616550.0,1258376.25,38.0
8733,76,2.0,3200,2684399.25,1248729.75,85.0
8734,112,4.0,2300,2696777.5,1262916.625,168.0
8735,100,4.0,2000,2578606.25,1104376.0,
8736,30,1.0,2250,2682884.25,1248371.25,211.0
8737,96,4.0,1904,2561225.25,1204701.0,255.0
8738,80,4.0,1580,2598147.5,1195345.0,123.0
8739,234,5.0,2500,2617617.5,1214123.875,12.0
8741,60,2.0,780,2554707.25,1217310.375,182.0
8742,115,3.0,2034,2643427.75,1199751.625,30.0
8743,177,3.0,6550,2500735.0,1116017.125,314.0
8744,95,4.0,1860,2701411.75,1247533.625,70.0
8745,38,1.0,3162,2677016.5,1227255.0,4.0
8746,25,1.0,870,2561062.75,1204857.75,83.0
8747,93,5.0,1050,2572763.0,1250771.0,3.0
8748,50,2.0,1080,2606841.25,1125984.375,16.0
8749,85,4.0,1000,2581930.0,1229909.125,84.0
8750,51,2.0,1400,2576778.0,1184763.125,85.0
8751,19,1.0,740,2561284.5,1204625.625,170.0
8752,80,3.0,1350,2713658.0,1114709.75,61.0
8753,60,2.0,2950,2716864.75,1096366.5,154.0
8754,90,1.0,950,2750436.5,1264744.375,101.0
8755,100,3.0,2475,2680611.5,1252962.5,99.0
8756,74,3.0,1550,2577883.75,1183465.5,82.0
8757,77,3.0,1010,2552495.5,1216434.375,109.0
8758,48,2.0,800,2728297.25,1256447.375,92.0
8760,90,3.0,1385,2736664.0,1252444.0,94.0
8761,120,4.0,2140,2742017.5,1252392.75,19.0
8762,53,2.0,1060,2601116.5,1207608.25,47.0
8763,48,2.0,1070,2578317.5,1184540.25,
8764,72,3.0,1350,2579904.75,1111087.75,63.0
8765,76,1.0,3450,2683579.0,1247505.0,249.0
8766,93,4.0,1570,2576393.25,1184274.75,72.0
8767,32,2.0,800,2593521.75,1245806.875,117.0
8768,80,3.0,1200,2747957.5,1265361.125,25.0
8769,84,2.0,2070,2697881.5,1261386.625,63.0
8770,108,4.0,1612,2704131.25,1113896.0,250.0
8771,70,3.0,700,2541882.5,1199152.25,29.0
8772,74,3.0,1170,2553651.75,1216661.375,29.0
8773,54,3.0,1320,2612286.0,1268539.75,256.0
8774,68,3.0,1865,2507454.0,1140958.25,59.0
8775,96,3.0,2590,2727319.5,1280639.625,39.0
8776,67,2.0,2400,2607029.5,1272113.875,
8777,65,3.0,1280,2578090.0,1183046.25,222.0
8778,60,2.0,955,2739311.75,1248782.0,58.0
8779,74,3.0,1460,2612857.75,1258342.75,93.0
8781,68,3.0,1370,2627960.0,1266959.0,
8782,251,7.0,6450,2716959.25,1095986.125,47.0
8783,63,1.0,2960,2682131.5,1245883.5,204.0
8784,128,4.0,2450,2509500.25,1142010.75,209.0
8785,97,3.0,2300,2719595.0,1232982.875,84.0
8786,120,5.0,1600,2709720.25,1259542.875,37.0
8787,64,3.0,1230,2519270.25,1174317.5,58.0
8788,47,2.0,990,2563975.0,1206598.0,135.0
8789,43,1.0,1290,2717373.5,1096924.25,84.0
8790,60,3.0,1050,2568788.25,1133687.5,3.0
8791,60,2.0,1875,2665581.5,1209904.5,72.0
8792,71,3.0,1500,2608144.25,1267172.0,204.0
8793,103,4.0,2888,2646727.0,1248851.125,
8794,57,3.0,850,2566788.75,1222507.0,108.0
8795,63,3.0,920,2626111.75,1228612.75,22.0
8796,52,1.0,1555,2696290.75,1261336.875,304.0
8797,70,3.0,1000,2599244.0,1250100.875,16.0
8798,80,3.0,1790,2578283.75,1180553.875,
8799,64,3.0,1660,2644372.0,1261784.125,3.0
8800,26,1.0,720,2611870.25,1268588.25,330.0
8801,93,3.0,2310,2667863.75,1244476.625,115.0
8802,117,3.0,4590,2690352.5,1242151.125,6.0
8803,42,2.0,760,2724144.5,1077211.125,
8804,80,3.0,1540,2621537.75,1261336.125,
8805,74,4.0,2575,2498352.75,1118165.25,118.0
8806,50,2.0,1400,2614336.5,1175711.875,44.0
8807,64,3.0,1815,2557741.0,1167727.875,
8808,121,4.0,3250,2615932.25,1177467.5,14.0
8809,53,2.0,1260,2577615.75,1184280.0,60.0
8810,84,3.0,1800,2718397.25,1099263.5,101.0
8811,44,2.0,2000,2610101.25,1268209.625,119.0
8812,35,2.0,700,2573173.75,1252538.625,16.0
8813,87,3.0,1800,2626404.0,1226617.75,38.0
8814,109,4.0,2020,2738982.25,1267502.375,18.0
8815,77,3.0,930,2596527.75,1119479.75,6.0
8817,91,3.0,2700,2561472.25,1204475.125,40.0
8818,92,4.0,1485,2561030.25,1184963.125,344.0
8820,57,2.0,1270,2575017.75,1230288.0,35.0
8821,52,2.0,1350,2533471.0,1153598.25,247.0
8822,92,4.0,1790,2603861.5,1201091.875,117.0
8823,140,4.0,4150,2704715.5,1227804.375,4.0
8826,103,4.0,2290,2658532.5,1251971.125,47.0
8828,57,3.0,1150,2754235.0,1260761.75,121.0
8829,150,3.0,5500,2503112.5,1114188.625,32.0
8830,27,1.0,1100,2638268.25,1237745.875,138.0
8831,129,4.0,4050,2671282.75,1243008.875,13.0
8832,176,3.0,7590,2683499.5,1242815.625,43.0
8834,111,4.0,2090,2627938.75,1250834.75,68.0
8835,87,4.0,1810,2614195.5,1267418.875,153.0
8836,65,2.0,2990,2682210.25,1247283.5,185.0
8837,21,1.0,850,2753599.0,1226159.875,42.0
8838,87,2.0,1870,2699639.5,1264105.375,35.0
8839,74,3.0,1490,2690595.25,1263632.0,146.0
8840,38,3.0,1050,2518455.0,1173855.0,38.0
8841,24,,398,2614673.25,1264600.125,213.0
8842,67,2.0,1140,2736719.5,1218986.625,18.0
8843,97,4.0,1850,2738340.25,1255700.25,38.0
8844,130,4.0,1770,2638417.25,1234265.25,72.0
8845,80,3.0,1650,2743061.5,1254318.0,30.0
8846,63,3.0,2090,2685033.25,1238139.75,117.0
8847,80,3.0,1692,2659848.0,1259345.5,137.0
8848,116,4.0,1810,2722436.0,1258314.125,132.0
8849,79,3.0,3358,2678918.0,1249102.5,70.0
8850,74,2.0,2600,2690459.0,1283426.0,92.0
8851,65,3.0,1040,2594919.75,1245880.75,46.0
8852,42,2.0,1000,2605992.25,1125806.875,233.0
8854,133,4.0,5150,2540329.5,1152094.5,15.0
8856,70,2.0,720,2593306.75,1235752.875,45.0
8857,60,3.0,1700,2538687.25,1181779.125,3.0
8858,79,3.0,1940,2709154.75,1115020.625,128.0
8859,58,3.0,1125,2603114.25,1200353.125,175.0
8860,142,3.0,1850,2666007.25,1211813.625,52.0
8861,72,4.0,2995,2498787.75,1118340.375,445.0
8862,75,3.0,800,2552933.75,1216334.75,60.0
8863,20,1.0,1150,2696891.75,1262367.375,93.0
8864,53,2.0,1300,2753052.5,1173606.125,143.0
8865,35,1.0,1100,2681460.75,1270124.25,82.0
8866,45,1.0,830,2593311.25,1245778.625,39.0
8867,80,3.0,3400,2601569.0,1127256.75,3.0
8868,68,2.0,1690,2710039.5,1268758.625,159.0
8869,68,3.0,1940,2498352.75,1118165.25,118.0
8870,76,4.0,1120,2551970.0,1216004.125,153.0
8871,120,4.0,2620,2663316.0,1244537.0,86.0
8872,47,2.0,2390,2671534.0,1201896.5,107.0
8873,68,3.0,1330,2620185.75,1263474.25,130.0
8874,51,2.0,1400,2535975.0,1153446.25,149.0
8875,77,3.0,1800,2673027.25,1268360.375,9.0
8876,90,2.0,2364,2598423.25,1196425.25,29.0
8877,49,2.0,1190,2718196.5,1177966.125,10.0
8878,75,3.0,1340,2717888.25,1238765.875,6.0
8879,56,2.0,1300,2755517.0,1221669.5,94.0
8880,32,1.0,1450,2667635.0,1257786.125,61.0
8881,29,1.0,805,2731143.25,1278526.375,125.0
8882,74,3.0,1300,2595688.75,1197463.375,97.0
8883,70,3.0,1500,2622109.5,1258577.5,55.0
8884,85,3.0,1000,2723212.75,1078931.125,33.0
8885,148,3.0,3750,2602884.0,1200416.25,
8886,57,2.0,1080,2765595.25,1255595.875,93.0
8887,78,3.0,1860,2609424.25,1267963.5,290.0
8888,84,3.0,1000,2552915.5,1215996.375,110.0
8889,63,3.0,1650,2607025.75,1130770.5,3.0
8890,48,2.0,1908,2719037.0,1096512.125,29.0
8891,92,3.0,3100,2679725.5,1251054.25,118.0
8892,110,3.0,1490,2604032.5,1203164.875,85.0
8893,82,3.0,1120,2719021.75,1112828.625,38.0
8894,111,3.0,1890,2758479.75,1260879.0,72.0
8895,63,3.0,1200,2754235.0,1260761.75,121.0
8896,87,3.0,1745,2555537.0,1188907.0,111.0
8897,94,3.0,2350,2619287.5,1263920.75,128.0
8898,157,5.0,8400,2684242.25,1238656.5,18.0
8899,652,,1190,2566962.0,1206266.625,59.0
8900,110,4.0,1593,2634927.5,1245486.625,117.0
8901,73,3.0,1980,2531858.0,1156023.5,174.0
8902,78,4.0,850,2592951.0,1245902.75,114.0
8903,77,3.0,1400,2577504.75,1183444.625,174.0
8904,120,4.0,1750,2562322.25,1122548.75,363.0
8905,134,5.0,3090,2664945.75,1258477.0,41.0
8906,82,3.0,1870,2663405.25,1244343.625,140.0
8907,42,2.0,730,2595572.5,1226284.375,167.0
8908,62,2.0,1550,2691269.25,1192544.875,50.0
8909,52,2.0,1450,2576778.0,1184763.125,85.0
8910,60,3.0,2100,2665155.75,1210984.75,65.0
8911,97,2.0,1800,2611517.75,1269700.625,107.0
8912,41,1.0,950,2559484.75,1169953.25,56.0
8913,64,2.0,1560,2716117.75,1096732.5,224.0
8914,48,2.0,976,2581064.25,1188547.625,135.0
8915,105,4.0,1700,2562425.0,1185959.5,49.0
8916,100,4.0,1800,2762172.5,1201599.0,51.0
8917,104,3.0,2100,2632779.5,1265523.25,76.0
8918,183,4.0,1840,2664286.5,1271139.625,55.0
8919,60,3.0,1300,2707237.0,1094375.875,12.0
8920,84,3.0,1720,2621977.0,1258864.625,175.0
8921,70,3.0,1450,2722345.0,1116766.125,118.0
8922,50,2.0,1200,2716117.75,1096732.5,224.0
8923,78,3.0,1350,2636104.5,1244111.625,133.0
8924,92,4.0,2635,2688141.0,1282048.0,159.0
8925,90,3.0,1508,2560905.25,1204792.75,267.0
8926,35,1.0,710,2754697.25,1260397.75,10.0
8927,68,3.0,931,2758722.5,1249482.875,54.0
8928,88,3.0,2200,2622560.0,1255844.875,43.0
8929,104,4.0,1600,2717729.75,1096935.125,47.0
8930,102,4.0,1900,2644412.75,1261717.25,98.0
8931,90,2.0,2050,2717409.5,1097145.5,88.0
8932,17,1.0,2000,2681165.75,1249516.75,
8934,78,3.0,1620,2710502.75,1260979.125,114.0
8935,70,2.0,1000,2706171.5,1094143.25,24.0
8936,250,5.0,15000,2714531.25,1093306.875,47.0
8937,64,2.0,2250,2601116.0,1200914.5,161.0
8938,49,2.0,900,2554086.0,1173191.0,100.0
8939,49,2.0,1190,2594185.5,1236493.0,35.0
8940,110,3.0,1290,2724766.75,1210537.625,73.0
8941,18,,326,2614673.25,1264600.125,213.0
8942,66,3.0,800,2585574.5,1243390.0,25.0
8943,65,3.0,1050,2554146.5,1216942.5,84.0
8944,49,2.0,1850,2500059.0,1116800.375,496.0
8945,29,1.0,1000,2635664.75,1244390.5,232.0
8946,66,3.0,1650,2716790.0,1095188.0,6.0
8947,35,1.0,720,2664336.75,1271187.375,149.0
8948,84,3.0,1600,2665868.5,1256681.875,96.0
8949,85,4.0,1400,2731270.5,1253329.625,46.0
8950,99,3.0,4990,2683180.75,1247421.625,91.0
8951,50,2.0,1250,2722740.0,1117976.5,110.0
8952,96,4.0,2650,2694356.0,1253569.625,3.0
8953,142,5.0,1990,2613732.25,1262466.375,85.0
8954,53,2.0,1705,2695898.0,1245585.375,38.0
8955,126,5.0,2360,2601348.5,1205121.625,145.0
8957,62,2.0,2700,2600102.0,1199480.0,4.0
8958,100,4.0,2950,2533864.0,1156148.25,78.0
8959,80,3.0,710,2583486.25,1231793.125,23.0
8960,119,4.0,2530,2560060.25,1204074.5,41.0
8961,102,6.0,3000,2498319.5,1116961.625,186.0
8962,112,4.0,2100,2559156.25,1152570.375,46.0
8963,125,5.0,2600,2699711.75,1249038.0,62.0
8964,92,4.0,1520,2587346.25,1222145.25,78.0
8965,124,4.0,4930,2684097.5,1247547.625,47.0
8966,104,3.0,1500,2619928.75,1174327.5,36.0
8967,99,3.0,2990,2689406.25,1251404.875,
8968,50,2.0,1300,2716117.75,1096732.5,224.0
8969,50,2.0,1530,2533544.75,1155988.125,293.0
8970,75,3.0,1100,2553218.25,1216529.25,84.0
8971,85,3.0,1500,2611778.75,1268677.0,299.0
8972,49,2.0,1200,2707133.75,1114973.875,80.0
8973,69,3.0,1765,2696723.25,1236340.625,25.0
8974,100,4.0,1430,2574375.5,1205900.75,31.0
8975,78,3.0,1455,2558553.25,1152694.875,134.0
8976,95,4.0,3520,2501368.5,1116546.0,255.0
8977,125,4.0,3350,2518128.75,1148181.75,33.0
8978,51,3.0,800,2593615.5,1246552.75,70.0
8979,98,4.0,1700,2747737.75,1257212.75,55.0
8980,75,3.0,1280,2625432.25,1166993.125,55.0
8981,80,4.0,1300,2613154.25,1224213.375,21.0
8982,79,4.0,1800,2561533.0,1204442.625,
8984,120,5.0,3314,2538940.0,1152780.0,85.0
8985,35,1.0,860,2716687.75,1096699.625,138.0
8986,71,2.0,3220,2683000.5,1251217.0,154.0
8987,56,2.0,1570,2578083.25,1180482.5,31.0
8988,42,2.0,930,2608127.5,1259268.125,36.0
8989,97,4.0,1240,2563674.75,1230663.375,60.0
8990,21,1.0,695,2594072.5,1217496.5,28.0
8991,75,2.0,580,2534562.5,1194773.875,86.0
8992,14,1.0,890,2683056.0,1264275.125,125.0
8993,141,5.0,3500,2525335.0,1153080.0,5.0
8995,123,4.0,3240,2538089.0,1152723.25,140.0
8996,78,3.0,1545,2613572.25,1176005.125,49.0
8997,79,3.0,1470,2722470.0,1117780.25,30.0
8998,65,2.0,720,2553443.25,1217408.125,75.0
8999,78,4.0,1550,2542171.0,1164240.0,22.0
9000,80,3.0,1270,2711455.0,1115106.375,40.0
9001,90,3.0,990,2723061.0,1076985.625,46.0
9002,73,3.0,1980,2610447.5,1267189.0,141.0
9003,17,1.0,700,2611287.75,1268360.375,312.0
9004,75,3.0,1150,2611391.5,1269502.875,473.0
9005,104,4.0,1900,2578167.0,1183045.625,261.0
9007,75,,1550,2519378.75,1151287.375,50.0
9008,18,1.0,870,2658024.0,1259391.625,73.0
9010,120,2.0,2650,2508238.0,1137705.0,21.0
9011,106,4.0,2145,2645787.0,1246468.25,58.0
9012,47,2.0,1465,2579669.75,1184230.125,92.0
9013,42,2.0,1440,2766353.0,1257811.875,83.0
9014,92,3.0,1995,2717373.5,1096924.25,84.0
9015,78,3.0,750,2552954.25,1216902.75,113.0
9016,86,3.0,1600,2745601.25,1270206.375,74.0
9017,17,1.0,850,2698620.5,1260769.0,116.0
9018,87,3.0,2210,2665183.75,1258926.375,171.0
9019,92,3.0,1950,2540307.25,1180861.5,112.0
9020,125,5.0,2400,2723646.25,1281482.875,63.0
9021,65,2.0,2600,2605023.5,1129179.5,6.0
9022,20,1.0,1077,2533761.25,1155630.5,130.0
9023,44,1.0,950,2609409.25,1268125.125,78.0
9024,74,3.0,1490,2690301.75,1263594.75,66.0
9025,96,2.0,2430,2647014.75,1249234.875,
9026,68,2.0,1500,2577781.5,1183147.5,135.0
9027,94,3.0,2710,2619277.25,1263897.5,3.0
9028,98,4.0,1800,2627842.75,1256738.0,89.0
9029,100,4.0,2670,2665273.25,1211599.125,87.0
9030,83,3.0,2090,2598605.5,1198129.5,155.0
9031,101,4.0,2341,2674780.0,1248642.875,106.0
9032,75,3.0,1420,2619503.5,1235976.25,74.0
9033,110,3.0,2150,2752185.75,1212407.375,30.0
9034,100,4.0,1800,2720729.0,1096698.875,
9035,93,4.0,2090,2578374.75,1180533.625,
9036,74,3.0,1420,2731325.5,1277920.5,117.0
9037,111,3.0,2400,2712694.75,1228888.375,9.0
9038,234,5.0,2500,2617617.5,1214123.875,12.0
9039,80,4.0,1510,2559765.75,1204226.5,94.0
9041,64,2.0,1875,2752245.0,1196900.875,11.0
9042,97,4.0,1200,2746881.75,1258687.5,21.0
9043,95,4.0,1350,2610830.75,1268791.25,171.0
9044,76,3.0,1410,2710379.5,1115295.875,37.0
9045,68,2.0,1290,2611432.75,1268643.875,261.0
9046,100,3.0,1400,2722001.0,1116806.0,29.0
9047,72,3.0,1790,2626668.75,1229066.25,50.0
9048,50,2.0,1690,2610636.25,1266467.5,68.0
9049,195,5.0,3280,2674506.25,1268381.25,39.0
9050,107,4.0,2412,2590510.0,1213795.0,49.0
9051,113,3.0,2850,2601298.0,1199516.875,49.0
9052,82,3.0,1790,2611485.75,1227788.875,56.0
9053,65,3.0,1500,2717524.75,1097548.0,342.0
9054,90,3.0,1370,2587553.75,1222957.25,117.0
9057,40,2.0,1700,2602271.0,1128443.25,35.0
9058,110,4.0,1450,2637801.0,1244922.0,66.0
9059,240,6.0,4690,2491830.5,1114296.25,
9060,70,3.0,2200,2498352.75,1118165.25,118.0
9061,155,5.0,4600,2498358.25,1115905.375,
9062,104,4.0,1470,2596882.75,1226511.5,123.0
9063,140,4.0,4500,2500269.25,1112765.75,5.0
9064,120,4.0,6500,2498352.75,1118165.25,118.0
9067,127,4.0,2680,2739738.0,1250908.5,8.0
9068,120,3.0,1600,2764721.0,1134530.75,
9069,75,3.0,2590,2499339.75,1118741.625,320.0
9070,102,4.0,2600,2499272.25,1117469.25,233.0
9071,60,2.0,3857,2601498.5,1128422.75,50.0
9072,70,2.0,4071,2601969.0,1128501.625,59.0
9074,98,3.0,1490,2727335.75,1236207.875,79.0
9075,75,3.0,2080,2584963.25,1220913.375,80.0
9076,120,4.0,950,2546608.25,1209581.0,3.0
9077,139,3.0,2080,2630811.0,1171005.5,74.0
9078,86,3.0,1955,2734854.5,1182094.0,71.0
9079,77,3.0,1550,2531789.5,1151751.5,116.0
9080,54,2.0,1005,2614047.5,1210485.25,21.0
9081,87,4.0,1550,2646301.25,1247934.25,18.0
9082,90,3.0,1490,2581932.5,1114674.5,106.0
9083,38,1.0,1680,2681356.5,1245907.25,65.0
9084,74,2.0,1300,2714415.0,1115569.625,
9085,72,3.0,1400,2577658.0,1183403.875,223.0
9086,52,2.0,2180,2681995.5,1240636.5,71.0
9087,44,2.0,1240,2705898.0,1114822.75,55.0
9089,70,2.0,1480,2598303.5,1197375.875,102.0
9090,118,4.0,2750,2746515.25,1255500.75,77.0
9091,51,2.0,1320,2710379.5,1115295.875,37.0
9093,60,2.0,850,2723885.0,1077301.875,97.0
9094,132,4.0,2600,2612546.0,1259165.375,32.0
9095,80,3.0,1376,2591988.0,1224592.875,38.0
9096,78,2.0,5900,2683882.75,1252849.25,142.0
9097,120,4.0,1780,2599877.5,1199460.5,25.0
9098,84,4.0,1950,2655132.25,1249114.75,44.0
9099,95,3.0,1000,2553949.25,1217017.125,73.0
9100,30,1.0,1200,2621190.5,1260885.625,14.0
9101,94,4.0,1950,2593559.0,1119509.625,67.0
9102,129,4.0,1750,2561868.25,1124913.125,276.0
9103,77,3.0,2150,2665296.75,1211668.125,251.0
9104,116,,2298,2599260.75,1197719.125,87.0
9105,95,4.0,1380,2722681.5,1272348.25,29.0
9106,92,3.0,1800,2593628.0,1120320.0,
9107,72,4.0,1410,2552170.0,1215946.125,103.0
9108,55,2.0,1300,2538054.25,1153455.25,496.0
9109,77,3.0,2190,2611251.75,1267434.5,27.0
9110,70,2.0,1500,2604730.0,1129117.875,29.0
9111,81,4.0,1551,2555788.75,1201445.375,81.0
9112,40,1.0,1890,2682276.5,1247441.0,209.0
9113,90,4.0,1715,2578750.5,1181044.25,17.0
9114,83,3.0,2250,2679359.25,1272764.125,
9115,65,3.0,700,2573054.75,1252404.125,24.0
9116,62,2.0,1150,2704979.5,1113054.125,153.0
9117,66,2.0,1300,2562710.75,1130041.125,187.0
9118,133,4.0,5150,2540329.5,1152094.5,15.0
9120,37,1.0,2690,2681417.0,1247623.875,250.0
9121,56,1.0,2190,2683558.0,1252472.0,74.0
9122,78,3.0,1400,2609302.0,1267387.375,88.0
9123,100,4.0,1700,2613887.0,1210734.625,46.0
9124,86,3.0,1450,2560722.25,1134589.875,305.0
9125,65,3.0,1280,2575777.0,1197047.125,119.0
9126,44,2.0,1300,2578376.0,1182712.5,137.0
9127,106,4.0,1730,2706831.5,1254812.625,126.0
9128,49,2.0,785,2575081.25,1226836.0,19.0
9129,67,2.0,1840,2502550.75,1139510.75,33.0
9130,23,1.0,600,2745622.0,1254094.625,43.0
9131,65,2.0,1240,2628675.25,1232766.875,119.0
9132,56,2.0,1450,2576778.0,1184763.125,85.0
9133,122,4.0,2140,2579215.0,1180261.5,65.0
9134,55,3.0,1820,2498358.25,1115905.375,
9135,69,3.0,1175,2721315.5,1115919.125,14.0
9136,112,4.0,3100,2689690.0,1283331.0,77.0
9137,119,4.0,4150,2500836.5,1116965.0,182.0
9138,130,4.0,2500,2558615.0,1147330.0,13.0
9139,162,5.0,3840,2604138.75,1187428.875,3.0
9140,50,2.0,1197,2559761.75,1143212.5,62.0
9141,82,3.0,1674,2606617.25,1200710.875,46.0
9142,76,3.0,1150,2620157.5,1226895.375,65.0
9143,97,3.0,1761,2672025.75,1231491.125,56.0
9145,95,4.0,1690,2574914.5,1193685.125,4.0
9146,75,3.0,1000,2553218.25,1216529.25,84.0
9147,56,3.0,1400,2578397.25,1184270.125,215.0
9148,91,3.0,955,2575243.0,1230456.75,90.0
9149,50,2.0,1375,2601409.75,1209419.25,
9150,60,2.0,1055,2631418.5,1239483.125,30.0
9152,50,2.0,1190,2708082.5,1236006.375,36.0
9153,75,3.0,1350,2550923.0,1168670.625,136.0
9154,81,3.0,1280,2610138.5,1225001.625,49.0
9155,55,2.0,1190,2597714.25,1202754.125,39.0
9156,42,2.0,670,2566856.0,1222595.75,125.0
9157,50,2.0,800,2579360.25,1250800.375,36.0
9158,47,2.0,1595,2579669.75,1184230.125,92.0
9159,51,2.0,1360,2611897.25,1267670.875,325.0
9160,63,3.0,1210,2620643.0,1264742.125,34.0
9161,84,3.0,2570,2786390.0,1156520.5,40.0
9162,105,4.0,3000,2537755.0,1151495.625,281.0
9163,116,4.0,1850,2663386.25,1244701.5,137.0
9164,107,4.0,1950,2645537.0,1245819.25,161.0
9165,81,3.0,1680,2735894.75,1262203.75,48.0
9166,72,4.0,1190,2745602.0,1252681.625,5.0
9167,47,3.0,1841,2504594.25,1116746.75,473.0
9168,60,2.0,1490,2748225.25,1251059.375,3.0
9169,53,2.0,2280,2680423.75,1248406.875,39.0
9170,12,1.0,900,2572585.0,1130093.0,
9171,88,3.0,1700,2732889.25,1265580.25,35.0
9172,66,3.0,1260,2620951.75,1261960.375,112.0
9174,70,2.0,1050,2553745.0,1217596.375,82.0
9175,52,3.0,1010,2554182.0,1217171.125,147.0
9176,106,4.0,1450,2567000.25,1234498.75,18.0
9177,97,4.0,2390,2539745.5,1154394.5,160.0
9178,25,2.0,1660,2536111.75,1153125.625,
9179,70,3.0,2800,2684669.25,1253421.5,181.0
9180,83,3.0,2050,2689668.0,1283373.125,77.0
9181,84,4.0,1350,2625840.25,1199099.5,49.0
9182,69,3.0,2900,2563744.75,1206724.75,124.0
9183,64,3.0,1350,2604592.75,1258962.875,
9184,84,3.0,1640,2609306.75,1191195.25,32.0
9185,58,2.0,1430,2664084.25,1260284.75,217.0
9186,116,4.0,2240,2707378.0,1248926.0,6.0
9187,82,3.0,1740,2583361.0,1220056.5,84.0
9188,70,3.0,940,2719101.25,1140103.75,3.0
9189,90,3.0,2080,2613257.75,1267666.125,143.0
9190,68,3.0,1020,2553813.75,1218139.75,108.0
9191,64,3.0,1710,2538473.0,1151608.25,163.0
9192,60,2.0,1920,2533570.0,1153465.0,37.0
9193,42,1.0,1460,2611311.25,1266631.25,121.0
9194,86,3.0,2227,2678746.25,1259601.75,30.0
9195,120,4.0,1670,2612745.25,1266942.875,101.0
9196,80,3.0,1900,2761982.5,1178100.375,3.0
9197,135,5.0,2300,2571647.75,1174411.875,5.0
9198,56,2.0,1180,2729335.75,1267424.5,
9199,47,2.0,990,2563975.0,1206598.0,135.0
9200,70,3.0,1250,2743254.75,1256671.0,68.0
9201,61,2.0,1432,2578386.25,1182796.75,137.0
9202,72,4.0,1190,2745297.75,1253166.375,115.0
9203,82,3.0,1500,2583361.0,1220056.5,84.0
9204,106,4.0,2740,2682772.0,1264539.0,401.0
9205,55,3.0,1120,2746749.5,1254275.25,43.0
9206,40,2.0,870,2705474.0,1114370.5,6.0
9207,58,4.0,2225,2506866.5,1122441.75,198.0
9208,180,4.0,2500,2690637.75,1286263.625,3.0
9209,123,5.0,2900,2716965.25,1095416.375,42.0
9210,130,4.0,2050,2750594.25,1213544.5,33.0
9211,57,2.0,1890,2539103.75,1152548.25,186.0
9212,57,2.0,2580,2675947.0,1250403.0,
9214,35,1.0,1155,2610194.5,1268644.25,30.0
9215,63,2.0,2660,2682734.0,1246488.125,134.0
9216,101,4.0,1329,2745388.75,1269655.125,71.0
9217,81,3.0,1610,2709153.75,1268226.75,222.0
9218,180,3.0,1900,2660770.0,1254323.875,45.0
9219,39,2.0,900,2596316.5,1192790.875,78.0
9220,35,2.0,1000,2583297.5,1104725.125,
9221,40,2.0,1190,2559621.75,1143193.0,31.0
9222,120,2.0,1600,2719828.0,1100508.25,105.0
9223,60,3.0,1150,2719804.25,1101510.125,45.0
9225,53,2.0,1350,2610926.25,1266112.75,228.0
9226,74,3.0,1300,2723157.5,1212131.5,48.0
9227,95,4.0,2430,2598517.5,1197985.75,5.0
9228,69,3.0,980,2557967.5,1211828.625,80.0
9229,35,1.0,1900,2612321.5,1265445.375,214.0
9230,118,4.0,2700,2692590.25,1267573.0,33.0
9231,65,2.0,1580,2548706.75,1160893.5,98.0
9232,70,3.0,900,2723472.5,1077567.875,58.0
9233,87,4.0,1540,2751379.5,1253638.875,50.0
9234,97,4.0,1740,2560281.0,1204663.625,158.0
9235,36,1.0,1120,2573131.25,1212349.0,33.0
9236,87,3.0,1230,2630443.0,1230558.125,58.0
9239,85,5.0,1050,2566618.25,1234070.625,26.0
9240,80,3.0,1160,2571953.75,1251616.625,19.0
9241,116,5.0,2100,2722028.75,1258703.375,69.0
9242,20,1.0,2200,2679805.25,1250383.375,71.0
9243,102,4.0,1330,2603284.25,1202713.0,44.0
9244,65,3.0,3500,2701634.5,1228498.75,83.0
9245,71,2.0,1250,2690166.25,1283442.875,153.0
9246,27,1.0,1304,2533767.75,1155555.75,
9247,24,2.0,850,2606917.0,1122993.875,12.0
9248,60,4.0,2100,2602242.75,1128439.625,35.0
9249,42,2.0,1000,2605992.25,1125806.875,233.0
9250,100,4.0,1290,2747528.25,1255169.125,28.0
9251,70,3.0,1390,2558791.0,1204336.375,139.0
9252,15,1.0,1000,2658023.25,1258515.25,69.0
9253,30,1.0,1000,2765674.5,1258237.625,47.0
9254,90,4.0,1390,2608261.0,1167677.625,32.0
9255,68,3.0,1720,2563410.0,1206040.5,139.0
9256,50,2.0,2360,2686056.25,1237107.0,45.0
9257,94,4.0,2080,2608631.5,1267101.125,105.0
9258,77,2.0,1720,2571694.75,1174539.625,
9259,42,1.0,830,2563951.25,1206508.875,135.0
9260,77,3.0,2539,2676202.0,1236462.625,42.0
9261,49,2.0,1400,2567549.0,1132854.25,23.0
9262,65,3.0,1050,2554146.5,1216942.5,84.0
9263,22,1.0,1870,2683170.0,1249359.75,114.0
9264,92,2.0,890,2553305.75,1216825.875,32.0
9265,87,3.0,800,2718148.75,1134248.25,141.0
9266,91,3.0,1555,2571767.25,1161704.125,153.0
9267,73,2.0,1300,2608750.5,1227985.625,64.0
9268,73,2.0,1490,2609076.5,1262835.0,80.0
9269,83,3.0,1613,2589906.0,1219887.875,43.0
9270,90,4.0,1450,2562414.25,1205276.125,50.0
9273,53,2.0,1090,2589743.0,1213574.25,73.0
9274,130,5.0,5000,2501475.0,1118115.5,51.0
9275,115,4.0,2900,2694786.5,1253578.375,111.0
9276,163,5.0,2790,2655734.5,1234167.375,50.0
9277,120,4.0,2750,2550538.0,1185500.25,30.0
9278,54,2.0,2320,2683091.75,1249463.75,239.0
9279,76,4.0,2375,2496969.75,1116065.5,245.0
9280,115,3.0,2430,2765575.25,1252918.375,18.0
9281,113,4.0,2860,2656330.75,1234644.0,
9282,30,2.0,2550,2680885.5,1248094.5,164.0
9283,50,2.0,1500,2536028.75,1153326.75,204.0
9284,134,4.0,1450,2747991.75,1255602.0,31.0
9285,60,2.0,1690,2534589.0,1154841.125,96.0
9286,100,4.0,1150,2722001.0,1116806.0,29.0
9287,54,2.0,1390,2609729.5,1267422.375,184.0
9288,85,4.0,1330,2553119.75,1216706.625,165.0
9289,87,3.0,2080,2554094.5,1200225.625,4.0
9291,70,3.0,4000,2674863.25,1225130.5,72.0
9292,80,2.0,1900,2611517.75,1269700.625,107.0
9293,34,1.0,950,2745897.0,1254952.25,47.0
9294,87,2.0,1725,2744053.0,1217327.75,3.0
9295,118,5.0,2390,2598410.75,1197495.125,40.0
9296,130,5.0,5200,2498641.25,1119398.625,307.0
9297,86,4.0,1430,2746828.75,1255666.875,103.0
9298,75,3.0,1800,2561173.25,1204743.875,200.0
9299,118,4.0,1614,2612745.25,1266942.875,101.0
9300,120,5.0,2124,2740221.5,1261317.375,38.0
9301,85,3.0,1490,2595932.75,1227621.5,38.0
9302,140,6.0,4900,2500285.5,1123725.875,7.0
9303,90,4.0,2500,2611692.75,1270504.0,210.0
9304,112,4.0,1430,2565050.25,1185402.625,55.0
9305,77,2.0,4630,2681747.75,1247277.0,234.0
9307,130,5.0,4900,2502386.5,1118436.625,5.0
9308,108,4.0,2890,2541773.25,1151741.875,54.0
9309,83,3.0,1510,2553575.75,1217928.125,74.0
9310,76,3.0,1770,2527910.25,1151633.75,232.0
9311,57,1.0,1280,2575017.75,1230288.0,35.0
9312,98,4.0,2450,2597023.5,1199598.5,226.0
9313,49,2.0,1230,2744336.75,1252990.75,32.0
9314,60,1.0,3350,2684250.5,1252286.0,441.0
9315,120,4.0,1910,2647941.25,1248792.25,148.0
9316,95,4.0,1910,2578311.5,1182885.375,277.0
9317,63,2.0,1260,2577525.5,1182779.75,238.0
9318,91,3.0,1800,2557314.5,1167635.25,3.0
9319,80,3.0,1650,2714576.5,1101035.5,51.0
9320,124,4.0,2500,2749943.25,1264010.125,41.0
9321,60,3.0,1350,2594892.75,1236213.25,8.0
9322,120,4.0,2940,2513907.0,1149765.0,37.0
9323,69,3.0,1630,2749512.0,1186473.875,92.0
9324,78,3.0,1916,2652129.5,1249818.375,9.0
9325,108,5.0,1660,2579734.5,1184139.75,116.0
9326,42,2.0,890,2552516.25,1215644.375,12.0
9327,85,2.0,2695,2682720.75,1241429.75,189.0
9328,79,4.0,1400,2607035.75,1228676.875,102.0
9329,100,3.0,1250,2623488.0,1248560.875,11.0
9330,47,1.0,1320,2753774.75,1226376.25,101.0
9332,38,1.0,1460,2665421.0,1259092.0,
9333,65,3.0,1165,2741387.75,1253509.125,116.0
9334,75,4.0,1000,2739039.25,1249067.375,88.0
9336,139,5.0,1950,2668139.75,1244294.0,153.0
9337,200,6.0,6500,2499321.25,1120137.25,
9338,38,1.0,1884,2682294.75,1247995.375,332.0
9339,114,4.0,2120,2745576.0,1269936.0,219.0
9341,60,3.0,2025,2499313.0,1119031.25,566.0
9342,90,3.0,1930,2571694.75,1174539.625,
9343,80,4.0,2874,2505673.75,1120852.125,3.0
9344,73,3.0,3825,2681569.75,1247078.5,303.0
9345,14,1.0,900,2700761.5,1257209.625,53.0
9346,70,3.0,1350,2574347.25,1212762.5,128.0
9347,80,2.0,1820,2612529.5,1266143.5,77.0
9348,60,3.0,1250,2689218.75,1285203.625,15.0
9349,120,3.0,3480,2607029.5,1272113.875,
9351,108,4.0,1850,2665617.75,1256619.625,67.0
9352,125,4.0,2400,2663253.0,1260460.5,26.0
9353,112,4.0,2590,2721555.25,1256598.125,49.0
9354,95,4.0,2650,2679616.25,1247929.5,93.0
9355,76,2.0,1800,2667101.0,1255372.0,37.0
9356,67,3.0,1610,2576778.0,1184763.125,85.0
9357,84,3.0,1400,2720729.0,1096698.875,
9358,63,1.0,1900,2610269.0,1267858.25,222.0
9359,50,2.0,750,2552419.0,1216385.625,116.0
9360,65,3.0,1200,2745586.5,1253796.125,123.0
9361,135,4.0,2700,2699224.0,1110865.0,11.0
9362,42,1.0,1000,2601569.0,1127256.75,3.0
9363,76,3.0,1850,2539548.25,1153812.375,54.0
9364,145,5.0,3950,2545051.5,1148977.875,57.0
9365,86,4.0,1550,2642711.25,1260948.125,101.0
9366,102,3.0,1680,2600972.25,1207911.375,76.0
9367,97,3.0,2990,2604138.75,1187428.875,3.0
9368,61,2.0,1170,2754728.0,1260697.5,121.0
9369,100,3.0,3015,2706096.0,1253104.375,32.0
9370,101,6.0,4801,2500614.25,1118652.25,483.0
9371,58,2.0,750,2552857.75,1216895.5,96.0
9372,49,2.0,1800,2609899.5,1267809.125,359.0
9373,31,1.0,2000,2609739.5,1266570.625,91.0
9375,80,4.0,700,2547971.75,1212412.75,69.0
9376,42,2.0,950,2595660.25,1226227.0,198.0
9377,86,3.0,1580,2716047.0,1093573.625,79.0
9378,49,2.0,1105,2554431.5,1218203.25,81.0
9379,70,3.0,950,2620204.5,1237446.5,31.0
9380,75,3.0,1600,2538537.25,1181743.0,107.0
9381,80,3.0,2765,2681690.0,1246750.75,205.0
9382,83,4.0,1850,2731059.75,1278001.875,109.0
9383,54,2.0,850,2553860.5,1216979.125,79.0
9384,52,3.0,1700,2695619.5,1203974.5,
9385,105,3.0,1800,2716056.25,1093597.75,79.0
9386,64,3.0,920,2552223.25,1216117.125,238.0
9387,60,3.0,1300,2664491.0,1213481.0,38.0
9388,74,3.0,1500,2618454.75,1263194.875,242.0
9389,71,3.0,1310,2587922.5,1219059.125,42.0
9391,80,3.0,1240,2585944.5,1219457.625,102.0
9392,82,3.0,1600,2613069.5,1269067.125,155.0
9393,84,3.0,1000,2553499.25,1216890.625,132.0
9395,51,2.0,1454,2716391.0,1096422.5,339.0
9396,100,2.0,2280,2538690.5,1152154.25,115.0
9397,55,2.0,1045,2552857.0,1216221.0,114.0
9398,59,2.0,1100,2553044.75,1216690.5,157.0
9399,108,4.0,2725,2537992.75,1155822.625,38.0
9400,80,4.0,1350,2606799.75,1229000.0,10.0
9401,93,4.0,1590,2696960.25,1261923.75,21.0
9402,77,3.0,1240,2746747.5,1255486.0,107.0
9403,56,2.0,1620,2560333.25,1204228.25,94.0
9404,93,3.0,1400,2721452.5,1115056.5,117.0
9407,83,4.0,1125,2614096.5,1197230.75,40.0
9408,123,4.0,4000,2665878.5,1211380.75,48.0
9409,68,3.0,1150,2553813.75,1218139.75,108.0
9410,84,4.0,1390,2730212.5,1278841.375,135.0
9411,40,1.0,2910,2683164.0,1248676.125,66.0
9412,48,2.0,2850,2683501.0,1252136.375,227.0
9413,165,6.0,1790,2747810.0,1257671.875,117.0
9414,61,3.0,1900,2501899.5,1117363.0,390.0
9415,85,3.0,2100,2599899.5,1198669.75,137.0
9416,42,1.0,800,2661461.5,1269606.375,69.0
9417,39,1.0,2385,2678743.75,1248984.875,193.0
9418,75,3.0,1368,2648893.25,1246506.75,155.0
9419,93,3.0,2900,2687587.75,1234773.875,38.0
9421,105,4.0,3805,2682553.0,1250703.625,271.0
9422,95,,1100,2563634.75,1213478.0,27.0
9423,71,3.0,800,2553985.5,1217134.25,97.0
9424,106,4.0,1450,2567014.5,1234499.125,18.0
9425,77,3.0,990,2723885.0,1077301.875,97.0
9426,60,2.0,1700,2692590.25,1267573.0,33.0
9427,34,2.0,1000,2754375.75,1260574.125,141.0
9428,25,1.0,1000,2604397.25,1106847.0,26.0
9429,93,4.0,1190,2622886.25,1229036.125,15.0
9430,71,4.0,995,2556028.5,1206595.5,13.0
9431,41,2.0,1280,2576778.0,1184763.125,85.0
9432,22,1.0,1950,2499873.75,1118821.875,16.0
9433,140,5.0,5500,2499313.0,1119031.25,566.0
9435,89,4.0,1640,2657067.25,1258525.0,180.0
9436,120,3.0,1460,2608202.25,1190118.75,
9437,70,3.0,800,2566936.5,1234385.25,46.0
9438,60,3.0,1250,2690459.0,1283426.0,92.0
9439,146,5.0,2550,2571792.75,1161790.25,153.0
9440,50,2.0,690,2553442.0,1216836.0,132.0
9441,90,3.0,1250,2555599.75,1200769.75,12.0
9444,50,2.0,770,2724144.5,1077211.125,
9445,143,5.0,3890,2696771.5,1262032.875,287.0
9446,29,1.0,790,2743407.75,1252041.75,28.0
9448,25,1.0,680,2555343.5,1200208.375,169.0
9449,89,2.0,2450,2536350.25,1152615.0,215.0
9451,96,3.0,1970,2614029.75,1265243.625,126.0
9452,46,2.0,1800,2538013.5,1153414.75,496.0
9453,90,3.0,1770,2754180.25,1260071.5,133.0
9454,74,3.0,2150,2661501.75,1194917.625,38.0
9456,38,2.0,1070,2722001.0,1116806.0,29.0
9457,54,2.0,4500,2682189.25,1246234.125,186.0
9458,70,2.0,2850,2700176.0,1259471.5,127.0
9460,45,2.0,990,2731070.0,1253086.625,94.0
9461,80,3.0,2040,2717238.25,1096794.125,162.0
9462,58,2.0,1175,2738818.5,1250036.0,133.0
9463,53,3.0,1150,2736413.75,1252219.625,3.0
9464,71,3.0,1200,2577096.25,1184890.5,105.0
9465,92,2.0,4960,2681786.5,1246059.375,249.0
9467,75,3.0,950,2723997.5,1076896.625,9.0
9468,19,1.0,740,2561284.5,1204625.625,170.0
9469,82,4.0,1010,2554057.0,1217180.625,100.0
9470,60,2.0,880,2554707.25,1217310.375,182.0
9471,51,2.0,1070,2632448.5,1243245.75,76.0
9472,125,2.0,5730,2684154.25,1246567.75,106.0
9473,28,1.0,1150,2541399.75,1150701.625,119.0
9474,80,2.0,2600,2683530.75,1252940.75,109.0
9475,29,1.0,790,2743407.75,1252041.75,28.0
9476,54,2.0,1400,2610307.0,1265896.875,162.0
9477,72,4.0,1300,2566794.75,1222430.25,123.0
9478,86,1.0,1580,2689697.25,1283673.0,80.0
9479,72,3.0,2000,2695993.5,1246290.5,42.0
9480,48,2.0,944,2539308.75,1153739.0,128.0
9481,119,4.0,2350,2647972.0,1248759.875,148.0
9482,145,3.0,2610,2555844.5,1136850.125,48.0
9483,61,2.0,2260,2507267.0,1137620.625,310.0
9484,106,5.0,1990,2575488.0,1182153.375,125.0
9486,33,1.0,950,2727028.25,1254650.625,59.0
9487,75,3.0,1420,2766604.5,1257429.75,132.0
9488,98,3.0,2400,2719699.25,1100738.5,51.0
9489,65,3.0,1100,2636906.0,1236381.125,18.0
9490,89,3.0,1880,2742587.75,1252388.75,115.0
9491,49,1.0,760,2748285.5,1254593.375,51.0
9492,63,3.0,981,2586118.75,1221640.5,81.0
9493,104,3.0,1649,2752369.75,1175471.375,50.0
9494,78,4.0,1700,2728426.0,1255255.5,18.0
9495,58,2.0,2750,2683038.25,1249625.375,165.0
9496,47,1.0,1190,2753959.0,1226138.875,10.0
9497,85,3.0,1550,2626352.0,1241044.75,88.0
9498,120,3.0,2700,2691450.0,1236131.0,90.0
9499,55,3.0,1904,2495691.25,1120208.25,
9500,95,4.0,1120,2614932.0,1233895.125,8.0
9501,55,2.0,1310,2643077.0,1130490.0,184.0
9502,85,2.0,1770,2711033.25,1267935.5,26.0
9503,51,2.0,760,2552807.5,1216357.125,66.0
9504,78,3.0,1525,2613930.75,1266440.25,82.0
9505,79,2.0,1730,2710051.75,1268665.375,56.0
9506,51,2.0,770,2554182.0,1217171.125,147.0
9508,58,2.0,1350,2609811.25,1267774.875,253.0
9509,100,4.0,3500,2542692.25,1151895.375,61.0
9510,75,4.0,1790,2622720.25,1172358.0,20.0
9511,62,2.0,1940,2539721.75,1154410.375,358.0
9512,75,3.0,1590,2612646.75,1263592.75,85.0
9513,85,3.0,1700,2539298.25,1180217.375,69.0
9514,98,3.0,1620,2626637.25,1226751.625,70.0
9515,80,3.0,2490,2611587.0,1270470.375,20.0
9516,95,4.0,2680,2498257.75,1119194.375,81.0
9517,89,3.0,1480,2622743.25,1259556.125,66.0
9518,77,3.0,2160,2665296.75,1211668.125,251.0
9519,34,1.0,700,2592946.25,1119931.75,124.0
9520,34,2.0,1600,2723572.0,1121439.875,
9521,80,4.0,3200,2498989.5,1113634.875,160.0
9522,65,2.0,1340,2631231.75,1237447.375,3.0
9523,61,3.0,1500,2613019.75,1263830.125,41.0
9524,124,4.0,2080,2634050.75,1126929.0,93.0
9525,30,1.0,790,2753137.0,1260372.25,87.0
9528,60,2.0,960,2656273.25,1233026.125,82.0
9529,65,2.0,1350,2715930.75,1096086.625,53.0
9530,60,1.0,1150,2765660.0,1258252.5,47.0
9531,96,3.0,1600,2740337.25,1268252.5,35.0
9532,27,1.0,691,2577365.5,1184471.25,120.0
9533,82,2.0,1730,2710005.75,1114909.625,68.0
9534,77,3.0,2100,2539070.0,1151260.0,32.0
9535,62,2.0,2510,2683571.75,1252907.125,109.0
9536,53,2.0,1590,2600358.5,1199736.375,21.0
9537,57,3.0,2600,2502028.25,1126949.5,3.0
9538,53,2.0,1010,2552850.25,1215940.375,48.0
9539,112,5.0,900,2611725.75,1119027.75,6.0
9541,94,2.0,2360,2692356.75,1231855.625,67.0
9542,124,5.0,4080,2705558.0,1230777.0,61.0
9543,48,2.0,3390,2681417.0,1247623.875,250.0
9544,50,2.0,1470,2535840.25,1153319.375,
9545,102,4.0,1590,2562070.25,1185211.0,64.0
9546,64,2.0,1600,2621062.0,1261183.875,267.0
9547,68,3.0,1310,2624808.75,1266419.5,227.0
9548,88,4.0,1800,2534242.75,1153951.5,159.0
9549,95,4.0,2030,2578283.75,1180553.875,
9550,55,1.0,1040,2598271.25,1252940.75,36.0
9551,107,4.0,2075,2718395.75,1098039.75,201.0
9552,87,2.0,1800,2612538.75,1262861.625,111.0
9553,82,3.0,1560,2609602.75,1267856.0,199.0
9554,67,3.0,1984,2539285.5,1153382.75,71.0
9555,53,2.0,1510,2506319.25,1138000.5,80.0
9556,94,4.0,1000,2573815.25,1230329.0,32.0
9557,70,3.0,1180,2724124.5,1078845.75,24.0
9558,98,4.0,2100,2539535.75,1154279.5,144.0
9560,110,4.0,1490,2571607.5,1154277.75,22.0
9561,57,2.0,1805,2665956.0,1211738.375,68.0
9563,34,1.0,1110,2610262.5,1267814.75,222.0
9564,50,3.0,905,2572660.75,1251603.625,101.0
9565,58,1.0,1050,2760398.25,1259568.75,36.0
9566,115,4.0,2680,2538702.75,1152184.875,92.0
9567,99,4.0,2190,2578337.0,1180511.875,
9568,183,4.0,1460,2664160.5,1270660.75,57.0
9569,131,3.0,1230,2553451.75,1216779.0,105.0
9570,42,2.0,900,2567534.0,1132573.0,43.0
9571,70,3.0,700,2593976.25,1236228.0,94.0
9572,36,1.0,2025,2689005.25,1250102.0,45.0
9573,85,4.0,2699,2683779.75,1251125.125,180.0
9574,55,3.0,2020,2501410.0,1115208.625,
9575,62,2.0,2375,2678257.0,1249010.75,207.0
9576,73,3.0,1280,2560889.75,1158156.375,45.0
9577,89,3.0,1950,2671994.75,1248928.75,145.0
9578,80,3.0,1200,2717865.25,1080569.0,
9579,41,2.0,1140,2716790.0,1095188.0,6.0
9580,47,1.0,1999,2667436.25,1251296.125,50.0
9581,65,3.0,1320,2756460.5,1214464.0,
9582,93,3.0,1600,2571371.5,1163988.375,205.0
9583,41,2.0,1300,2576778.0,1184763.125,85.0
9584,87,4.0,1790,2627918.25,1257003.5,75.0
9585,171,5.0,3550,2671649.25,1243183.25,77.0
9586,70,4.0,1050,2570462.25,1257291.0,17.0
9587,51,1.0,1710,2607029.5,1272113.875,
9588,88,4.0,1225,2626466.5,1227004.625,4.0
9589,32,1.0,1420,2533761.25,1155630.5,130.0
9590,104,3.0,2580,2644311.5,1261839.5,61.0
9593,62,2.0,1340,2660914.0,1238249.0,15.0
9594,80,4.0,3800,2500561.5,1118405.5,115.0
9595,45,2.0,1200,2718564.25,1097302.875,83.0
9596,61,3.0,1080,2553114.5,1217055.625,139.0
9597,68,3.0,1300,2600174.25,1200852.875,64.0
9598,90,4.0,2000,2676178.0,1260680.375,131.0
9599,98,4.0,2800,2589467.5,1119402.5,29.0
9600,30,1.0,900,2611781.5,1265556.25,309.0
9601,90,3.0,1050,2544301.25,1213316.25,11.0
9602,74,2.0,1610,2553083.25,1216460.0,140.0
9603,26,1.0,850,2596643.5,1227283.125,171.0
9604,43,2.0,1310,2576778.0,1184763.125,85.0
9606,76,3.0,1660,2560042.25,1204345.625,52.0
9607,79,4.0,1750,2577940.0,1182997.125,76.0
9608,50,2.0,700,2572176.75,1251938.625,22.0
9609,52,2.0,1000,2738907.5,1249905.5,44.0
9610,72,2.0,1701,2604203.25,1207700.375,35.0
9611,79,3.0,1280,2596546.75,1227033.875,36.0
9613,80,2.0,700,2549308.0,1210904.0,
9614,111,4.0,1600,2754810.5,1260579.75,88.0
9615,105,4.0,2600,2603020.75,1198323.5,4.0
9616,45,2.0,1200,2643941.5,1132069.375,28.0
9617,61,2.0,1300,2626019.5,1230114.375,68.0
9618,85,3.0,2200,2634869.0,1241986.375,32.0
9619,101,3.0,2000,2756774.5,1207722.125,62.0
9620,66,2.0,3260,2682558.25,1246428.5,34.0
9622,41,1.0,1100,2665439.75,1258807.75,
9623,107,4.0,1950,2590662.75,1213847.875,99.0
9624,76,3.0,1641,2597573.25,1227456.25,116.0
9625,120,4.0,1250,2721809.5,1241983.75,11.0
9626,89,4.0,2260,2704591.0,1242947.0,170.0
9627,95,4.0,1995,2625540.0,1199264.0,70.0
9628,75,3.0,1311,2561030.25,1184963.125,344.0
9629,145,5.0,3000,2716965.25,1095416.375,42.0
9630,55,2.0,1600,2530557.0,1174845.875,37.0
9631,51,2.0,1545,2535906.25,1153554.375,91.0
9632,75,3.0,1180,2559558.25,1207347.375,73.0
9633,86,3.0,1680,2688608.25,1281804.0,46.0
9634,155,3.0,5000,2701467.0,1228591.375,40.0
9635,54,1.0,3450,2680497.25,1246232.875,85.0
9636,30,1.0,890,2611865.5,1267657.375,325.0
9637,112,5.0,2035,2614712.25,1212489.75,133.0
9638,96,4.0,1830,2626301.75,1229296.625,28.0
9639,72,2.0,1710,2636630.5,1240540.375,173.0
9640,94,2.0,2110,2692356.75,1231855.625,67.0
9641,111,4.0,1909,2609417.25,1215526.0,65.0
9642,39,5.0,1350,2585541.5,1219541.5,64.0
9643,50,1.0,2630,2682884.25,1248371.25,211.0
9644,92,4.0,1590,2595534.25,1199811.125,181.0
9645,75,2.0,790,2724413.0,1243331.0,53.0
9647,145,4.0,1830,2721696.0,1115051.375,141.0
9648,100,4.0,3950,2499313.0,1119031.25,566.0
9649,105,4.0,1400,2568089.0,1181730.75,42.0
9650,70,3.0,1298,2606470.25,1229079.375,73.0
9651,75,3.0,990,2723451.25,1247289.0,24.0
9652,110,4.0,900,2717402.5,1096632.25,79.0
9653,66,3.0,800,2732666.25,1265076.875,29.0
9654,40,1.0,950,2718397.25,1099263.5,101.0
9655,69,3.0,1090,2553661.25,1217418.75,64.0
9656,55,3.0,2380,2498358.25,1115905.375,
9657,115,4.0,2300,2579669.75,1184230.125,92.0
9658,104,3.0,1900,2690117.25,1283467.625,153.0
9659,24,1.0,775,2579838.5,1185009.0,132.0
9660,64,3.0,1290,2727568.0,1236339.0,9.0
9661,67,3.0,1440,2614489.25,1268809.0,181.0
9662,98,3.0,5000,2687920.0,1221350.625,43.0
9663,512,,770,2554313.5,1217377.875,59.0
9664,72,2.0,1050,2723663.5,1077426.0,132.0
9665,15,1.0,780,2721976.0,1258780.125,63.0
9666,100,3.0,1050,2724025.75,1206257.125,74.0
9667,85,3.0,1200,2705595.25,1114290.0,3.0
9668,176,6.0,1489,2622215.0,1259433.375,55.0
9669,72,3.0,1640,2610097.75,1264726.375,194.0
9670,72,3.0,750,2548703.75,1212908.875,3.0
9671,45,2.0,1090,2604880.0,1231039.125,70.0
9672,102,4.0,3200,2686585.0,1263446.0,14.0
9673,71,2.0,1280,2616788.25,1225562.125,37.0
9674,101,3.0,885,2567152.5,1249352.125,8.0
9675,52,3.0,2380,2499194.25,1130072.875,27.0
9676,75,3.0,1578,2751734.5,1212663.875,104.0
9677,149,6.0,6680,2500791.5,1117290.125,77.0
9680,95,4.0,3500,2701238.75,1228748.875,19.0
9681,67,2.0,1435,2607743.75,1200245.0,62.0
9682,81,3.0,1650,2611679.25,1259869.25,105.0
9683,87,3.0,1400,2576979.5,1184716.0,3.0
9684,28,1.0,900,2611866.25,1265618.875,133.0
9685,110,4.0,1580,2551755.0,1168980.0,
9686,64,3.0,1050,2544301.25,1213316.25,11.0
9687,50,1.0,770,2724083.0,1077266.25,41.0
9688,86,3.0,2550,2531589.25,1151667.5,30.0
9689,78,2.0,2999,2690366.25,1238844.625,
9690,60,3.0,2700,2498352.75,1118165.25,118.0
9691,80,3.0,1190,2723195.75,1077528.0,79.0
9692,112,3.0,2620,2721555.25,1256598.125,49.0
9693,80,2.0,2090,2672159.25,1251318.25,169.0
9694,22,1.0,700,2579302.25,1183659.125,210.0
9695,89,3.0,2530,2683220.75,1252137.875,200.0
9696,30,1.0,750,2720383.25,1080997.5,82.0
9698,115,4.0,2155,2667247.5,1255916.125,183.0
9699,89,4.0,1825,2588811.0,1119114.875,17.0
9700,86,4.0,2900,2543287.0,1157091.0,101.0
9701,167,4.0,2230,2705635.5,1279782.5,33.0
9702,30,1.0,2190,2681446.25,1247063.125,139.0
9703,68,3.0,1661,2679710.25,1251235.875,32.0
9704,103,4.0,2063,2554454.5,1189016.25,3.0
9705,73,3.0,1550,2570830.25,1162504.25,69.0
9706,98,3.0,2380,2538866.75,1155101.0,12.0
9707,83,5.0,2380,2744712.75,1253919.5,75.0
9708,118,4.0,3500,2626248.0,1095797.0,
9709,106,4.0,1750,2728149.0,1256176.875,115.0
9710,70,2.0,2320,2681248.25,1247144.875,149.0
9711,120,4.0,6500,2500768.25,1117012.75,60.0
9712,93,3.0,1525,2594116.75,1235055.375,
9713,66,3.0,1535,2745921.75,1255227.125,38.0
9714,81,2.0,2095,2706096.0,1253104.375,32.0
9715,92,3.0,1700,2726949.5,1265669.875,7.0
9716,90,4.0,850,2546983.25,1211953.75,30.0
9717,51,2.0,1018,2561803.75,1185367.5,102.0
9718,28,1.0,830,2635446.5,1243807.5,164.0
9719,53,2.0,1110,2586213.25,1219397.0,108.0
9720,108,4.0,3490,2602430.5,1201950.375,3.0
9721,98,3.0,1975,2539854.5,1154744.125,5.0
9722,63,2.0,1280,2722520.75,1117526.125,123.0
9723,100,3.0,2049,2558030.75,1143278.75,3.0
9724,133,4.0,2330,2722498.75,1116934.375,35.0
9725,59,1.0,1230,2669705.5,1238606.125,24.0
9726,96,4.0,1530,2619610.0,1226594.75,108.0
9727,76,3.0,1345,2610209.25,1224237.75,43.0
9728,38,1.0,1490,2534802.25,1158534.0,13.0
9729,62,2.0,2140,2687070.5,1234808.125,239.0
9730,76,3.0,1795,2609358.25,1266259.75,121.0
9731,101,4.0,1490,2547229.75,1211851.0,101.0
9732,94,4.0,1450,2748244.0,1256326.75,97.0
9733,41,2.0,822,2552843.5,1216881.375,96.0
9734,28,1.0,600,2584530.5,1219387.125,44.0
9736,57,2.0,1385,2709702.5,1261233.625,59.0
9737,90,4.0,1300,2586390.5,1220410.375,29.0
9738,95,4.0,1550,2555917.75,1215276.875,
9739,116,4.0,2820,2534702.0,1155449.0,129.0
9740,72,3.0,1450,2720014.25,1080941.0,27.0
9741,104,4.0,1830,2638408.0,1234587.625,98.0
9742,37,1.0,940,2510735.0,1164121.5,5.0
9743,28,1.0,810,2611934.25,1265499.625,226.0
9744,93,3.0,2240,2662907.0,1209624.5,63.0
9745,60,3.0,1200,2625994.75,1139973.0,
9746,82,2.0,1590,2709395.0,1267948.5,77.0
9747,95,4.0,1350,2559044.0,1212093.125,67.0
9748,55,3.0,1490,2551116.5,1137812.125,53.0
9749,88,3.0,1679,2580374.0,1183918.0,40.0
9750,58,2.0,910,2733653.5,1231669.25,30.0
9751,58,2.0,2300,2682562.75,1244113.625,41.0
9752,77,4.0,820,2553984.0,1217185.0,97.0
9753,31,1.0,950,2555816.75,1201702.25,27.0
9754,80,3.0,1345,2761286.25,1260496.375,9.0
9755,80,3.0,2300,2537209.75,1153511.25,142.0
9756,64,2.0,1260,2745873.75,1254064.25,27.0
9757,109,3.0,1690,2755326.25,1221494.625,62.0
9758,45,2.0,1190,2607487.0,1228529.625,124.0
9759,125,3.0,3680,2517907.75,1148348.5,73.0
9760,60,3.0,2312,2499758.25,1117437.125,195.0
9761,80,3.0,1190,2726123.25,1269832.75,89.0
9762,82,3.0,1900,2577182.25,1184719.875,52.0
9763,50,2.0,1090,2563045.5,1130081.375,156.0
9764,20,1.0,950,2611565.0,1268070.75,169.0
9765,106,4.0,1490,2610950.75,1215472.0,27.0
9766,88,3.0,1900,2680028.5,1267728.0,112.0
9767,65,3.0,1460,2560521.5,1205001.0,99.0
9768,55,2.0,1100,2753952.75,1225176.25,28.0
9769,70,3.0,1670,2704499.25,1231484.375,49.0
9770,47,2.0,1090,2761090.25,1254294.125,11.0
9771,27,1.0,691,2577365.5,1184471.25,120.0
9773,130,4.0,2000,2618076.5,1127274.0,
9774,61,2.0,1470,2656600.25,1240777.125,13.0
9775,25,1.0,790,2709123.5,1096322.0,7.0
9776,63,3.0,880,2588508.75,1231779.625,9.0
9777,54,2.0,1420,2578374.75,1180533.625,
9778,121,3.0,2270,2722260.25,1117964.5,44.0
9779,125,6.0,4020,2499206.5,1119187.875,203.0
9780,121,5.0,1965,2657810.25,1261488.5,
9781,63,3.0,2190,2535850.0,1153300.0,
9782,90,3.0,1500,2597324.25,1226984.75,78.0
9783,50,1.0,1490,2612349.75,1268224.625,178.0
9784,95,2.0,1385,2752047.75,1227601.5,29.0
9785,120,6.0,1600,2585485.75,1226802.5,38.0
9786,103,2.0,1745,2613065.25,1267170.375,160.0
9787,69,2.0,1700,2715954.25,1098197.125,25.0
9788,114,4.0,1680,2518455.0,1173855.0,38.0
9790,64,3.0,1200,2584925.0,1194306.75,26.0
9793,115,4.0,1690,2748614.5,1256504.625,203.0
9794,108,3.0,1955,2646363.5,1267589.5,87.0
9795,95,3.0,2160,2604662.75,1198819.25,54.0
9796,48,2.0,1631,2538254.5,1152976.25,217.0
9797,70,2.0,1680,2715811.5,1233765.5,34.0
9798,80,3.0,7714,2602342.25,1128603.75,
9799,200,7.0,7200,2498352.75,1118165.25,118.0
9800,77,3.0,1460,2609302.0,1267387.375,88.0
9801,105,5.0,4400,2498358.25,1115905.375,
9802,105,3.0,4310,2681637.75,1246490.5,308.0
9804,128,3.0,5540,2684412.5,1248745.5,80.0
9805,126,4.0,2680,2611685.5,1265945.875,141.0
9806,73,2.0,3040,2686335.5,1241526.75,20.0
9807,70,3.0,3910,2683825.25,1248666.75,129.0
9808,94,3.0,3210,2685807.5,1254057.875,45.0
9811,120,3.0,3600,2685963.25,1253457.125,32.0
9812,76,4.0,1850,2609433.25,1268440.5,155.0
9813,90,3.0,2950,2537986.5,1153209.75,67.0
9814,75,2.0,2865,2679086.25,1247394.625,95.0
9815,32,1.0,1256,2530608.5,1151901.125,132.0
9816,41,2.0,1290,2688060.5,1234915.875,89.0
9818,89,3.0,2300,2707360.0,1115100.25,39.0
9819,54,2.0,1700,2608105.75,1267036.625,108.0
9820,250,6.0,5900,2639055.75,1266849.5,
9821,77,3.0,1400,2720747.25,1252311.875,25.0
9822,80,3.0,1250,2598274.0,1229069.625,
9824,185,1.0,1755,2634549.75,1240286.625,
9825,104,4.0,2575,2676346.5,1239526.75,65.0
9826,45,2.0,1330,2601458.5,1204535.5,145.0
9827,87,4.0,1550,2646301.25,1247934.25,18.0
9828,44,1.0,1950,2498271.5,1120732.0,159.0
9829,158,4.0,2850,2606620.75,1254081.75,4.0
9830,84,4.0,1510,2630487.0,1267844.0,15.0
9831,324,4.0,1900,2746006.25,1254976.625,53.0
9832,96,3.0,1500,2592952.25,1246069.375,108.0
9834,14,1.0,1143,2499044.25,1117463.875,384.0
9835,62,3.0,1505,2697173.5,1244267.375,92.0
9836,80,2.0,1150,2733545.0,1267288.0,17.0
9837,122,4.0,1663,2612745.25,1266942.875,101.0
9838,34,2.0,1000,2589137.0,1115162.0,27.0
9839,19,1.0,950,2566561.0,1118875.0,90.0
9840,91,4.0,1650,2712603.5,1236054.75,58.0
9842,80,2.0,1850,2700178.0,1259421.125,127.0
9844,60,3.0,3500,2701634.5,1228498.75,83.0
9845,49,2.0,1380,2716914.25,1096364.875,49.0
9846,83,4.0,1420,2553258.75,1216183.0,38.0
9847,66,3.0,1653,2608174.75,1267029.5,108.0
9848,38,2.0,1125,2750423.75,1264686.75,102.0
9849,81,3.0,1910,2661467.0,1269545.5,38.0
9850,78,3.0,1300,2746844.0,1258254.125,123.0
9851,79,3.0,1780,2734489.5,1181722.5,35.0
9852,107,4.0,2250,2661292.25,1240347.625,68.0
9856,105,4.0,1880,2578391.5,1182753.875,137.0
9857,68,3.0,1800,2555451.0,1136393.25,
9858,58,2.0,1215,2562315.5,1129481.75,
9859,30,1.0,885,2654394.75,1258964.375,3.0
9861,60,3.0,1680,2499251.75,1119528.375,237.0
9864,90,3.0,1200,2716790.0,1095188.0,6.0
9865,70,3.0,1200,2643097.75,1225842.0,34.0
9866,77,3.0,1390,2760750.0,1259360.5,94.0
9867,45,2.0,890,2586342.5,1220663.125,113.0
9868,52,2.0,1750,2531020.0,1153000.0,20.0
9870,47,1.0,800,2745651.0,1268994.0,41.0
9871,115,4.0,1700,2558280.25,1203896.5,60.0
9872,61,3.0,650,2547496.25,1211886.75,96.0
9874,25,1.0,1425,2538457.0,1181577.375,78.0
9875,49,1.0,950,2703043.75,1112798.25,130.0
9876,65,3.0,850,2566641.0,1222518.5,109.0
9877,74,1.0,1375,2575433.75,1196827.75,105.0
9878,200,5.0,7490,2662020.75,1194176.375,
9879,67,2.0,1760,2611324.0,1267036.125,30.0
9881,197,8.0,5570,2610889.5,1268326.375,98.0
9882,115,4.0,2605,2667247.5,1255916.125,183.0
9883,67,3.0,1350,2596477.25,1199693.25,97.0
9884,65,3.0,1300,2740250.75,1268421.125,19.0
9885,91,3.0,1720,2731495.25,1277893.875,87.0
9886,56,2.0,1300,2717475.75,1096618.0,79.0
9887,48,2.0,700,2592727.5,1245986.5,11.0
9888,67,3.0,1390,2596819.75,1226973.375,185.0
9889,100,4.0,1650,2722067.0,1258244.75,112.0
9890,23,1.0,1790,2682210.25,1256280.875,102.0
9891,110,4.0,1850,2569166.0,1180615.625,18.0
9892,97,4.0,1710,2576145.0,1197573.25,143.0
9894,113,4.0,2620,2613459.5,1264268.75,
9895,80,3.0,1250,2716315.0,1093936.375,130.0
9896,100,3.0,3000,2543390.0,1151950.0,35.0
9898,105,4.0,1860,2715474.0,1252866.75,7.0
9899,86,3.0,1600,2558004.75,1153086.0,83.0
9900,88,3.0,1715,2623815.25,1258468.0,90.0
9901,61,3.0,770,2553060.75,1217004.125,70.0
9902,150,3.0,3000,2500384.25,1118416.5,384.0
9903,123,5.0,2390,2749137.0,1255477.625,102.0
9905,61,2.0,1600,2734844.75,1182120.625,73.0
9906,96,4.0,900,2547859.5,1212243.0,62.0
9907,86,3.0,1780,2716121.0,1093523.25,80.0
9908,75,3.0,1310,2715967.75,1098247.625,147.0
9909,45,2.0,1170,2707577.0,1115944.0,3.0
9910,104,3.0,2000,2667326.5,1255860.125,61.0
9911,103,4.0,1620,2571447.5,1179758.625,35.0
9912,80,3.0,1622,2644233.25,1242705.75,23.0
9914,94,3.0,1330,2702496.5,1113407.5,47.0
9915,41,1.0,800,2547511.75,1211939.875,118.0
9916,25,1.0,1150,2696734.75,1262096.75,287.0
9917,100,4.0,1790,2718827.75,1097444.25,28.0
9918,78,2.0,1450,2710801.5,1260411.75,116.0
9919,30,1.0,2500,2681067.0,1249932.0,80.0
9920,82,3.0,2020,2622630.5,1259673.0,12.0
9921,79,2.0,2950,2687797.25,1245381.75,47.0
9922,67,2.0,2400,2611587.0,1270470.375,20.0
9923,100,3.0,1940,2652300.0,1267473.625,9.0
9924,84,3.0,2380,2673017.75,1250690.375,167.0
9925,82,4.0,1300,2690305.25,1282970.75,36.0
9926,50,2.0,1300,2716517.75,1096476.375,100.0
9927,65,3.0,1550,2717713.25,1097553.125,204.0
9928,122,5.0,1500,2610821.5,1268775.125,171.0
9929,78,3.0,970,2553748.5,1217360.875,136.0
9930,59,2.0,1420,2609378.25,1268090.75,168.0
9931,71,2.0,1800,2540047.0,1181126.0,
9932,105,4.0,3300,2541863.5,1151657.0,44.0
9934,29,2.0,1220,2744684.0,1253760.875,70.0
9935,43,2.0,980,2721506.0,1222979.0,
9936,98,5.0,1870,2618711.25,1263256.5,102.0
9937,76,3.0,980,2553491.25,1216701.75,105.0
9939,52,2.0,3000,2502328.0,1115485.875,7.0
9940,78,3.0,1730,2760546.5,1259319.625,35.0
9941,32,1.0,1000,2612368.0,1265441.25,214.0
9942,60,3.0,1100,2727677.75,1243479.25,11.0
9943,81,3.0,1750,2601263.75,1207412.125,24.0
9944,90,4.0,900,2538695.75,1197230.875,44.0
9945,49,1.0,3300,2677016.5,1227255.0,4.0
9947,72,3.0,1115,2594791.25,1119949.75,124.0
9949,65,2.0,1230,2718534.25,1098071.5,115.0
9950,53,2.0,2250,2689559.25,1252469.75,84.0
9951,34,2.0,1010,2746075.5,1254641.25,116.0
9952,90,4.0,1490,2645525.75,1246016.75,24.0
9953,88,3.0,2630,2611911.0,1265390.375,164.0
9954,48,3.0,1300,2743044.75,1252496.125,116.0
9956,108,4.0,1130,2553811.0,1217111.875,139.0
9957,71,2.0,1420,2594253.5,1121597.625,8.0
9958,81,3.0,1050,2594429.25,1236713.75,13.0
9959,60,2.0,2280,2536930.25,1153251.875,350.0
9960,70,3.0,1530,2608715.0,1191514.25,94.0
9961,108,4.0,1830,2721994.5,1116275.125,155.0
9962,105,4.0,1780,2627384.25,1257859.375,135.0
9963,75,3.0,1750,2700531.0,1113299.625,26.0
9964,30,1.0,850,2737985.75,1249604.375,9.0
9965,80,3.0,1500,2715843.75,1096509.25,50.0
9966,80,4.0,1490,2659471.75,1272057.375,3.0
9968,98,4.0,2030,2578283.75,1180553.875,
9969,55,2.0,2350,2540316.5,1150847.0,15.0
9970,71,2.0,1670,2721579.5,1258153.625,74.0
9972,36,1.0,800,2593078.75,1245744.75,77.0
9973,20,1.0,1300,2681019.5,1247336.0,245.0
9974,101,4.0,1889,2674668.5,1248722.0,100.0
9975,50,2.0,1345,2536625.0,1153780.0,231.0
9976,94,2.0,2820,2555590.0,1144535.0,57.0
9978,72,3.0,890,2574108.0,1230283.25,59.0
9979,68,2.0,1380,2662546.25,1251827.625,117.0
9980,40,2.0,2400,2599899.5,1198669.75,137.0
9981,90,4.0,1580,2578317.5,1184540.25,
9982,61,3.0,1050,2587803.25,1219456.625,147.0
9983,80,4.0,1800,2603699.5,1200709.0,46.0
9984,103,4.0,2090,2758484.25,1191052.625,142.0
9985,48,2.0,2380,2499033.5,1119793.5,93.0
9987,104,4.0,1610,2761195.0,1251471.625,17.0
9988,35,1.0,1150,2538988.5,1181211.125,86.0
9989,114,3.0,2810,2666121.5,1208356.25,129.0
9990,63,3.0,1580,2673062.25,1220321.0,131.0
9991,90,4.0,1589,2623548.25,1242379.25,59.0
9992,105,2.0,3660,2686898.0,1256475.875,134.0
9993,70,1.0,950,2714415.0,1115569.625,
9994,74,3.0,1380,2716700.75,1096886.875,105.0
9995,65,3.0,1266,2611255.0,1268742.625,219.0
9996,80,3.0,1549,2610035.0,1263397.25,30.0
